Frame_ID,Sensor,Detection_ID,cluster_id,bbox_x1,bbox_y1,bbox_x2,bbox_y2,confidence,center_x,centroid_x,centroid_y,point_count,min_distance,detection_score,bearing_deg
1,CSI,1,,265.724853515625,180.4132080078125,324.8524169921875,237.5557403564453,0.4898150563240051,295.28863525390625,,,,,,-22.382705316310975
1,CSI,2,,490.5831604003906,179.541015625,547.7871704101562,238.24221801757812,0.4773867726325989,519.1851654052734,,,,,,21.304422518102136
1,CSI,3,,326.1650695800781,177.30946350097656,376.2723693847656,239.32957458496094,0.45482802391052246,351.2187194824219,,,,,,-11.469518149771341
1,CSI,4,,435.3266906738281,177.57870483398438,495.78594970703125,239.13540649414062,0.38125666975975037,465.5563201904297,,,,,,10.84025759813262
1,RGB,1,,366.94317626953125,230.0321807861328,445.783203125,308.8911437988281,0.9603942632675171,406.3631896972656,,,,,,9.311031389236451
1,RGB,2,,297.54730224609375,229.33029174804688,368.6701965332031,308.7191467285156,0.9599971771240234,333.10874938964844,,,,,,1.4132870435714722
1,RGB,3,,134.05996704101562,229.72137451171875,219.53167724609375,308.7798767089844,0.9591323733329773,176.7958221435547,,,,,,-15.43920042514801
1,RGB,4,,216.645263671875,229.96316528320312,295.8628234863281,309.0334777832031,0.9531024098396301,256.25404357910156,,,,,,-6.872610926628113
1,RGB,5,,434.7236328125,231.5943603515625,518.6913452148438,308.6574401855469,0.8902398347854614,476.7074890136719,,,,,,16.8950261592865
1,LiDAR,1,1,,,,,,,-3.0479274073846874e-05,14.694587744967182,3,14.638895246814679,0.9,-0.00011884197075549416
1,LiDAR,2,2,,,,,,,0.7540364143100058,6.8299763981179415,1,6.871473532871506,0.4,6.3
1,LiDAR,3,3,,,,,,,1.9694013101485655,14.66233139855207,2,14.793954466124575,0.7,7.65001533382348
1,LiDAR,4,4,,,,,,,0.5010602401787413,3.1635698503719687,1,3.2030041464959886,0.4,9.0
1,LiDAR,5,5,,,,,,,3.782655558554778,14.735755047655315,3,15.139391165026321,0.9,14.396923909196166
1,LiDAR,6,6,,,,,,,-4.1362010483411025,14.666103199831078,2,15.230356729851026,0.7,-15.74975450021323
1,LiDAR,7,7,,,,,,,-2.0906068808441156,14.690444431842545,3,14.779278248264287,0.9,-8.099415216692213
2,CSI,1,,265.77056884765625,180.66122436523438,324.52203369140625,237.4391632080078,0.5404927134513855,295.14630126953125,,,,,,-22.410477801067074
2,CSI,2,,326.9586181640625,177.46206665039062,376.4293212890625,239.52554321289062,0.49114394187927246,351.6939697265625,,,,,,-11.376786394817074
2,CSI,3,,490.4544372558594,179.8817901611328,547.8448486328125,238.28805541992188,0.46514755487442017,519.1496429443359,,,,,,21.29749130621189
2,CSI,4,,435.5782470703125,177.3474884033203,496.0104675292969,239.11767578125,0.38166800141334534,465.7943572998047,,,,,,10.886703863376523
2,RGB,1,,366.89849853515625,230.129150390625,445.7249450683594,308.85638427734375,0.9611169099807739,406.3117218017578,,,,,,9.305482506752014
2,RGB,2,,297.5035400390625,229.2361602783203,368.864990234375,308.662109375,0.9583554863929749,333.18426513671875,,,,,,1.4214285850524901
2,RGB,3,,134.01220703125,229.95407104492188,221.1419219970703,308.8131408691406,0.9573993682861328,177.57706451416016,,,,,,-15.354972732067107
2,RGB,4,,216.42440795898438,230.00413513183594,296.0316162109375,308.8666687011719,0.949124813079834,256.22801208496094,,,,,,-6.875417447090149
2,RGB,5,,435.227783203125,231.65496826171875,518.7430419921875,308.697509765625,0.8840389847755432,476.98541259765625,,,,,,16.924989795684812
2,LiDAR,1,1,,,,,,,-3.0479274073846874e-05,14.694587744967182,3,14.638895246814679,0.9,-0.00011884197075549416
2,LiDAR,2,2,,,,,,,0.7540364143100058,6.8299763981179415,1,6.871473532871506,0.4,6.3
2,LiDAR,3,3,,,,,,,1.9694013101485655,14.66233139855207,2,14.793954466124575,0.7,7.65001533382348
2,LiDAR,4,4,,,,,,,0.5010602401787413,3.1635698503719687,1,3.2030041464959886,0.4,9.0
2,LiDAR,5,5,,,,,,,3.782655558554778,14.735755047655315,3,15.139391165026321,0.9,14.396923909196166
2,LiDAR,6,6,,,,,,,-4.1362010483411025,14.666103199831078,2,15.230356729851026,0.7,-15.74975450021323
2,LiDAR,7,7,,,,,,,-2.0906068808441156,14.690444431842545,3,14.779278248264287,0.9,-8.099415216692213
3,CSI,1,,265.672607421875,180.41163635253906,324.76800537109375,237.4431915283203,0.5139577984809875,295.2203063964844,,,,,,-22.396037776295728
3,CSI,2,,326.2795715332031,177.33595275878906,376.4220886230469,239.52230834960938,0.47841423749923706,351.350830078125,,,,,,-11.443740472560975
3,CSI,3,,490.4064636230469,179.7191925048828,547.8536376953125,238.11434936523438,0.45201361179351807,519.1300506591797,,,,,,21.29366842130335
3,CSI,4,,435.4150390625,177.41773986816406,495.379638671875,239.0864715576172,0.3896056115627289,465.3973388671875,,,,,,10.809236852134145
3,CSI,5,,381.0247802734375,176.7428741455078,436.64984130859375,240.25570678710938,0.25653743743896484,408.8373107910156,,,,,,-0.22686618711890244
3,RGB,1,,367.2335510253906,230.02694702148438,445.50189208984375,308.94970703125,0.9617161154747009,406.3677215576172,,,,,,9.311519980430603
3,RGB,2,,297.5470886230469,229.37747192382812,369.0432434082031,308.6921691894531,0.9587863683700562,333.295166015625,,,,,,1.4333850860595703
3,RGB,3,,134.02015686035156,230.20529174804688,223.47154235839844,308.86944580078125,0.9544470906257629,178.745849609375,,,,,,-15.228963088989257
3,RGB,4,,216.91726684570312,229.97703552246094,295.9853820800781,308.77984619140625,0.9465357661247253,256.4513244628906,,,,,,-6.851341581344604
3,RGB,5,,435.2489929199219,231.62051391601562,518.7021484375,308.71673583984375,0.8858925700187683,476.97557067871094,,,,,,16.92392871379852
3,LiDAR,1,1,,,,,,,-3.0479274073846874e-05,14.694587744967182,3,14.638895246814679,0.9,-0.00011884197075549416
3,LiDAR,2,2,,,,,,,0.7540364143100058,6.8299763981179415,1,6.871473532871506,0.4,6.3
3,LiDAR,3,3,,,,,,,1.9694013101485655,14.66233139855207,2,14.793954466124575,0.7,7.65001533382348
3,LiDAR,4,4,,,,,,,0.5010602401787413,3.1635698503719687,1,3.2030041464959886,0.4,9.0
3,LiDAR,5,5,,,,,,,3.782655558554778,14.735755047655315,3,15.139391165026321,0.9,14.396923909196166
3,LiDAR,6,6,,,,,,,-4.1362010483411025,14.666103199831078,2,15.230356729851026,0.7,-15.74975450021323
3,LiDAR,7,7,,,,,,,-2.0906068808441156,14.690444431842545,3,14.779278248264287,0.9,-8.099415216692213
4,CSI,1,,265.7181701660156,180.32177734375,324.7667541503906,237.3009033203125,0.5161761045455933,295.2424621582031,,,,,,-22.391714700838413
4,CSI,2,,325.95513916015625,177.5185089111328,376.3002624511719,239.78530883789062,0.4919905364513397,351.12770080566406,,,,,,-11.487277891577744
4,CSI,3,,490.299560546875,179.6897735595703,548.0819702148438,238.29197692871094,0.472027063369751,519.1907653808594,,,,,,21.305515196265247
4,CSI,4,,435.50189208984375,177.33555603027344,495.4472351074219,239.10572814941406,0.39971402287483215,465.4745635986328,,,,,,10.824305092416157
4,RGB,1,,367.37530517578125,230.06358337402344,445.41119384765625,308.8714599609375,0.9620313048362732,406.39324951171875,,,,,,9.314272212982178
4,RGB,2,,134.03089904785156,229.9300537109375,221.21365356445312,308.8871765136719,0.9580102562904358,177.62227630615234,,,,,,-15.35009833574295
4,RGB,3,,297.53912353515625,229.3008270263672,369.15185546875,308.6930236816406,0.9577913880348206,333.3454895019531,,,,,,1.4388105869293213
4,RGB,4,,216.78427124023438,230.04087829589844,295.83306884765625,308.8905944824219,0.9515908360481262,256.3086700439453,,,,,,-6.866721510887146
4,RGB,5,,435.5888366699219,231.76611328125,518.69873046875,308.7819519042969,0.8788504004478455,477.14378356933594,,,,,,16.94206416606903
4,LiDAR,1,1,,,,,,,-3.0479274073846874e-05,14.694587744967182,3,14.638895246814679,0.9,-0.00011884197075549416
4,LiDAR,2,2,,,,,,,0.7540364143100058,6.8299763981179415,1,6.871473532871506,0.4,6.3
4,LiDAR,3,3,,,,,,,1.9694013101485655,14.66233139855207,2,14.793954466124575,0.7,7.65001533382348
4,LiDAR,4,4,,,,,,,0.5010602401787413,3.1635698503719687,1,3.2030041464959886,0.4,9.0
4,LiDAR,5,5,,,,,,,3.782655558554778,14.735755047655315,3,15.139391165026321,0.9,14.396923909196166
4,LiDAR,6,6,,,,,,,-4.1362010483411025,14.666103199831078,2,15.230356729851026,0.7,-15.74975450021323
4,LiDAR,7,7,,,,,,,-2.0906068808441156,14.690444431842545,3,14.779278248264287,0.9,-8.099415216692213
5,CSI,1,,265.7587890625,180.4864044189453,324.6441650390625,237.36279296875,0.5264679193496704,295.20147705078125,,,,,,-22.399711794969512
5,CSI,2,,326.42059326171875,177.6264190673828,376.24591064453125,239.45669555664062,0.4824398458003998,351.333251953125,,,,,,-11.447170350609756
5,CSI,3,,490.13629150390625,179.71873474121094,548.1133422851562,238.4250946044922,0.441107839345932,519.1248168945312,,,,,,21.292647198932926
5,CSI,4,,435.180908203125,177.43698120117188,495.3547058105469,239.0304718017578,0.38958507776260376,465.26780700683594,,,,,,10.783962342797256
5,RGB,1,,367.4558410644531,230.0648651123047,445.3261413574219,308.9785461425781,0.9621387720108032,406.3909912109375,,,,,,9.3140287399292
5,RGB,2,,297.5593566894531,229.27096557617188,369.6419372558594,308.5973815917969,0.9588234424591064,333.60064697265625,,,,,,1.466319751739502
5,RGB,3,,134.07284545898438,230.18145751953125,222.4187774658203,308.908203125,0.9558495283126831,178.24581146240234,,,,,,-15.282873451709747
5,RGB,4,,216.58953857421875,230.08578491210938,295.6006774902344,308.8857116699219,0.9482123255729675,256.09510803222656,,,,,,-6.889746165275573
5,RGB,5,,435.24224853515625,231.63023376464844,518.6315307617188,308.77294921875,0.8826055526733398,476.9368896484375,,,,,,16.919758415222166
5,LiDAR,1,1,,,,,,,-3.0479274073846874e-05,14.694587744967182,3,14.638895246814679,0.9,-0.00011884197075549416
5,LiDAR,2,2,,,,,,,0.7540364143100058,6.8299763981179415,1,6.871473532871506,0.4,6.3
5,LiDAR,3,3,,,,,,,1.9694013101485655,14.66233139855207,2,14.793954466124575,0.7,7.65001533382348
5,LiDAR,4,4,,,,,,,0.5010602401787413,3.1635698503719687,1,3.2030041464959886,0.4,9.0
5,LiDAR,5,5,,,,,,,3.782655558554778,14.735755047655315,3,15.139391165026321,0.9,14.396923909196166
5,LiDAR,6,6,,,,,,,-4.1362010483411025,14.666103199831078,2,15.230356729851026,0.7,-15.74975450021323
5,LiDAR,7,7,,,,,,,-2.0906068808441156,14.690444431842545,3,14.779278248264287,0.9,-8.099415216692213
6,CSI,1,,328.4814453125,177.48634338378906,376.3702087402344,239.55833435058594,0.4901416599750519,352.4258270263672,,,,,,-11.233984970464938
6,CSI,2,,265.663330078125,180.14988708496094,325.0304260253906,237.00779724121094,0.4879528284072876,295.3468780517578,,,,,,-22.371340867949698
6,CSI,3,,490.2803649902344,179.65089416503906,548.0005493164062,238.469482421875,0.4700961410999298,519.1404571533203,,,,,,21.295698956745426
6,CSI,4,,434.82183837890625,177.3792724609375,495.12567138671875,239.10780334472656,0.3811282813549042,464.9737548828125,,,,,,10.726586318597562
6,RGB,1,,367.85528564453125,230.01161193847656,445.3148498535156,309.0032958984375,0.9633505344390869,406.58506774902344,,,,,,9.33495261669159
6,RGB,2,,297.5525207519531,229.25900268554688,369.70819091796875,308.6996765136719,0.9584349393844604,333.63035583496094,,,,,,1.469522738456726
6,RGB,3,,133.9995574951172,230.3262176513672,223.93411254882812,308.9430847167969,0.9552525877952576,178.96683502197266,,,,,,-15.205138099193572
6,RGB,4,,216.74635314941406,229.88510131835938,295.7144470214844,308.9515686035156,0.9475120306015015,256.2304000854492,,,,,,-6.875159990787506
6,RGB,5,,435.4421691894531,231.6914520263672,518.6689453125,308.8373718261719,0.877116322517395,477.05555725097656,,,,,,16.93255226612091
6,LiDAR,1,1,,,,,,,-3.0479274073846874e-05,14.694587744967182,3,14.638895246814679,0.9,-0.00011884197075549416
6,LiDAR,2,2,,,,,,,0.7540364143100058,6.8299763981179415,1,6.871473532871506,0.4,6.3
6,LiDAR,3,3,,,,,,,1.9694013101485655,14.66233139855207,2,14.793954466124575,0.7,7.65001533382348
6,LiDAR,4,4,,,,,,,0.5010602401787413,3.1635698503719687,1,3.2030041464959886,0.4,9.0
6,LiDAR,5,5,,,,,,,3.782655558554778,14.735755047655315,3,15.139391165026321,0.9,14.396923909196166
6,LiDAR,6,6,,,,,,,-4.1362010483411025,14.666103199831078,2,15.230356729851026,0.7,-15.74975450021323
6,LiDAR,7,7,,,,,,,-2.0906068808441156,14.690444431842545,3,14.779278248264287,0.9,-8.099415216692213
7,CSI,1,,265.9426574707031,180.37203979492188,324.578857421875,237.278076171875,0.5336536765098572,295.26075744628906,,,,,,-22.388144888528963
7,CSI,2,,326.7055358886719,177.62425231933594,376.37078857421875,239.68601989746094,0.5021513104438782,351.5381622314453,,,,,,-11.407187857278965
7,CSI,3,,490.08587646484375,179.62130737304688,548.0853881835938,238.38543701171875,0.4443027377128601,519.0856323242188,,,,,,21.285001429115855
7,CSI,4,,435.1073303222656,177.71803283691406,494.9153747558594,239.07969665527344,0.4142080247402191,465.0113525390625,,,,,,10.733922446646343
7,RGB,1,,367.6424865722656,230.00897216796875,445.2603759765625,309.0226135253906,0.962405264377594,406.45143127441406,,,,,,9.320544934272766
7,RGB,2,,297.5687255859375,229.40731811523438,369.65277099609375,308.7138977050781,0.9592816233634949,333.6107482910156,,,,,,1.467408800125122
7,RGB,3,,133.96365356445312,229.887939453125,220.60597229003906,308.8659973144531,0.9583455920219421,177.2848129272461,,,,,,-15.38648110628128
7,RGB,4,,216.83853149414062,230.1331024169922,295.70904541015625,309.0257263183594,0.9527224898338318,256.27378845214844,,,,,,-6.870482182502746
7,RGB,5,,435.3917236328125,231.6615447998047,518.611328125,308.79913330078125,0.8761165142059326,477.00152587890625,,,,,,16.92672700881958
7,LiDAR,1,1,,,,,,,-3.0479274073846874e-05,14.694587744967182,3,14.638895246814679,0.9,-0.00011884197075549416
7,LiDAR,2,2,,,,,,,0.7540364143100058,6.8299763981179415,1,6.871473532871506,0.4,6.3
7,LiDAR,3,3,,,,,,,1.9694013101485655,14.66233139855207,2,14.793954466124575,0.7,7.65001533382348
7,LiDAR,4,4,,,,,,,0.5010602401787413,3.1635698503719687,1,3.2030041464959886,0.4,9.0
7,LiDAR,5,5,,,,,,,3.782655558554778,14.735755047655315,3,15.139391165026321,0.9,14.396923909196166
7,LiDAR,6,6,,,,,,,-4.1362010483411025,14.666103199831078,2,15.230356729851026,0.7,-15.74975450021323
7,LiDAR,7,7,,,,,,,-2.0906068808441156,14.690444431842545,3,14.779278248264287,0.9,-8.099415216692213
8,CSI,1,,265.8847961425781,180.113525390625,325.00164794921875,236.8991241455078,0.4820563793182373,295.44322204589844,,,,,,-22.352542039824694
8,CSI,2,,490.00811767578125,179.7100830078125,547.8259887695312,238.4763946533203,0.4807354211807251,518.9170532226562,,,,,,21.25210794588415
8,CSI,3,,328.2564697265625,177.7082977294922,376.6380615234375,239.68435668945312,0.4791891574859619,352.447265625,,,,,,-11.229801829268293
8,CSI,4,,434.6858825683594,177.28077697753906,494.8973083496094,239.04652404785156,0.391268253326416,464.7915954589844,,,,,,10.691043016387196
8,CSI,5,,380.7979736328125,176.5536651611328,436.17230224609375,240.23741149902344,0.256028413772583,408.4851379394531,,,,,,-0.2955828410823171
8,RGB,1,,367.86468505859375,229.99853515625,445.4439697265625,308.9759216308594,0.9636733531951904,406.6543273925781,,,,,,9.34241967201233
8,RGB,2,,134.15469360351562,229.97900390625,220.4738006591797,308.9215087890625,0.9601421356201172,177.31424713134766,,,,,,-15.38330773115158
8,RGB,3,,297.4248046875,229.29763793945312,369.6355285644531,308.7847595214844,0.9587091207504272,333.53016662597656,,,,,,1.4587210893630982
8,RGB,4,,216.6632080078125,230.02120971679688,295.7982177734375,309.0203857421875,0.9550412893295288,256.230712890625,,,,,,-6.8751262664794925
8,RGB,5,,435.1916809082031,231.6374969482422,518.668212890625,308.75469970703125,0.8818990588188171,476.92994689941406,,,,,,16.919009900093076
8,LiDAR,1,1,,,,,,,-3.0479274073846874e-05,14.694587744967182,3,14.638895246814679,0.9,-0.00011884197075549416
8,LiDAR,2,2,,,,,,,0.7540364143100058,6.8299763981179415,1,6.871473532871506,0.4,6.3
8,LiDAR,3,3,,,,,,,1.9694013101485655,14.66233139855207,2,14.793954466124575,0.7,7.65001533382348
8,LiDAR,4,4,,,,,,,0.5010602401787413,3.1635698503719687,1,3.2030041464959886,0.4,9.0
8,LiDAR,5,5,,,,,,,3.782655558554778,14.735755047655315,3,15.139391165026321,0.9,14.396923909196166
8,LiDAR,6,6,,,,,,,-4.1362010483411025,14.666103199831078,2,15.230356729851026,0.7,-15.74975450021323
8,LiDAR,7,7,,,,,,,-2.0906068808441156,14.690444431842545,3,14.779278248264287,0.9,-8.099415216692213
9,CSI,1,,490.4845886230469,179.70413208007812,547.7996826171875,238.40069580078125,0.5041241645812988,519.1421356201172,,,,,,21.296026462461892
9,CSI,2,,265.745361328125,180.1007080078125,324.9713439941406,236.94723510742188,0.4876624047756195,295.3583526611328,,,,,,-22.369101919778963
9,CSI,3,,327.1630554199219,177.64437866210938,376.6475524902344,239.66148376464844,0.4795486330986023,351.9053039550781,,,,,,-11.335550447789636
9,CSI,4,,435.1829528808594,177.6246337890625,495.1962890625,238.99366760253906,0.39722949266433716,465.1896209716797,,,,,,10.76870653105945
9,RGB,1,,367.9563903808594,229.92251586914062,445.3562316894531,309.0308532714844,0.9636828899383545,406.65631103515625,,,,,,9.342633533477784
9,RGB,2,,297.4221496582031,229.36764526367188,370.0655517578125,308.8348693847656,0.960487961769104,333.7438507080078,,,,,,1.4817589044570922
9,RGB,3,,133.9766845703125,229.8020477294922,220.00672912597656,308.83587646484375,0.9588125944137573,176.99170684814453,,,,,,-15.418081605434418
9,RGB,4,,216.64576721191406,230.05169677734375,295.5257873535156,309.0386962890625,0.9566553235054016,256.08577728271484,,,,,,-6.890752136707306
9,RGB,5,,435.02520751953125,231.7544708251953,518.648681640625,308.74139404296875,0.8860538005828857,476.8369445800781,,,,,,16.90898308753967
9,LiDAR,1,1,,,,,,,-3.0479274073846874e-05,14.694587744967182,3,14.638895246814679,0.9,-0.00011884197075549416
9,LiDAR,2,2,,,,,,,0.7540364143100058,6.8299763981179415,1,6.871473532871506,0.4,6.3
9,LiDAR,3,3,,,,,,,1.9694013101485655,14.66233139855207,2,14.793954466124575,0.7,7.65001533382348
9,LiDAR,4,4,,,,,,,0.5010602401787413,3.1635698503719687,1,3.2030041464959886,0.4,9.0
9,LiDAR,5,5,,,,,,,3.782655558554778,14.735755047655315,3,15.139391165026321,0.9,14.396923909196166
9,LiDAR,6,6,,,,,,,-4.1362010483411025,14.666103199831078,2,15.230356729851026,0.7,-15.74975450021323
9,LiDAR,7,7,,,,,,,-2.0906068808441156,14.690444431842545,3,14.779278248264287,0.9,-8.099415216692213
10,CSI,1,,265.6527404785156,180.1048583984375,324.6986999511719,236.95199584960938,0.4955669343471527,295.17572021484375,,,,,,-22.404737519054876
10,CSI,2,,325.1289978027344,177.58433532714844,376.3205261230469,239.70082092285156,0.49515125155448914,350.7247619628906,,,,,,-11.56590010480183
10,CSI,3,,490.2242126464844,179.5976104736328,548.0464477539062,238.37982177734375,0.49317482113838196,519.1353302001953,,,,,,21.294698575647864
10,CSI,4,,434.96331787109375,177.6368408203125,495.2472839355469,238.78570556640625,0.36668285727500916,465.1053009033203,,,,,,10.752253834794207
10,RGB,1,,368.185546875,229.98269653320312,445.4520263671875,309.04876708984375,0.964213490486145,406.81878662109375,,,,,,9.36015043258667
10,RGB,2,,297.4903564453125,229.49169921875,370.51507568359375,308.68304443359375,0.9615817070007324,334.0027160644531,,,,,,1.5096678256988525
10,RGB,3,,134.02828979492188,229.87051391601562,219.971435546875,308.94110107421875,0.9596343040466309,176.99986267089844,,,,,,-15.417202305793761
10,RGB,4,,216.69000244140625,230.09823608398438,295.4881286621094,309.0506896972656,0.9546818733215332,256.0890655517578,,,,,,-6.890397620201111
10,RGB,5,,435.0794372558594,231.6915283203125,518.6394653320312,308.7569885253906,0.8819472789764404,476.8594512939453,,,,,,16.911409592628477
10,LiDAR,1,1,,,,,,,-3.0479274073846874e-05,14.694587744967182,3,14.638895246814679,0.9,-0.00011884197075549416
10,LiDAR,2,2,,,,,,,0.7540364143100058,6.8299763981179415,1,6.871473532871506,0.4,6.3
10,LiDAR,3,3,,,,,,,1.9694013101485655,14.66233139855207,2,14.793954466124575,0.7,7.65001533382348
10,LiDAR,4,4,,,,,,,0.5010602401787413,3.1635698503719687,1,3.2030041464959886,0.4,9.0
10,LiDAR,5,5,,,,,,,3.782655558554778,14.735755047655315,3,15.139391165026321,0.9,14.396923909196166
10,LiDAR,6,6,,,,,,,-4.1362010483411025,14.666103199831078,2,15.230356729851026,0.7,-15.74975450021323
10,LiDAR,7,7,,,,,,,-2.0906068808441156,14.690444431842545,3,14.779278248264287,0.9,-8.099415216692213
11,CSI,1,,265.72869873046875,180.4477081298828,324.5547790527344,236.9443359375,0.5403029322624207,295.14173889160156,,,,,,-22.411368021150913
11,CSI,2,,490.8621826171875,179.6599884033203,547.87060546875,238.37545776367188,0.5222570300102234,519.3663940429688,,,,,,21.3397842035061
11,CSI,3,,326.2993469238281,177.6916046142578,376.2684326171875,239.7824249267578,0.4981864094734192,351.2838897705078,,,,,,-11.456801995998475
11,CSI,4,,435.2928161621094,177.640625,495.3358154296875,238.8876190185547,0.40778848528862,465.31431579589844,,,,,,10.793037228467988
11,RGB,1,,368.1416015625,229.9972381591797,445.4037170410156,309.0945129394531,0.964319109916687,406.7726593017578,,,,,,9.355177330970765
11,RGB,2,,297.4743347167969,229.37823486328125,369.92730712890625,308.80609130859375,0.9579857587814331,333.70082092285156,,,,,,1.477119755744934
11,RGB,3,,134.02191162109375,230.1749267578125,221.55848693847656,308.9132385253906,0.9570174217224121,177.79019927978516,,,,,,-15.331994140148163
11,RGB,4,,216.93194580078125,229.96902465820312,295.48876953125,308.9701843261719,0.9534069299697876,256.2103576660156,,,,,,-6.87732081413269
11,RGB,5,,434.9803161621094,231.73031616210938,518.6905517578125,308.73095703125,0.8833215832710266,476.83543395996094,,,,,,16.908820223808288
11,LiDAR,1,1,,,,,,,-3.0479274073846874e-05,14.694587744967182,3,14.638895246814679,0.9,-0.00011884197075549416
11,LiDAR,2,2,,,,,,,0.7540364143100058,6.8299763981179415,1,6.871473532871506,0.4,6.3
11,LiDAR,3,3,,,,,,,1.9694013101485655,14.66233139855207,2,14.793954466124575,0.7,7.65001533382348
11,LiDAR,4,4,,,,,,,0.5010602401787413,3.1635698503719687,1,3.2030041464959886,0.4,9.0
11,LiDAR,5,5,,,,,,,3.782655558554778,14.735755047655315,3,15.139391165026321,0.9,14.396923909196166
11,LiDAR,6,6,,,,,,,-4.1362010483411025,14.666103199831078,2,15.230356729851026,0.7,-15.74975450021323
11,LiDAR,7,7,,,,,,,-2.0906068808441156,14.690444431842545,3,14.779278248264287,0.9,-8.099415216692213
12,CSI,1,,490.6127014160156,179.59129333496094,547.9508056640625,238.51327514648438,0.5151596665382385,519.2817535400391,,,,,,21.323268983422253
12,CSI,2,,265.89312744140625,180.1205596923828,324.7066955566406,236.97093200683594,0.5053360462188721,295.29991149902344,,,,,,-22.38050507336128
12,CSI,3,,325.0579833984375,177.6802215576172,376.3314208984375,239.92076110839844,0.5002405047416687,350.6947021484375,,,,,,-11.571765434451219
12,CSI,4,,434.97088623046875,177.6461639404297,495.1878662109375,238.9013671875,0.40514320135116577,465.0793762207031,,,,,,10.747195360137196
12,RGB,1,,368.13787841796875,229.93994140625,445.5584411621094,309.0446472167969,0.9646034240722656,406.84815979003906,,,,,,9.363317227363586
12,RGB,2,,133.9180908203125,229.87515258789062,219.5511474609375,308.8559265136719,0.9615197777748108,176.734619140625,,,,,,-15.445798873901367
12,RGB,3,,297.3587341308594,229.2520751953125,369.6761474609375,308.8477478027344,0.9604856371879578,333.51744079589844,,,,,,1.4573490858078002
12,RGB,4,,216.7429656982422,230.06735229492188,295.5390319824219,308.99542236328125,0.9566193222999573,256.14099884033203,,,,,,-6.8847985625267025
12,RGB,5,,435.00634765625,231.61453247070312,518.778076171875,308.7945251464844,0.8814088106155396,476.8922119140625,,,,,,16.914941596984864
12,LiDAR,1,1,,,,,,,-3.0479274073846874e-05,14.694587744967182,3,14.638895246814679,0.9,-0.00011884197075549416
12,LiDAR,2,2,,,,,,,0.7540364143100058,6.8299763981179415,1,6.871473532871506,0.4,6.3
12,LiDAR,3,3,,,,,,,1.9694013101485655,14.66233139855207,2,14.793954466124575,0.7,7.65001533382348
12,LiDAR,4,4,,,,,,,0.5010602401787413,3.1635698503719687,1,3.2030041464959886,0.4,9.0
12,LiDAR,5,5,,,,,,,3.782655558554778,14.735755047655315,3,15.139391165026321,0.9,14.396923909196166
12,LiDAR,6,6,,,,,,,-4.1362010483411025,14.666103199831078,2,15.230356729851026,0.7,-15.74975450021323
12,LiDAR,7,7,,,,,,,-2.0906068808441156,14.690444431842545,3,14.779278248264287,0.9,-8.099415216692213
13,CSI,1,,327.69970703125,177.5796661376953,376.54730224609375,239.9153594970703,0.5213806629180908,352.1235046386719,,,,,,-11.29297470464939
13,CSI,2,,490.4439697265625,179.59979248046875,547.9671020507812,238.4008331298828,0.5179554224014282,519.2055358886719,,,,,,21.30839724657012
13,CSI,3,,265.8379821777344,180.30300903320312,325.19140625,237.12123107910156,0.5036460161209106,295.5146942138672,,,,,,-22.338596250952744
13,CSI,4,,435.6474609375,177.3857421875,495.0333251953125,238.85044860839844,0.42615193128585815,465.34039306640625,,,,,,10.79812547637195
13,CSI,5,,380.97637939453125,175.6024932861328,437.14935302734375,239.3741455078125,0.2548322081565857,409.0628662109375,,,,,,-0.18285537347560973
13,RGB,1,,367.74273681640625,229.96981811523438,445.4223937988281,308.95599365234375,0.9651281237602234,406.5825653076172,,,,,,9.334682822227478
13,RGB,2,,133.9059600830078,229.92892456054688,219.90736389160156,308.9193420410156,0.9594734311103821,176.9066619873047,,,,,,-15.427250504493713
13,RGB,3,,297.2485656738281,229.38816833496094,369.2386474609375,308.7882995605469,0.9582459926605225,333.2436065673828,,,,,,1.4278263330459595
13,RGB,4,,216.86936950683594,230.02432250976562,295.5654296875,308.97265625,0.9561432600021362,256.21739959716797,,,,,,-6.876561605930329
13,RGB,5,,435.4361877441406,231.70040893554688,518.7547607421875,308.8210754394531,0.8749743103981018,477.09547424316406,,,,,,16.936855816841128
13,LiDAR,1,1,,,,,,,-3.0479274073846874e-05,14.694587744967182,3,14.638895246814679,0.9,-0.00011884197075549416
13,LiDAR,2,2,,,,,,,0.7540364143100058,6.8299763981179415,1,6.871473532871506,0.4,6.3
13,LiDAR,3,3,,,,,,,1.9694013101485655,14.66233139855207,2,14.793954466124575,0.7,7.65001533382348
13,LiDAR,4,4,,,,,,,0.5010602401787413,3.1635698503719687,1,3.2030041464959886,0.4,9.0
13,LiDAR,5,5,,,,,,,3.782655558554778,14.735755047655315,3,15.139391165026321,0.9,14.396923909196166
13,LiDAR,6,6,,,,,,,-4.1362010483411025,14.666103199831078,2,15.230356729851026,0.7,-15.74975450021323
13,LiDAR,7,7,,,,,,,-2.0906068808441156,14.690444431842545,3,14.779278248264287,0.9,-8.099415216692213
14,CSI,1,,323.9503479003906,177.76986694335938,376.47943115234375,240.03468322753906,0.5230863690376282,350.2148895263672,,,,,,-11.66538740948933
14,CSI,2,,265.9140319824219,180.3616943359375,324.88861083984375,237.24176025390625,0.5173735022544861,295.4013214111328,,,,,,-22.3607177734375
14,CSI,3,,490.4791564941406,179.42556762695312,548.1199951171875,238.34324645996094,0.506890594959259,519.2995758056641,,,,,,21.326746498666157
14,CSI,4,,435.6588134765625,177.36093139648438,495.2437744140625,238.94064331054688,0.4109225869178772,465.4512939453125,,,,,,10.819764672256099
14,RGB,1,,367.71533203125,230.12493896484375,445.4360656738281,309.0417175292969,0.9646495580673218,406.57569885253906,,,,,,9.333942532539368
14,RGB,2,,297.3407287597656,229.43865966796875,369.3829650878906,308.6724853515625,0.9593120217323303,333.3618469238281,,,,,,1.4405741214752197
14,RGB,3,,133.96780395507812,230.0944061279297,220.8880615234375,308.871826171875,0.9577301740646362,177.4279327392578,,,,,,-15.371051001548768
14,RGB,4,,216.760009765625,229.94940185546875,295.3384094238281,309.0329284667969,0.9535849690437317,256.04920959472656,,,,,,-6.894694590568543
14,RGB,5,,435.7086486816406,231.87301635742188,518.8482666015625,308.7923583984375,0.8686275482177734,477.27845764160156,,,,,,16.956583714485166
14,LiDAR,1,1,,,,,,,-3.0479274073846874e-05,14.694587744967182,3,14.638895246814679,0.9,-0.00011884197075549416
14,LiDAR,2,2,,,,,,,0.7540364143100058,6.8299763981179415,1,6.871473532871506,0.4,6.3
14,LiDAR,3,3,,,,,,,1.9694013101485655,14.66233139855207,2,14.793954466124575,0.7,7.65001533382348
14,LiDAR,4,4,,,,,,,0.5010602401787413,3.1635698503719687,1,3.2030041464959886,0.4,9.0
14,LiDAR,5,5,,,,,,,3.782655558554778,14.735755047655315,3,15.139391165026321,0.9,14.396923909196166
14,LiDAR,6,6,,,,,,,-4.1362010483411025,14.666103199831078,2,15.230356729851026,0.7,-15.74975450021323
14,LiDAR,7,7,,,,,,,-2.0906068808441156,14.690444431842545,3,14.779278248264287,0.9,-8.099415216692213
15,CSI,1,,325.15185546875,177.73045349121094,376.5293273925781,239.86862182617188,0.5247833132743835,350.84059143066406,,,,,,-11.543299233041157
15,CSI,2,,490.72247314453125,179.40626525878906,547.9678344726562,238.43194580078125,0.5155796408653259,519.3451538085938,,,,,,21.335639767530488
15,CSI,3,,265.78485107421875,180.35865783691406,325.0830078125,237.2250213623047,0.498814195394516,295.4339294433594,,,,,,-22.354355230564025
15,CSI,4,,435.44012451171875,177.54522705078125,495.6430969238281,239.00270080566406,0.41557592153549194,465.54161071777344,,,,,,10.837387457126525
15,RGB,1,,367.9677429199219,230.11819458007812,445.480712890625,308.9782409667969,0.9632738828659058,406.72422790527344,,,,,,9.349955821037293
15,RGB,2,,297.3254089355469,229.48004150390625,369.82659912109375,308.75238037109375,0.9586304426193237,333.5760040283203,,,,,,1.4636629343032836
15,RGB,3,,133.98475646972656,230.16445922851562,220.59039306640625,308.82708740234375,0.956473708152771,177.2875747680664,,,,,,-15.386183345317841
15,RGB,4,,216.6722869873047,229.9532470703125,295.5225830078125,309.0104064941406,0.9520508646965027,256.0974349975586,,,,,,-6.889495289325714
15,RGB,5,,435.576171875,231.78326416015625,518.86328125,308.8007507324219,0.8712509274482727,477.2197265625,,,,,,16.95025177001953
15,LiDAR,1,1,,,,,,,-3.0479274073846874e-05,14.694587744967182,3,14.638895246814679,0.9,-0.00011884197075549416
15,LiDAR,2,2,,,,,,,0.7540364143100058,6.8299763981179415,1,6.871473532871506,0.4,6.3
15,LiDAR,3,3,,,,,,,1.9694013101485655,14.66233139855207,2,14.793954466124575,0.7,7.65001533382348
15,LiDAR,4,4,,,,,,,0.5010602401787413,3.1635698503719687,1,3.2030041464959886,0.4,9.0
15,LiDAR,5,5,,,,,,,3.782655558554778,14.735755047655315,3,15.139391165026321,0.9,14.396923909196166
15,LiDAR,6,6,,,,,,,-4.1362010483411025,14.666103199831078,2,15.230356729851026,0.7,-15.74975450021323
15,LiDAR,7,7,,,,,,,-2.0906068808441156,14.690444431842545,3,14.779278248264287,0.9,-8.099415216692213
16,CSI,1,,265.70709228515625,180.08055114746094,324.5299987792969,237.40963745117188,0.5305697321891785,295.11854553222656,,,,,,-22.4158935546875
16,CSI,2,,323.864013671875,177.8050994873047,376.6025085449219,239.88296508789062,0.5168584585189819,350.23326110839844,,,,,,-11.661802710556401
16,CSI,3,,490.37957763671875,179.5937957763672,548.033203125,238.42025756835938,0.5039602518081665,519.2063903808594,,,,,,21.30856397675305
16,CSI,4,,435.5528869628906,177.52984619140625,495.34149169921875,238.9388885498047,0.38457879424095154,465.4471893310547,,,,,,10.818963771913111
16,CSI,5,,380.8445739746094,175.5790557861328,436.7733154296875,239.33285522460938,0.2546952962875366,408.80894470214844,,,,,,-0.23240103372713414
16,RGB,1,,367.8090515136719,229.87350463867188,445.36614990234375,308.9745788574219,0.9643582105636597,406.5876007080078,,,,,,9.335225701332092
16,RGB,2,,297.3516540527344,229.2371826171875,369.2232360839844,308.7473449707031,0.9562731385231018,333.2874450683594,,,,,,1.4325526714324952
16,RGB,3,,133.98202514648438,230.28253173828125,221.86337280273438,308.8278503417969,0.9560686945915222,177.92269897460938,,,,,,-15.317709016799927
16,RGB,4,,216.71429443359375,229.85415649414062,295.5711669921875,309.01416015625,0.9516768455505371,256.1427307128906,,,,,,-6.8846118450164795
16,RGB,5,,435.40008544921875,231.63619995117188,518.9657592773438,308.63018798828125,0.8686547875404358,477.18292236328125,,,,,,16.94628381729126
16,LiDAR,1,1,,,,,,,-3.0479274073846874e-05,14.694587744967182,3,14.638895246814679,0.9,-0.00011884197075549416
16,LiDAR,2,2,,,,,,,0.7540364143100058,6.8299763981179415,1,6.871473532871506,0.4,6.3
16,LiDAR,3,3,,,,,,,1.9694013101485655,14.66233139855207,2,14.793954466124575,0.7,7.65001533382348
16,LiDAR,4,4,,,,,,,0.5010602401787413,3.1635698503719687,1,3.2030041464959886,0.4,9.0
16,LiDAR,5,5,,,,,,,3.782655558554778,14.735755047655315,3,15.139391165026321,0.9,14.396923909196166
16,LiDAR,6,6,,,,,,,-4.1362010483411025,14.666103199831078,2,15.230356729851026,0.7,-15.74975450021323
16,LiDAR,7,7,,,,,,,-2.0906068808441156,14.690444431842545,3,14.779278248264287,0.9,-8.099415216692213
17,CSI,1,,265.7535095214844,180.16917419433594,324.3812561035156,237.40255737304688,0.5312178730964661,295.0673828125,,,,,,-22.425876524390244
17,CSI,2,,490.42242431640625,179.62217712402344,548.1011352539062,238.4460906982422,0.5251677632331848,519.2617797851562,,,,,,21.319371665396343
17,CSI,3,,324.1889953613281,177.58758544921875,376.605712890625,240.0353546142578,0.5167011618614197,350.39735412597656,,,,,,-11.629784560785062
17,CSI,4,,435.3327331542969,177.46607971191406,495.4327087402344,238.88722229003906,0.42166292667388916,465.3827209472656,,,,,,10.806384575076219
17,RGB,1,,368.2109680175781,229.88662719726562,445.391357421875,308.9267578125,0.9635221362113953,406.80116271972656,,,,,,9.35825035572052
17,RGB,2,,134.07032775878906,230.00637817382812,220.18582153320312,308.852783203125,0.9587110877037048,177.1280746459961,,,,,,-15.403379452228545
17,RGB,3,,297.29522705078125,229.12619018554688,369.53643798828125,308.699951171875,0.957984447479248,333.41583251953125,,,,,,1.446394443511963
17,RGB,4,,216.88809204101562,229.85696411132812,295.4995422363281,309.00262451171875,0.9553952217102051,256.1938171386719,,,,,,-6.879104089736939
17,RGB,5,,435.20928955078125,231.56915283203125,519.0111694335938,308.669921875,0.8675758242607117,477.1102294921875,,,,,,16.938446617126463
17,LiDAR,1,1,,,,,,,-3.0479274073846874e-05,14.694587744967182,3,14.638895246814679,0.9,-0.00011884197075549416
17,LiDAR,2,2,,,,,,,0.7540364143100058,6.8299763981179415,1,6.871473532871506,0.4,6.3
17,LiDAR,3,3,,,,,,,1.9694013101485655,14.66233139855207,2,14.793954466124575,0.7,7.65001533382348
17,LiDAR,4,4,,,,,,,0.5010602401787413,3.1635698503719687,1,3.2030041464959886,0.4,9.0
17,LiDAR,5,5,,,,,,,3.782655558554778,14.735755047655315,3,15.139391165026321,0.9,14.396923909196166
17,LiDAR,6,6,,,,,,,-4.1362010483411025,14.666103199831078,2,15.230356729851026,0.7,-15.74975450021323
17,LiDAR,7,7,,,,,,,-2.0906068808441156,14.690444431842545,3,14.779278248264287,0.9,-8.099415216692213
18,CSI,1,,265.7878112792969,180.18731689453125,324.29510498046875,237.34539794921875,0.5508564114570618,295.0414581298828,,,,,,-22.430934999047256
18,CSI,2,,323.2215881347656,177.92062377929688,376.5146789550781,240.05699157714844,0.5295841693878174,349.8681335449219,,,,,,-11.733047113185975
18,CSI,3,,490.5524597167969,179.44053649902344,548.0927734375,238.3943328857422,0.4961148798465729,519.3226165771484,,,,,,21.33124225895579
18,CSI,4,,435.5238952636719,177.72021484375,495.4950256347656,238.8933563232422,0.42393752932548523,465.50946044921875,,,,,,10.831114233993901
18,CSI,5,,380.9039306640625,175.58853149414062,436.9621887207031,239.279296875,0.2505875527858734,408.9330596923828,,,,,,-0.20818347465701217
18,RGB,1,,368.0223388671875,230.07168579101562,445.66790771484375,308.8578186035156,0.9622240662574768,406.8451232910156,,,,,,9.362989854812621
18,RGB,2,,297.3233337402344,229.25033569335938,369.5107421875,308.67510986328125,0.958516001701355,333.4170379638672,,,,,,1.446524405479431
18,RGB,3,,134.0075225830078,230.2940673828125,222.02976989746094,308.8675537109375,0.9558107256889343,178.01864624023438,,,,,,-15.307364702224731
18,RGB,4,,216.66146850585938,229.874267578125,295.4462890625,308.88421630859375,0.9506624341011047,256.0538787841797,,,,,,-6.894191193580627
18,RGB,5,,434.83221435546875,231.65185546875,518.9456787109375,308.6590270996094,0.8767266273498535,476.8889465332031,,,,,,16.914589548110964
18,LiDAR,1,1,,,,,,,-3.0479274073846874e-05,14.694587744967182,3,14.638895246814679,0.9,-0.00011884197075549416
18,LiDAR,2,2,,,,,,,0.7540364143100058,6.8299763981179415,1,6.871473532871506,0.4,6.3
18,LiDAR,3,3,,,,,,,1.9694013101485655,14.66233139855207,2,14.793954466124575,0.7,7.65001533382348
18,LiDAR,4,4,,,,,,,0.5010602401787413,3.1635698503719687,1,3.2030041464959886,0.4,9.0
18,LiDAR,5,5,,,,,,,3.782655558554778,14.735755047655315,3,15.139391165026321,0.9,14.396923909196166
18,LiDAR,6,6,,,,,,,-4.1362010483411025,14.666103199831078,2,15.230356729851026,0.7,-15.74975450021323
18,LiDAR,7,7,,,,,,,-2.0906068808441156,14.690444431842545,3,14.779278248264287,0.9,-8.099415216692213
19,CSI,1,,324.68841552734375,177.69590759277344,376.4759826660156,240.0632781982422,0.5528472065925598,350.5821990966797,,,,,,-11.593717249428355
19,CSI,2,,265.69769287109375,180.13156127929688,324.6414489746094,237.27310180664062,0.5289478898048401,295.16957092285156,,,,,,-22.405937380907012
19,CSI,3,,490.2227478027344,179.5562744140625,547.969482421875,238.46128845214844,0.49630483984947205,519.0961151123047,,,,,,21.287046851181405
19,CSI,4,,435.66455078125,177.63307189941406,495.51165771484375,238.88548278808594,0.4345399737358093,465.5881042480469,,,,,,10.84645936547256
19,CSI,5,,380.93243408203125,175.54595947265625,436.80224609375,239.32701110839844,0.25017037987709045,408.8673400878906,,,,,,-0.22100681211890244
19,RGB,1,,367.97576904296875,229.99844360351562,445.4996643066406,308.9255065917969,0.963750958442688,406.7377166748047,,,,,,9.351410079002381
19,RGB,2,,297.3238830566406,229.46047973632812,369.41534423828125,308.6822509765625,0.9581863284111023,333.36961364746094,,,,,,1.4414114713668824
19,RGB,3,,133.97479248046875,230.38876342773438,223.0165252685547,308.88458251953125,0.9546714425086975,178.49565887451172,,,,,,-15.255936777591705
19,RGB,4,,217.05453491210938,229.9319305419922,295.551513671875,308.90911865234375,0.9507641196250916,256.3030242919922,,,,,,-6.867330193519592
19,RGB,5,,434.8962707519531,231.61669921875,518.9700927734375,308.66229248046875,0.868478000164032,476.9331817626953,,,,,,16.91935865879059
19,LiDAR,1,1,,,,,,,-3.0479274073846874e-05,14.694587744967182,3,14.638895246814679,0.9,-0.00011884197075549416
19,LiDAR,2,2,,,,,,,0.7540364143100058,6.8299763981179415,1,6.871473532871506,0.4,6.3
19,LiDAR,3,3,,,,,,,1.9694013101485655,14.66233139855207,2,14.793954466124575,0.7,7.65001533382348
19,LiDAR,4,4,,,,,,,0.5010602401787413,3.1635698503719687,1,3.2030041464959886,0.4,9.0
19,LiDAR,5,5,,,,,,,3.782655558554778,14.735755047655315,3,15.139391165026321,0.9,14.396923909196166
19,LiDAR,6,6,,,,,,,-4.1362010483411025,14.666103199831078,2,15.230356729851026,0.7,-15.74975450021323
19,LiDAR,7,7,,,,,,,-2.0906068808441156,14.690444431842545,3,14.779278248264287,0.9,-8.099415216692213
20,CSI,1,,324.5791320800781,177.7093505859375,376.2671813964844,239.93572998046875,0.5376110076904297,350.42315673828125,,,,,,-11.624749904725608
20,CSI,2,,265.7120056152344,179.9759979248047,324.5275573730469,237.34548950195312,0.5235409736633301,295.1197814941406,,,,,,-22.415652391387194
20,CSI,3,,490.43780517578125,179.522705078125,547.98876953125,238.4163360595703,0.5121134519577026,519.2132873535156,,,,,,21.309909727515244
20,CSI,4,,435.5099792480469,177.59503173828125,495.5025634765625,238.7902069091797,0.40548425912857056,465.5062713623047,,,,,,10.83049197313262
20,RGB,1,,367.62322998046875,229.90652465820312,445.576171875,308.92041015625,0.9643375277519226,406.5997009277344,,,,,,9.336530256271363
20,RGB,2,,297.2284851074219,229.3818359375,369.5879211425781,308.546142578125,0.9588257074356079,333.408203125,,,,,,1.4455718994140625
20,RGB,3,,133.95303344726562,230.3479461669922,222.5120391845703,308.86663818359375,0.9555517435073853,178.23253631591797,,,,,,-15.284304678440094
20,RGB,4,,217.048095703125,229.77212524414062,295.4281311035156,308.87310791015625,0.9523227214813232,256.2381134033203,,,,,,-6.874328398704529
20,RGB,5,,435.1565246582031,231.58648681640625,518.9521484375,308.6712646484375,0.868560254573822,477.05433654785156,,,,,,16.932420659065247
20,LiDAR,1,1,,,,,,,-3.0479274073846874e-05,14.694587744967182,3,14.638895246814679,0.9,-0.00011884197075549416
20,LiDAR,2,2,,,,,,,0.7540364143100058,6.8299763981179415,1,6.871473532871506,0.4,6.3
20,LiDAR,3,3,,,,,,,1.9694013101485655,14.66233139855207,2,14.793954466124575,0.7,7.65001533382348
20,LiDAR,4,4,,,,,,,0.5010602401787413,3.1635698503719687,1,3.2030041464959886,0.4,9.0
20,LiDAR,5,5,,,,,,,3.782655558554778,14.735755047655315,3,15.139391165026321,0.9,14.396923909196166
20,LiDAR,6,6,,,,,,,-4.1362010483411025,14.666103199831078,2,15.230356729851026,0.7,-15.74975450021323
20,LiDAR,7,7,,,,,,,-2.0906068808441156,14.690444431842545,3,14.779278248264287,0.9,-8.099415216692213
21,CSI,1,,325.10723876953125,177.73594665527344,376.44818115234375,240.01922607421875,0.5279240608215332,350.7777099609375,,,,,,-11.555568788109756
21,CSI,2,,490.4509582519531,179.5789337158203,548.0930786132812,238.5176544189453,0.5137456059455872,519.2720184326172,,,,,,21.32136945026677
21,CSI,3,,265.8587341308594,180.12496948242188,324.834716796875,237.01007080078125,0.5056159496307373,295.3467254638672,,,,,,-22.37137064119665
21,CSI,4,,435.8663024902344,177.65016174316406,495.4057312011719,238.81976318359375,0.4280085563659668,465.6360168457031,,,,,,10.855808165015244
21,CSI,5,,380.9176025390625,175.62181091308594,436.89190673828125,239.28807067871094,0.25238168239593506,408.9047546386719,,,,,,-0.2137064119664634
21,RGB,1,,367.99420166015625,229.9744110107422,445.6502990722656,308.9036865234375,0.9642603397369385,406.82225036621094,,,,,,9.360523867607117
21,RGB,2,,297.22979736328125,229.25978088378906,369.62542724609375,308.6194152832031,0.9601821303367615,333.4276123046875,,,,,,1.447664451599121
21,RGB,3,,133.95989990234375,230.01394653320312,220.250732421875,308.85992431640625,0.9586136937141418,177.10531616210938,,,,,,-15.405833101272583
21,RGB,4,,216.90142822265625,229.88726806640625,295.3464660644531,308.9560241699219,0.9550973773002625,256.1239471435547,,,,,,-6.88663694858551
21,RGB,5,,435.5626220703125,231.7042236328125,518.9832763671875,308.659423828125,0.8658080101013184,477.27294921875,,,,,,16.955989837646484
21,LiDAR,1,1,,,,,,,-3.0479274073846874e-05,14.694587744967182,3,14.638895246814679,0.9,-0.00011884197075549416
21,LiDAR,2,2,,,,,,,0.7540364143100058,6.8299763981179415,1,6.871473532871506,0.4,6.3
21,LiDAR,3,3,,,,,,,1.9694013101485655,14.66233139855207,2,14.793954466124575,0.7,7.65001533382348
21,LiDAR,4,4,,,,,,,0.5010602401787413,3.1635698503719687,1,3.2030041464959886,0.4,9.0
21,LiDAR,5,5,,,,,,,3.782655558554778,14.735755047655315,3,15.139391165026321,0.9,14.396923909196166
21,LiDAR,6,6,,,,,,,-4.1362010483411025,14.666103199831078,2,15.230356729851026,0.7,-15.74975450021323
21,LiDAR,7,7,,,,,,,-2.0906068808441156,14.690444431842545,3,14.779278248264287,0.9,-8.099415216692213
22,CSI,1,,265.8948059082031,180.31716918945312,324.8276062011719,236.86781311035156,0.5294769406318665,295.3612060546875,,,,,,-22.368545160060975
22,CSI,2,,325.1474914550781,177.77076721191406,376.53314208984375,240.02967834472656,0.5277307033538818,350.84031677246094,,,,,,-11.543352824885671
22,CSI,3,,490.25311279296875,179.4523162841797,547.94384765625,238.38482666015625,0.5199779272079468,519.0984802246094,,,,,,21.28750833650915
22,CSI,4,,435.54351806640625,177.57757568359375,495.35223388671875,238.8271484375,0.420136958360672,465.4478759765625,,,,,,10.819097751524392
22,RGB,1,,368.02313232421875,230.04129028320312,445.5747985839844,308.92498779296875,0.9647057056427002,406.79896545410156,,,,,,9.358013463020324
22,RGB,2,,133.9980926513672,229.95620727539062,220.10311889648438,308.8277893066406,0.9583351016044617,177.05060577392578,,,,,,-15.411731564998627
22,RGB,3,,297.29315185546875,229.02633666992188,369.5144348144531,308.6510314941406,0.9582065939903259,333.40379333496094,,,,,,1.4450964689254762
22,RGB,4,,216.71253967285156,229.8656005859375,295.63275146484375,308.9622802734375,0.955951452255249,256.17264556884766,,,,,,-6.881386649608612
22,RGB,5,,435.42767333984375,231.68252563476562,518.9790649414062,308.6882629394531,0.865591287612915,477.203369140625,,,,,,16.948488235473633
22,LiDAR,1,1,,,,,,,-3.0479274073846874e-05,14.694587744967182,3,14.638895246814679,0.9,-0.00011884197075549416
22,LiDAR,2,2,,,,,,,0.7540364143100058,6.8299763981179415,1,6.871473532871506,0.4,6.3
22,LiDAR,3,3,,,,,,,1.9694013101485655,14.66233139855207,2,14.793954466124575,0.7,7.65001533382348
22,LiDAR,4,4,,,,,,,0.5010602401787413,3.1635698503719687,1,3.2030041464959886,0.4,9.0
22,LiDAR,5,5,,,,,,,3.782655558554778,14.735755047655315,3,15.139391165026321,0.9,14.396923909196166
22,LiDAR,6,6,,,,,,,-4.1362010483411025,14.666103199831078,2,15.230356729851026,0.7,-15.74975450021323
22,LiDAR,7,7,,,,,,,-2.0906068808441156,14.690444431842545,3,14.779278248264287,0.9,-8.099415216692213
23,CSI,1,,324.4293518066406,177.901611328125,376.306396484375,239.91661071777344,0.5317041873931885,350.3678741455078,,,,,,-11.635536752096037
23,CSI,2,,490.403076171875,179.52166748046875,548.139892578125,238.4280242919922,0.5164491534233093,519.271484375,,,,,,21.32126524390244
23,CSI,3,,265.7838439941406,179.81069946289062,324.8007507324219,236.87451171875,0.49405574798583984,295.29229736328125,,,,,,-22.381990758384145
23,CSI,4,,435.5406799316406,177.74822998046875,495.4023132324219,238.828125,0.4158681631088257,465.47149658203125,,,,,,10.823706650152438
23,RGB,1,,368.01031494140625,229.91162109375,445.40576171875,308.92718505859375,0.9643871784210205,406.7080383300781,,,,,,9.348210382461549
23,RGB,2,,133.94178771972656,229.89306640625,219.55911254882812,308.7890319824219,0.959006130695343,176.75045013427734,,,,,,-15.444092094898224
23,RGB,3,,297.246337890625,229.3185272216797,369.48345947265625,308.6497802734375,0.9580888152122498,333.3648986816406,,,,,,1.4409031391143798
23,RGB,4,,216.6422576904297,229.90045166015625,295.39105224609375,308.9350891113281,0.9548376798629761,256.0166549682617,,,,,,-6.8982043862342834
23,RGB,5,,435.38702392578125,231.66168212890625,518.9767456054688,308.64434814453125,0.8672550916671753,477.181884765625,,,,,,16.946171951293945
23,LiDAR,1,1,,,,,,,-3.0479274073846874e-05,14.694587744967182,3,14.638895246814679,0.9,-0.00011884197075549416
23,LiDAR,2,2,,,,,,,0.7540364143100058,6.8299763981179415,1,6.871473532871506,0.4,6.3
23,LiDAR,3,3,,,,,,,1.9694013101485655,14.66233139855207,2,14.793954466124575,0.7,7.65001533382348
23,LiDAR,4,4,,,,,,,0.5010602401787413,3.1635698503719687,1,3.2030041464959886,0.4,9.0
23,LiDAR,5,5,,,,,,,3.782655558554778,14.735755047655315,3,15.139391165026321,0.9,14.396923909196166
23,LiDAR,6,6,,,,,,,-4.1362010483411025,14.666103199831078,2,15.230356729851026,0.7,-15.74975450021323
23,LiDAR,7,7,,,,,,,-2.0906068808441156,14.690444431842545,3,14.779278248264287,0.9,-8.099415216692213
24,CSI,1,,265.7803039550781,180.3193817138672,324.59088134765625,237.16334533691406,0.5382711887359619,295.1855926513672,,,,,,-22.402811189977136
24,CSI,2,,490.736328125,179.64080810546875,548.1585083007812,238.43740844726562,0.518704354763031,519.4474182128906,,,,,,21.355593797637194
24,CSI,3,,327.651611328125,177.5874786376953,376.3872985839844,239.66616821289062,0.5131242275238037,352.0194549560547,,,,,,-11.313277081745428
24,CSI,4,,435.4778747558594,177.671875,495.448486328125,238.7949676513672,0.4010573625564575,465.4631805419922,,,,,,10.822084008193597
24,RGB,1,,368.3150634765625,229.85662841796875,445.5171203613281,308.99810791015625,0.9644533395767212,406.9160919189453,,,,,,9.370641160011292
24,RGB,2,,297.26873779296875,229.32772827148438,369.5483703613281,308.6820068359375,0.9568265080451965,333.40855407714844,,,,,,1.445609736442566
24,RGB,3,,133.92478942871094,230.18695068359375,221.98036193847656,308.8023681640625,0.9547603130340576,177.95257568359375,,,,,,-15.314487934112549
24,RGB,4,,216.88714599609375,229.93978881835938,295.3221130371094,308.8314514160156,0.9527648091316223,256.10462951660156,,,,,,-6.888719630241394
24,RGB,5,,435.2406005859375,231.63455200195312,518.973388671875,308.6571350097656,0.8682110905647278,477.10699462890625,,,,,,16.938097858428957
24,LiDAR,1,1,,,,,,,-3.0479274073846874e-05,14.694587744967182,3,14.638895246814679,0.9,-0.00011884197075549416
24,LiDAR,2,2,,,,,,,0.7540364143100058,6.8299763981179415,1,6.871473532871506,0.4,6.3
24,LiDAR,3,3,,,,,,,1.9694013101485655,14.66233139855207,2,14.793954466124575,0.7,7.65001533382348
24,LiDAR,4,4,,,,,,,0.5010602401787413,3.1635698503719687,1,3.2030041464959886,0.4,9.0
24,LiDAR,5,5,,,,,,,3.782655558554778,14.735755047655315,3,15.139391165026321,0.9,14.396923909196166
24,LiDAR,6,6,,,,,,,-4.1362010483411025,14.666103199831078,2,15.230356729851026,0.7,-15.74975450021323
24,LiDAR,7,7,,,,,,,-2.0906068808441156,14.690444431842545,3,14.779278248264287,0.9,-8.099415216692213
25,CSI,1,,325.5315856933594,177.69625854492188,376.4202575683594,239.97897338867188,0.5342801809310913,350.9759216308594,,,,,,-11.516893340320122
25,CSI,2,,265.84649658203125,180.11166381835938,324.5581359863281,236.97406005859375,0.5226834416389465,295.2023162841797,,,,,,-22.399548042111277
25,CSI,3,,490.70758056640625,179.58706665039062,548.2540283203125,238.4769287109375,0.5159044861793518,519.4808044433594,,,,,,21.36210818407012
25,CSI,4,,435.4715881347656,177.6161346435547,495.53643798828125,238.8627166748047,0.4102323055267334,465.50401306152344,,,,,,10.830051329077744
25,RGB,1,,368.0224609375,230.00949096679688,445.4406433105469,308.9913024902344,0.9643214344978333,406.73155212402344,,,,,,9.350745463371277
25,RGB,2,,297.273681640625,229.21533203125,369.4072265625,308.6621398925781,0.9569221138954163,333.3404541015625,,,,,,1.438267707824707
25,RGB,3,,134.05438232421875,230.37803649902344,222.93466186523438,308.8324890136719,0.9530158042907715,178.49452209472656,,,,,,-15.256059336662293
25,RGB,4,,216.93603515625,229.92962646484375,295.4457092285156,308.7649230957031,0.9499663710594177,256.1908721923828,,,,,,-6.879421591758728
25,RGB,5,,435.43682861328125,231.685302734375,518.9464111328125,308.7027282714844,0.8664381504058838,477.1916198730469,,,,,,16.947221517562866
25,LiDAR,1,1,,,,,,,-3.0479274073846874e-05,14.694587744967182,3,14.638895246814679,0.9,-0.00011884197075549416
25,LiDAR,2,2,,,,,,,0.7540364143100058,6.8299763981179415,1,6.871473532871506,0.4,6.3
25,LiDAR,3,3,,,,,,,1.9694013101485655,14.66233139855207,2,14.793954466124575,0.7,7.65001533382348
25,LiDAR,4,4,,,,,,,0.5010602401787413,3.1635698503719687,1,3.2030041464959886,0.4,9.0
25,LiDAR,5,5,,,,,,,3.782655558554778,14.735755047655315,3,15.139391165026321,0.9,14.396923909196166
25,LiDAR,6,6,,,,,,,-4.1362010483411025,14.666103199831078,2,15.230356729851026,0.7,-15.74975450021323
25,LiDAR,7,7,,,,,,,-2.0906068808441156,14.690444431842545,3,14.779278248264287,0.9,-8.099415216692213
26,CSI,1,,265.85906982421875,180.1529998779297,324.6591796875,237.0785369873047,0.533150851726532,295.2591247558594,,,,,,-22.388463462271343
26,CSI,2,,325.6007080078125,177.69863891601562,376.27801513671875,239.93934631347656,0.5264222025871277,350.9393615722656,,,,,,-11.524027010289634
26,CSI,3,,490.34808349609375,179.52374267578125,548.2069091796875,238.44264221191406,0.508989691734314,519.2774963378906,,,,,,21.322438309832318
26,CSI,4,,435.62115478515625,177.484130859375,495.23541259765625,238.8227081298828,0.427028089761734,465.42828369140625,,,,,,10.815274866615853
26,RGB,1,,368.0859375,229.9874267578125,445.4874572753906,308.9375,0.9640713930130005,406.7866973876953,,,,,,9.356690812110902
26,RGB,2,,297.2812194824219,229.24493408203125,369.7530517578125,308.583251953125,0.9578222036361694,333.5171356201172,,,,,,1.4573161840438842
26,RGB,3,,134.0145263671875,230.5941925048828,224.40155029296875,308.9079284667969,0.9525633454322815,179.20803833007812,,,,,,-15.179133367538451
26,RGB,4,,217.17518615722656,229.72769165039062,295.3301086425781,308.76995849609375,0.9492335915565491,256.25264739990234,,,,,,-6.872761452198029
26,RGB,5,,435.01611328125,231.6168212890625,518.9407958984375,308.65728759765625,0.8721636533737183,476.97845458984375,,,,,,16.92423963546753
26,LiDAR,1,1,,,,,,,-3.0479274073846874e-05,14.694587744967182,3,14.638895246814679,0.9,-0.00011884197075549416
26,LiDAR,2,2,,,,,,,0.7540364143100058,6.8299763981179415,1,6.871473532871506,0.4,6.3
26,LiDAR,3,3,,,,,,,1.9694013101485655,14.66233139855207,2,14.793954466124575,0.7,7.65001533382348
26,LiDAR,4,4,,,,,,,0.5010602401787413,3.1635698503719687,1,3.2030041464959886,0.4,9.0
26,LiDAR,5,5,,,,,,,3.782655558554778,14.735755047655315,3,15.139391165026321,0.9,14.396923909196166
26,LiDAR,6,6,,,,,,,-4.1362010483411025,14.666103199831078,2,15.230356729851026,0.7,-15.74975450021323
26,LiDAR,7,7,,,,,,,-2.0906068808441156,14.690444431842545,3,14.779278248264287,0.9,-8.099415216692213
27,CSI,1,,325.90887451171875,177.83799743652344,376.4858703613281,239.90907287597656,0.5498693585395813,351.19737243652344,,,,,,-11.473683427019816
27,CSI,2,,490.6240234375,179.732421875,548.3223876953125,238.45162963867188,0.5384230613708496,519.4732055664062,,,,,,21.36062547637195
27,CSI,3,,265.94586181640625,180.10191345214844,324.85137939453125,236.88706970214844,0.4994058609008789,295.39862060546875,,,,,,-22.361244759908537
27,CSI,4,,435.62646484375,177.92462158203125,495.24517822265625,238.91432189941406,0.42590707540512085,465.4358215332031,,,,,,10.816745665015244
27,RGB,1,,367.9230041503906,230.04800415039062,445.5294494628906,308.99969482421875,0.9653773903846741,406.7262268066406,,,,,,9.350171327590942
27,RGB,2,,297.38275146484375,229.4859619140625,369.2090148925781,308.64532470703125,0.9588975310325623,333.29588317871094,,,,,,1.4334624052047729
27,RGB,3,,133.9837188720703,230.6417236328125,225.04676818847656,308.9296875,0.9521352052688599,179.51524353027344,,,,,,-15.146012806892395
27,RGB,4,,217.29823303222656,229.95315551757812,295.46502685546875,308.73968505859375,0.9484546184539795,256.38162994384766,,,,,,-6.858855521678924
27,RGB,5,,435.09625244140625,231.55091857910156,518.844482421875,308.6597595214844,0.8718281984329224,476.9703674316406,,,,,,16.923367738723755
27,LiDAR,1,1,,,,,,,-3.0479274073846874e-05,14.694587744967182,3,14.638895246814679,0.9,-0.00011884197075549416
27,LiDAR,2,2,,,,,,,0.7540364143100058,6.8299763981179415,1,6.871473532871506,0.4,6.3
27,LiDAR,3,3,,,,,,,1.9694013101485655,14.66233139855207,2,14.793954466124575,0.7,7.65001533382348
27,LiDAR,4,4,,,,,,,0.5010602401787413,3.1635698503719687,1,3.2030041464959886,0.4,9.0
27,LiDAR,5,5,,,,,,,3.782655558554778,14.735755047655315,3,15.139391165026321,0.9,14.396923909196166
27,LiDAR,6,6,,,,,,,-4.1362010483411025,14.666103199831078,2,15.230356729851026,0.7,-15.74975450021323
27,LiDAR,7,7,,,,,,,-2.0906068808441156,14.690444431842545,3,14.779278248264287,0.9,-8.099415216692213
28,CSI,1,,325.3513488769531,177.85594177246094,376.38275146484375,240.03822326660156,0.5483027696609497,350.86705017089844,,,,,,-11.538136552019818
28,CSI,2,,490.6796569824219,179.80540466308594,548.1859130859375,238.43710327148438,0.5406673550605774,519.4327850341797,,,,,,21.352738543254574
28,CSI,3,,265.9507751464844,180.05441284179688,324.5352783203125,237.01174926757812,0.5298767685890198,295.24302673339844,,,,,,-22.391604539824694
28,CSI,4,,435.6259460449219,177.4736785888672,495.5290222167969,238.83941650390625,0.44159531593322754,465.5774841308594,,,,,,10.844387147484756
28,RGB,1,,368.1953125,229.96005249023438,445.572265625,308.9735412597656,0.9652058482170105,406.8837890625,,,,,,9.367158508300781
28,RGB,2,,297.30816650390625,229.17788696289062,369.1544494628906,308.7054443359375,0.9567542672157288,333.23130798339844,,,,,,1.426500391960144
28,RGB,3,,134.01332092285156,230.9873046875,226.62608337402344,308.9486083984375,0.9509431719779968,180.3197021484375,,,,,,-15.059282112121583
28,RGB,4,,217.91055297851562,229.80125427246094,295.3812255859375,308.703857421875,0.9463467597961426,256.64588928222656,,,,,,-6.830365061759949
28,RGB,5,,435.315185546875,231.6956024169922,518.9461059570312,308.66400146484375,0.8672351837158203,477.1306457519531,,,,,,16.94064774513245
28,LiDAR,1,1,,,,,,,-3.0479274073846874e-05,14.694587744967182,3,14.638895246814679,0.9,-0.00011884197075549416
28,LiDAR,2,2,,,,,,,0.7540364143100058,6.8299763981179415,1,6.871473532871506,0.4,6.3
28,LiDAR,3,3,,,,,,,1.9694013101485655,14.66233139855207,2,14.793954466124575,0.7,7.65001533382348
28,LiDAR,4,4,,,,,,,0.5010602401787413,3.1635698503719687,1,3.2030041464959886,0.4,9.0
28,LiDAR,5,5,,,,,,,3.782655558554778,14.735755047655315,3,15.139391165026321,0.9,14.396923909196166
28,LiDAR,6,6,,,,,,,-4.1362010483411025,14.666103199831078,2,15.230356729851026,0.7,-15.74975450021323
28,LiDAR,7,7,,,,,,,-2.0906068808441156,14.690444431842545,3,14.779278248264287,0.9,-8.099415216692213
29,CSI,1,,490.7547302246094,179.64337158203125,548.1093139648438,238.2731475830078,0.5478917360305786,519.4320220947266,,,,,,21.352589677019814
29,CSI,2,,325.37188720703125,177.8597412109375,376.34478759765625,239.9580535888672,0.5413669347763062,350.85833740234375,,,,,,-11.539836604420731
29,CSI,3,,265.9226989746094,180.41404724121094,324.6366882324219,237.01736450195312,0.5303452610969543,295.2796936035156,,,,,,-22.384450028582318
29,CSI,4,,435.4740905761719,177.74310302734375,495.3739318847656,238.93235778808594,0.4230935573577881,465.42401123046875,,,,,,10.81444121570122
29,RGB,1,,368.3726806640625,229.87405395507812,445.547607421875,308.89837646484375,0.9651607871055603,406.96014404296875,,,,,,9.375390529632568
29,RGB,2,,297.34307861328125,229.57424926757812,369.30474853515625,308.65081787109375,0.9574907422065735,333.32391357421875,,,,,,1.436484432220459
29,RGB,3,,133.97511291503906,230.4414825439453,223.61346435546875,308.9163513183594,0.953549861907959,178.7942886352539,,,,,,-15.223740756511688
29,RGB,4,,217.29576110839844,229.78146362304688,295.338623046875,308.7225341796875,0.9477471709251404,256.3171920776367,,,,,,-6.865802729129792
29,RGB,5,,435.5012512207031,231.75108337402344,519.0615844726562,308.7059631347656,0.8658686876296997,477.2814178466797,,,,,,16.956902861595154
29,LiDAR,1,1,,,,,,,-3.0479274073846874e-05,14.694587744967182,3,14.638895246814679,0.9,-0.00011884197075549416
29,LiDAR,2,2,,,,,,,0.7540364143100058,6.8299763981179415,1,6.871473532871506,0.4,6.3
29,LiDAR,3,3,,,,,,,1.9694013101485655,14.66233139855207,2,14.793954466124575,0.7,7.65001533382348
29,LiDAR,4,4,,,,,,,0.5010602401787413,3.1635698503719687,1,3.2030041464959886,0.4,9.0
29,LiDAR,5,5,,,,,,,3.782655558554778,14.735755047655315,3,15.139391165026321,0.9,14.396923909196166
29,LiDAR,6,6,,,,,,,-4.1362010483411025,14.666103199831078,2,15.230356729851026,0.7,-15.74975450021323
29,LiDAR,7,7,,,,,,,-2.0906068808441156,14.690444431842545,3,14.779278248264287,0.9,-8.099415216692213
30,CSI,1,,490.4538269042969,179.7475128173828,547.8905029296875,238.26271057128906,0.558030903339386,519.1721649169922,,,,,,21.301885837461892
30,CSI,2,,266.0112609863281,180.2439727783203,324.5267028808594,236.95167541503906,0.521846354007721,295.26898193359375,,,,,,-22.38654011051829
30,CSI,3,,327.7145690917969,177.76930236816406,376.35894775390625,239.97291564941406,0.5184437036514282,352.03675842285156,,,,,,-11.309900795541159
30,CSI,4,,435.4757995605469,177.9213104248047,495.34820556640625,238.76548767089844,0.4589722752571106,465.41200256347656,,,,,,10.812098061166157
30,RGB,1,,368.34124755859375,230.10662841796875,445.43572998046875,308.9871520996094,0.965561032295227,406.88848876953125,,,,,,9.367665195465088
30,RGB,2,,297.380126953125,229.66087341308594,369.7235412597656,308.6285400390625,0.9596649408340454,333.5518341064453,,,,,,1.4610571146011353
30,RGB,3,,133.9822998046875,230.59429931640625,224.00338745117188,308.91912841796875,0.9539469480514526,178.9928436279297,,,,,,-15.20233404636383
30,RGB,4,,217.2977294921875,229.97470092773438,295.3813171386719,308.71533203125,0.9485860466957092,256.3395233154297,,,,,,-6.863395142555237
30,RGB,5,,435.3828125,231.77468872070312,519.0093383789062,308.6722412109375,0.8650109171867371,477.1960754394531,,,,,,16.94770188331604
30,LiDAR,1,1,,,,,,,-3.0479274073846874e-05,14.694587744967182,3,14.638895246814679,0.9,-0.00011884197075549416
30,LiDAR,2,2,,,,,,,0.7540364143100058,6.8299763981179415,1,6.871473532871506,0.4,6.3
30,LiDAR,3,3,,,,,,,1.9694013101485655,14.66233139855207,2,14.793954466124575,0.7,7.65001533382348
30,LiDAR,4,4,,,,,,,0.5010602401787413,3.1635698503719687,1,3.2030041464959886,0.4,9.0
30,LiDAR,5,5,,,,,,,3.782655558554778,14.735755047655315,3,15.139391165026321,0.9,14.396923909196166
30,LiDAR,6,6,,,,,,,-4.1362010483411025,14.666103199831078,2,15.230356729851026,0.7,-15.74975450021323
30,LiDAR,7,7,,,,,,,-2.0906068808441156,14.690444431842545,3,14.779278248264287,0.9,-8.099415216692213
31,CSI,1,,265.8832092285156,180.3685760498047,324.35504150390625,237.24658203125,0.5507422685623169,295.11912536621094,,,,,,-22.415780416349087
31,CSI,2,,490.4514465332031,179.8174285888672,548.014892578125,238.4063720703125,0.5500521659851074,519.2331695556641,,,,,,21.313789181592988
31,CSI,3,,323.3778381347656,177.8834686279297,376.6661682128906,240.01051330566406,0.5309130549430847,350.0220031738281,,,,,,-11.703023770960366
31,CSI,4,,435.8028564453125,177.92300415039062,495.5285339355469,238.80459594726562,0.45130226016044617,465.6656951904297,,,,,,10.861599061547256
31,RGB,1,,368.4364013671875,229.8492431640625,445.45269775390625,308.94122314453125,0.964148759841919,406.9445495605469,,,,,,9.37370924949646
31,RGB,2,,297.341064453125,229.49749755859375,370.06256103515625,308.6526184082031,0.9596697092056274,333.7018127441406,,,,,,1.477226686477661
31,RGB,3,,134.02523803710938,230.49749755859375,223.7105712890625,308.92840576171875,0.9533685445785522,178.86790466308594,,,,,,-15.215804028511048
31,RGB,4,,217.3816680908203,229.84698486328125,295.4190979003906,308.6983947753906,0.9495141506195068,256.40038299560547,,,,,,-6.856833708286286
31,RGB,5,,435.0054016113281,231.56442260742188,519.10986328125,308.68133544921875,0.8728751540184021,477.05763244628906,,,,,,16.93277599811554
31,LiDAR,1,1,,,,,,,-3.0479274073846874e-05,14.694587744967182,3,14.638895246814679,0.9,-0.00011884197075549416
31,LiDAR,2,2,,,,,,,0.7540364143100058,6.8299763981179415,1,6.871473532871506,0.4,6.3
31,LiDAR,3,3,,,,,,,1.9694013101485655,14.66233139855207,2,14.793954466124575,0.7,7.65001533382348
31,LiDAR,4,4,,,,,,,0.5010602401787413,3.1635698503719687,1,3.2030041464959886,0.4,9.0
31,LiDAR,5,5,,,,,,,3.782655558554778,14.735755047655315,3,15.139391165026321,0.9,14.396923909196166
31,LiDAR,6,6,,,,,,,-4.1362010483411025,14.666103199831078,2,15.230356729851026,0.7,-15.74975450021323
31,LiDAR,7,7,,,,,,,-2.0906068808441156,14.690444431842545,3,14.779278248264287,0.9,-8.099415216692213
32,CSI,1,,265.91943359375,180.29226684570312,324.3686218261719,237.0809326171875,0.5538815259933472,295.14402770996094,,,,,,-22.410921422446645
32,CSI,2,,326.61767578125,177.6339874267578,376.5169982910156,240.0297088623047,0.5445858836174011,351.5673370361328,,,,,,-11.401495212461889
32,CSI,3,,490.58642578125,179.8160858154297,547.9488525390625,238.40281677246094,0.54021817445755,519.2676391601562,,,,,,21.32051495807927
32,CSI,4,,436.0883483886719,177.88902282714844,495.5617370605469,238.82704162597656,0.4702470302581787,465.8250427246094,,,,,,10.892691263338413
32,RGB,1,,368.4666748046875,229.88380432128906,445.45947265625,309.00274658203125,0.9648305177688599,406.96307373046875,,,,,,9.375706386566161
32,RGB,2,,297.3121337890625,229.39389038085938,370.08575439453125,308.62725830078125,0.9589466452598572,333.6989440917969,,,,,,1.4769174098968505
32,RGB,3,,134.0374298095703,230.4627227783203,223.30047607421875,308.8825988769531,0.9542567729949951,178.66895294189453,,,,,,-15.237253510951996
32,RGB,4,,217.47901916503906,229.84658813476562,295.3816833496094,308.7525329589844,0.9522677063941956,256.4303512573242,,,,,,-6.8536027550697325
32,RGB,5,,435.19342041015625,231.6271209716797,518.985107421875,308.7286071777344,0.875430703163147,477.0892639160156,,,,,,16.936186265945434
32,LiDAR,1,1,,,,,,,-3.0479274073846874e-05,14.694587744967182,3,14.638895246814679,0.9,-0.00011884197075549416
32,LiDAR,2,2,,,,,,,0.7540364143100058,6.8299763981179415,1,6.871473532871506,0.4,6.3
32,LiDAR,3,3,,,,,,,1.9694013101485655,14.66233139855207,2,14.793954466124575,0.7,7.65001533382348
32,LiDAR,4,4,,,,,,,0.5010602401787413,3.1635698503719687,1,3.2030041464959886,0.4,9.0
32,LiDAR,5,5,,,,,,,3.782655558554778,14.735755047655315,3,15.139391165026321,0.9,14.396923909196166
32,LiDAR,6,6,,,,,,,-4.1362010483411025,14.666103199831078,2,15.230356729851026,0.7,-15.74975450021323
32,LiDAR,7,7,,,,,,,-2.0906068808441156,14.690444431842545,3,14.779278248264287,0.9,-8.099415216692213
33,CSI,1,,326.4926452636719,177.59185791015625,376.3403015136719,239.8509063720703,0.5440077781677246,351.4164733886719,,,,,,-11.430932021722562
33,CSI,2,,265.9078674316406,180.23345947265625,324.394287109375,237.0230255126953,0.5292066931724548,295.1510772705078,,,,,,-22.4095458984375
33,CSI,3,,490.2871398925781,179.7873077392578,548.1842651367188,238.2902374267578,0.5194472670555115,519.2357025146484,,,,,,21.31428341749238
33,CSI,4,,435.47698974609375,178.09930419921875,495.30010986328125,238.85520935058594,0.467267245054245,465.3885498046875,,,,,,10.807521913109756
33,CSI,5,,380.7807312011719,176.64981079101562,436.9320373535156,240.3269500732422,0.263290137052536,408.85638427734375,,,,,,-0.22314453125
33,RGB,1,,368.4834289550781,229.7928924560547,445.29241943359375,308.97076416015625,0.9646540880203247,406.88792419433594,,,,,,9.367604327201843
33,RGB,2,,297.2708435058594,229.07894897460938,369.703125,308.6465148925781,0.9583751559257507,333.4869842529297,,,,,,1.454065489768982
33,RGB,3,,133.97792053222656,230.27444458007812,221.8258514404297,308.88543701171875,0.9561477303504944,177.90188598632812,,,,,,-15.319952917098998
33,RGB,4,,217.10830688476562,229.89605712890625,295.30377197265625,308.7979736328125,0.9513520002365112,256.20603942871094,,,,,,-6.877786374092102
33,RGB,5,,434.9326171875,231.6257781982422,519.023681640625,308.69671630859375,0.8747981190681458,476.9781494140625,,,,,,16.924206733703613
33,LiDAR,1,1,,,,,,,-3.0479274073846874e-05,14.694587744967182,3,14.638895246814679,0.9,-0.00011884197075549416
33,LiDAR,2,2,,,,,,,0.7540364143100058,6.8299763981179415,1,6.871473532871506,0.4,6.3
33,LiDAR,3,3,,,,,,,1.9694013101485655,14.66233139855207,2,14.793954466124575,0.7,7.65001533382348
33,LiDAR,4,4,,,,,,,0.5010602401787413,3.1635698503719687,1,3.2030041464959886,0.4,9.0
33,LiDAR,5,5,,,,,,,3.782655558554778,14.735755047655315,3,15.139391165026321,0.9,14.396923909196166
33,LiDAR,6,6,,,,,,,-4.1362010483411025,14.666103199831078,2,15.230356729851026,0.7,-15.74975450021323
33,LiDAR,7,7,,,,,,,-2.0906068808441156,14.690444431842545,3,14.779278248264287,0.9,-8.099415216692213
34,CSI,1,,490.8370056152344,179.8136444091797,548.0796508789062,238.3651580810547,0.5413660407066345,519.4583282470703,,,,,,21.357722584794207
34,CSI,2,,325.2566833496094,177.5782928466797,376.3576354980469,239.9335174560547,0.537368655204773,350.8071594238281,,,,,,-11.54982255144817
34,CSI,3,,265.87982177734375,180.22564697265625,324.5238952636719,237.1297607421875,0.528967559337616,295.2018585205078,,,,,,-22.399637361852136
34,CSI,4,,435.10955810546875,177.9380645751953,495.48248291015625,238.8804473876953,0.45798254013061523,465.2960205078125,,,,,,10.789467416158535
34,CSI,5,,380.7340393066406,176.6342010498047,436.6889343261719,240.3620147705078,0.25446632504463196,408.71148681640625,,,,,,-0.25141720655487804
34,RGB,1,,368.6160888671875,229.86080932617188,445.60205078125,308.8703918457031,0.9642964005470276,407.10906982421875,,,,,,9.391446590423584
34,RGB,2,,297.3363342285156,229.4140625,369.4298400878906,308.7296142578125,0.9589418172836304,333.3830871582031,,,,,,1.4428640842437743
34,RGB,3,,134.0226287841797,230.586181640625,223.03701782226562,308.86669921875,0.9542062878608704,178.52982330322266,,,,,,-15.252253425121307
34,RGB,4,,217.24794006347656,229.89505004882812,295.20562744140625,308.78094482421875,0.9511076807975769,256.2267837524414,,,,,,-6.875549876689911
34,RGB,5,,434.8656921386719,231.510986328125,518.8798217773438,308.6778259277344,0.8803082704544067,476.8727569580078,,,,,,16.912844109535218
34,LiDAR,1,1,,,,,,,-3.0479274073846874e-05,14.694587744967182,3,14.638895246814679,0.9,-0.00011884197075549416
34,LiDAR,2,2,,,,,,,0.7540364143100058,6.8299763981179415,1,6.871473532871506,0.4,6.3
34,LiDAR,3,3,,,,,,,1.9694013101485655,14.66233139855207,2,14.793954466124575,0.7,7.65001533382348
34,LiDAR,4,4,,,,,,,0.5010602401787413,3.1635698503719687,1,3.2030041464959886,0.4,9.0
34,LiDAR,5,5,,,,,,,3.782655558554778,14.735755047655315,3,15.139391165026321,0.9,14.396923909196166
34,LiDAR,6,6,,,,,,,-4.1362010483411025,14.666103199831078,2,15.230356729851026,0.7,-15.74975450021323
34,LiDAR,7,7,,,,,,,-2.0906068808441156,14.690444431842545,3,14.779278248264287,0.9,-8.099415216692213
35,CSI,1,,326.19476318359375,177.74607849121094,376.51800537109375,239.91836547851562,0.5578473806381226,351.35638427734375,,,,,,-11.44265672637195
35,CSI,2,,490.5286865234375,179.77989196777344,548.10888671875,238.32005310058594,0.5458632707595825,519.3187866210938,,,,,,21.330494950457318
35,CSI,3,,265.87640380859375,180.2783660888672,324.6659240722656,237.0078582763672,0.5410897731781006,295.2711639404297,,,,,,-22.386114353086892
35,CSI,4,,435.57666015625,178.10621643066406,495.3028259277344,238.7943115234375,0.4751709997653961,465.4397430419922,,,,,,10.81751083746189
35,RGB,1,,368.796630859375,229.84033203125,445.3948059082031,308.9443664550781,0.9652814865112305,407.09571838378906,,,,,,9.390007138252258
35,RGB,2,,297.30010986328125,229.498046875,369.9751281738281,308.7073059082031,0.9583126306533813,333.6376190185547,,,,,,1.4703058004379272
35,RGB,3,,134.0755157470703,230.4805450439453,222.21023559570312,308.88470458984375,0.9539982676506042,178.14287567138672,,,,,,-15.293971216678619
35,RGB,4,,217.1534423828125,229.97604370117188,295.41339111328125,308.8404541015625,0.9516144394874573,256.2834167480469,,,,,,-6.869444131851196
35,RGB,5,,434.9488220214844,231.48178100585938,518.82861328125,308.6532287597656,0.8735466003417969,476.8887176513672,,,,,,16.914564871788027
35,LiDAR,1,1,,,,,,,-3.0479274073846874e-05,14.694587744967182,3,14.638895246814679,0.9,-0.00011884197075549416
35,LiDAR,2,2,,,,,,,0.7540364143100058,6.8299763981179415,1,6.871473532871506,0.4,6.3
35,LiDAR,3,3,,,,,,,1.9694013101485655,14.66233139855207,2,14.793954466124575,0.7,7.65001533382348
35,LiDAR,4,4,,,,,,,0.5010602401787413,3.1635698503719687,1,3.2030041464959886,0.4,9.0
35,LiDAR,5,5,,,,,,,3.782655558554778,14.735755047655315,3,15.139391165026321,0.9,14.396923909196166
35,LiDAR,6,6,,,,,,,-4.1362010483411025,14.666103199831078,2,15.230356729851026,0.7,-15.74975450021323
35,LiDAR,7,7,,,,,,,-2.0906068808441156,14.690444431842545,3,14.779278248264287,0.9,-8.099415216692213
36,CSI,1,,327.0194396972656,177.74639892578125,376.35675048828125,239.83518981933594,0.5471511483192444,351.68809509277344,,,,,,-11.377932664824694
36,CSI,2,,490.6371154785156,179.6857452392578,548.002685546875,238.3777313232422,0.5420075058937073,519.3199005126953,,,,,,21.33071229516006
36,CSI,3,,435.74322509765625,178.1416015625,495.474853515625,238.8291778564453,0.4857421815395355,465.6090393066406,,,,,,10.850544254954269
36,CSI,4,,265.9109802246094,180.17274475097656,325.1680908203125,236.99261474609375,0.47876739501953125,295.53953552246094,,,,,,-22.333749166349083
36,CSI,5,,380.9836120605469,175.70689392089844,436.93701171875,239.40664672851562,0.25791099667549133,408.96031188964844,,,,,,-0.2028659727515244
36,RGB,1,,368.4852294921875,229.87918090820312,445.5364685058594,308.8930969238281,0.9658231735229492,407.01084899902344,,,,,,9.380857157707215
36,RGB,2,,297.3607482910156,229.2644805908203,369.49493408203125,308.7349548339844,0.9580016136169434,333.42784118652344,,,,,,1.447689127922058
36,RGB,3,,134.07972717285156,230.5228271484375,223.0399627685547,308.9842529296875,0.9543031454086304,178.55984497070312,,,,,,-15.249016714096069
36,RGB,4,,217.16282653808594,229.90182495117188,295.3518981933594,308.7880859375,0.9514292478561401,256.25736236572266,,,,,,-6.872253119945526
36,RGB,5,,434.9720458984375,231.5834503173828,518.7334594726562,308.64886474609375,0.8726770281791687,476.8527526855469,,,,,,16.91068739891052
36,LiDAR,1,1,,,,,,,-3.0479274073846874e-05,14.694587744967182,3,14.638895246814679,0.9,-0.00011884197075549416
36,LiDAR,2,2,,,,,,,0.7540364143100058,6.8299763981179415,1,6.871473532871506,0.4,6.3
36,LiDAR,3,3,,,,,,,1.9694013101485655,14.66233139855207,2,14.793954466124575,0.7,7.65001533382348
36,LiDAR,4,4,,,,,,,0.5010602401787413,3.1635698503719687,1,3.2030041464959886,0.4,9.0
36,LiDAR,5,5,,,,,,,3.782655558554778,14.735755047655315,3,15.139391165026321,0.9,14.396923909196166
36,LiDAR,6,6,,,,,,,-4.1362010483411025,14.666103199831078,2,15.230356729851026,0.7,-15.74975450021323
36,LiDAR,7,7,,,,,,,-2.0906068808441156,14.690444431842545,3,14.779278248264287,0.9,-8.099415216692213
37,CSI,1,,490.7579345703125,179.68174743652344,548.1195068359375,238.2676544189453,0.5724366307258606,519.438720703125,,,,,,21.353896722560975
37,CSI,2,,325.3680725097656,177.82241821289062,376.6307373046875,239.9257049560547,0.5379553437232971,350.99940490722656,,,,,,-11.51231123761433
37,CSI,3,,265.8431396484375,179.8189697265625,324.8774719238281,236.95167541503906,0.5095094442367554,295.3603057861328,,,,,,-22.368720822217988
37,CSI,4,,435.4133605957031,177.93759155273438,495.52044677734375,238.76980590820312,0.46719953417778015,465.46690368652344,,,,,,10.822810475419207
37,RGB,1,,368.320556640625,229.98876953125,445.6265869140625,308.87432861328125,0.9643053412437439,406.97357177734375,,,,,,9.376838207244873
37,RGB,2,,297.21954345703125,229.36859130859375,369.7633056640625,308.7271728515625,0.9587587714195251,333.4914245605469,,,,,,1.4545442104339599
37,RGB,3,,133.99288940429688,230.76046752929688,224.67327880859375,308.94036865234375,0.9524623155593872,179.3330841064453,,,,,,-15.165651869773864
37,RGB,4,,217.488525390625,230.00729370117188,295.2442932128906,308.7869873046875,0.9514971375465393,256.3664093017578,,,,,,-6.8604964971542355
37,RGB,5,,435.02484130859375,231.626953125,518.843017578125,308.66619873046875,0.8719098567962646,476.9339294433594,,,,,,16.919439268112182
37,LiDAR,1,1,,,,,,,-3.0479274073846874e-05,14.694587744967182,3,14.638895246814679,0.9,-0.00011884197075549416
37,LiDAR,2,2,,,,,,,0.7540364143100058,6.8299763981179415,1,6.871473532871506,0.4,6.3
37,LiDAR,3,3,,,,,,,1.9694013101485655,14.66233139855207,2,14.793954466124575,0.7,7.65001533382348
37,LiDAR,4,4,,,,,,,0.5010602401787413,3.1635698503719687,1,3.2030041464959886,0.4,9.0
37,LiDAR,5,5,,,,,,,3.782655558554778,14.735755047655315,3,15.139391165026321,0.9,14.396923909196166
37,LiDAR,6,6,,,,,,,-4.1362010483411025,14.666103199831078,2,15.230356729851026,0.7,-15.74975450021323
37,LiDAR,7,7,,,,,,,-2.0906068808441156,14.690444431842545,3,14.779278248264287,0.9,-8.099415216692213
38,CSI,1,,490.863525390625,179.6510009765625,548.0308837890625,238.25723266601562,0.577194333076477,519.4472045898438,,,,,,21.355552115091463
38,CSI,2,,325.65765380859375,177.7294921875,376.6603698730469,239.9353485107422,0.5504185557365417,351.1590118408203,,,,,,-11.481168421303353
38,CSI,3,,265.9616394042969,180.11026000976562,324.6668395996094,237.01368713378906,0.5064384937286377,295.3142395019531,,,,,,-22.377709365472562
38,CSI,4,,434.9219055175781,177.8493194580078,495.405517578125,238.86476135253906,0.4669642746448517,465.16371154785156,,,,,,10.763651033727136
38,CSI,5,,380.8306884765625,176.4492645263672,436.8250427246094,240.33029174804688,0.25763756036758423,408.82786560058594,,,,,,-0.22870915110518292
38,RGB,1,,368.617431640625,229.71002197265625,445.3903503417969,308.8616943359375,0.965078592300415,407.00389099121094,,,,,,9.380106997489928
38,RGB,2,,297.2002258300781,229.27215576171875,370.2640380859375,308.66192626953125,0.9593977928161621,333.7321319580078,,,,,,1.4804954767227172
38,RGB,3,,133.9615478515625,230.97084045410156,225.67019653320312,308.9338684082031,0.951015830039978,179.8158721923828,,,,,,-15.113601279258727
38,RGB,4,,217.63450622558594,229.91558837890625,294.99786376953125,308.698486328125,0.9487622976303101,256.3161849975586,,,,,,-6.865911304950714
38,RGB,5,,435.0886535644531,231.66848754882812,518.8383178710938,308.646484375,0.8692551851272583,476.96348571777344,,,,,,16.92262580394745
38,LiDAR,1,1,,,,,,,-3.0479274073846874e-05,14.694587744967182,3,14.638895246814679,0.9,-0.00011884197075549416
38,LiDAR,2,2,,,,,,,0.7540364143100058,6.8299763981179415,1,6.871473532871506,0.4,6.3
38,LiDAR,3,3,,,,,,,1.9694013101485655,14.66233139855207,2,14.793954466124575,0.7,7.65001533382348
38,LiDAR,4,4,,,,,,,0.5010602401787413,3.1635698503719687,1,3.2030041464959886,0.4,9.0
38,LiDAR,5,5,,,,,,,3.782655558554778,14.735755047655315,3,15.139391165026321,0.9,14.396923909196166
38,LiDAR,6,6,,,,,,,-4.1362010483411025,14.666103199831078,2,15.230356729851026,0.7,-15.74975450021323
38,LiDAR,7,7,,,,,,,-2.0906068808441156,14.690444431842545,3,14.779278248264287,0.9,-8.099415216692213
39,CSI,1,,490.4586181640625,179.625244140625,547.9600219726562,238.28350830078125,0.5359066724777222,519.2093200683594,,,,,,21.309135623094512
39,CSI,2,,327.7393798828125,177.78585815429688,376.4388732910156,239.88211059570312,0.5351520776748657,352.08912658691406,,,,,,-11.2996826171875
39,CSI,3,,265.8748474121094,179.72296142578125,324.65081787109375,237.01571655273438,0.5169182419776917,295.26283264160156,,,,,,-22.38773997237043
39,CSI,4,,435.1003723144531,177.9657745361328,495.6370544433594,238.69964599609375,0.4551788866519928,465.36871337890625,,,,,,10.803651391006097
39,CSI,5,,380.9203186035156,176.66087341308594,436.855712890625,240.3187255859375,0.2550799250602722,408.8880157470703,,,,,,-0.2169725371570122
39,RGB,1,,368.55780029296875,229.90771484375,445.44696044921875,308.8833312988281,0.9642457365989685,407.00238037109375,,,,,,9.379944133758546
39,RGB,2,,297.3033142089844,229.2027587890625,369.810791015625,308.6873474121094,0.9589813947677612,333.5570526123047,,,,,,1.4616197347640991
39,RGB,3,,134.02896118164062,230.455078125,222.90603637695312,308.8870544433594,0.9544903635978699,178.46749877929688,,,,,,-15.258972787857056
39,RGB,4,,217.26844787597656,230.08184814453125,295.16424560546875,308.7477111816406,0.9506120085716248,256.21634674072266,,,,,,-6.8766751170158384
39,RGB,5,,434.59503173828125,231.61634826660156,518.7893676757812,308.5741271972656,0.8726089596748352,476.69219970703125,,,,,,16.893377780914307
39,LiDAR,1,1,,,,,,,-3.0479274073846874e-05,14.694587744967182,3,14.638895246814679,0.9,-0.00011884197075549416
39,LiDAR,2,2,,,,,,,0.7540364143100058,6.8299763981179415,1,6.871473532871506,0.4,6.3
39,LiDAR,3,3,,,,,,,1.9694013101485655,14.66233139855207,2,14.793954466124575,0.7,7.65001533382348
39,LiDAR,4,4,,,,,,,0.5010602401787413,3.1635698503719687,1,3.2030041464959886,0.4,9.0
39,LiDAR,5,5,,,,,,,3.782655558554778,14.735755047655315,3,15.139391165026321,0.9,14.396923909196166
39,LiDAR,6,6,,,,,,,-4.1362010483411025,14.666103199831078,2,15.230356729851026,0.7,-15.74975450021323
39,LiDAR,7,7,,,,,,,-2.0906068808441156,14.690444431842545,3,14.779278248264287,0.9,-8.099415216692213
40,CSI,1,,324.80548095703125,177.83160400390625,376.347412109375,239.89463806152344,0.5504249930381775,350.5764465332031,,,,,,-11.594839700838415
40,CSI,2,,490.833984375,179.70068359375,547.9715576171875,238.36453247070312,0.5477665066719055,519.4027709960938,,,,,,21.346882145579265
40,CSI,3,,265.96746826171875,180.07815551757812,324.62518310546875,237.13755798339844,0.5351164937019348,295.29632568359375,,,,,,-22.381204744664632
40,CSI,4,,435.80426025390625,177.91944885253906,495.5732421875,238.6814422607422,0.46880042552948,465.6887512207031,,,,,,10.866097799161585
40,CSI,5,,380.7524108886719,176.44456481933594,436.7782897949219,240.40817260742188,0.2618241608142853,408.7653503417969,,,,,,-0.24090725038109756
40,RGB,1,,368.7731628417969,230.00296020507812,445.2695617675781,308.8671875,0.9654560089111328,407.0213623046875,,,,,,9.38199062347412
40,RGB,2,,297.2757568359375,229.22555541992188,369.87945556640625,308.7505798339844,0.9585803151130676,333.5776062011719,,,,,,1.4638356685638427
40,RGB,3,,134.10325622558594,230.58541870117188,223.7819061279297,308.9109191894531,0.9530072212219238,178.9425811767578,,,,,,-15.207752966880799
40,RGB,4,,217.5805206298828,229.94027709960938,294.8638000488281,308.82843017578125,0.9507925510406494,256.22216033935547,,,,,,-6.876048338413239
40,RGB,5,,434.81072998046875,231.62783813476562,518.7630004882812,308.57757568359375,0.8700615763664246,476.786865234375,,,,,,16.903583908081057
40,LiDAR,1,1,,,,,,,-3.0479274073846874e-05,14.694587744967182,3,14.638895246814679,0.9,-0.00011884197075549416
40,LiDAR,2,2,,,,,,,0.7540364143100058,6.8299763981179415,1,6.871473532871506,0.4,6.3
40,LiDAR,3,3,,,,,,,1.9694013101485655,14.66233139855207,2,14.793954466124575,0.7,7.65001533382348
40,LiDAR,4,4,,,,,,,0.5010602401787413,3.1635698503719687,1,3.2030041464959886,0.4,9.0
40,LiDAR,5,5,,,,,,,3.782655558554778,14.735755047655315,3,15.139391165026321,0.9,14.396923909196166
40,LiDAR,6,6,,,,,,,-4.1362010483411025,14.666103199831078,2,15.230356729851026,0.7,-15.74975450021323
40,LiDAR,7,7,,,,,,,-2.0906068808441156,14.690444431842545,3,14.779278248264287,0.9,-8.099415216692213
41,CSI,1,,323.3319091796875,177.99794006347656,376.6903991699219,239.90640258789062,0.5637513995170593,350.0111541748047,,,,,,-11.705140648818597
41,CSI,2,,490.8863830566406,179.60589599609375,547.9541015625,238.35702514648438,0.555385172367096,519.4202423095703,,,,,,21.350291182355182
41,CSI,3,,265.95281982421875,179.8902587890625,324.486083984375,237.15057373046875,0.5205279588699341,295.2194519042969,,,,,,-22.396204506478657
41,CSI,4,,435.2679748535156,177.9112548828125,495.6230163574219,238.70416259765625,0.4800826609134674,465.44549560546875,,,,,,10.81863328887195
41,CSI,5,,380.7408752441406,176.5657958984375,436.581298828125,240.35214233398438,0.2748517394065857,408.6610870361328,,,,,,-0.2612513100228659
41,RGB,1,,368.3435974121094,230.03045654296875,445.426513671875,308.82635498046875,0.9632145166397095,406.8850555419922,,,,,,9.367295050621033
41,RGB,2,,297.4398498535156,229.1632080078125,369.56536865234375,308.7986145019531,0.9587059617042542,333.5026092529297,,,,,,1.455750060081482
41,RGB,3,,134.07666015625,230.5072479248047,222.56137084960938,308.88458251953125,0.9542207717895508,178.3190155029297,,,,,,-15.274981141090393
41,RGB,4,,217.20291137695312,229.9742431640625,295.22454833984375,308.8013916015625,0.9508531093597412,256.21372985839844,,,,,,-6.876957249641419
41,RGB,5,,434.58062744140625,231.6669158935547,518.7673950195312,308.591552734375,0.8742916584014893,476.67401123046875,,,,,,16.891416835784913
41,LiDAR,1,1,,,,,,,-3.0479274073846874e-05,14.694587744967182,3,14.638895246814679,0.9,-0.00011884197075549416
41,LiDAR,2,2,,,,,,,0.7540364143100058,6.8299763981179415,1,6.871473532871506,0.4,6.3
41,LiDAR,3,3,,,,,,,1.9694013101485655,14.66233139855207,2,14.793954466124575,0.7,7.65001533382348
41,LiDAR,4,4,,,,,,,0.5010602401787413,3.1635698503719687,1,3.2030041464959886,0.4,9.0
41,LiDAR,5,5,,,,,,,3.782655558554778,14.735755047655315,3,15.139391165026321,0.9,14.396923909196166
41,LiDAR,6,6,,,,,,,-4.1362010483411025,14.666103199831078,2,15.230356729851026,0.7,-15.74975450021323
41,LiDAR,7,7,,,,,,,-2.0906068808441156,14.690444431842545,3,14.779278248264287,0.9,-8.099415216692213
42,CSI,1,,325.9145812988281,177.75779724121094,376.476806640625,239.9234619140625,0.5509237051010132,351.19569396972656,,,,,,-11.474010932736281
42,CSI,2,,490.8931579589844,179.51025390625,547.9412231445312,238.36441040039062,0.5439507365226746,519.4171905517578,,,,,,21.349695717416157
42,CSI,3,,265.9301452636719,180.00497436523438,324.946533203125,237.00611877441406,0.49917078018188477,295.43833923339844,,,,,,-22.353494783727132
42,CSI,4,,435.589599609375,178.2302703857422,495.65130615234375,238.8791961669922,0.4836598336696625,465.6204528808594,,,,,,10.852771293826219
42,CSI,5,,380.6562805175781,176.3802032470703,436.7574462890625,240.43991088867188,0.2557375729084015,408.7068634033203,,,,,,-0.2523193359375
42,RGB,1,,368.8221435546875,229.8543243408203,445.64227294921875,308.8553161621094,0.9646725058555603,407.2322082519531,,,,,,9.404722452163696
42,RGB,2,,297.2994689941406,229.21148681640625,370.0598449707031,308.7449951171875,0.9585310816764832,333.6796569824219,,,,,,1.4748380184173584
42,RGB,3,,134.19918823242188,230.33619689941406,221.5254364013672,308.9147033691406,0.9553117752075195,177.86231231689453,,,,,,-15.324219453334809
42,RGB,4,,217.12576293945312,229.99765014648438,295.0313415527344,308.8070983886719,0.9528707265853882,256.07855224609375,,,,,,-6.891531085968017
42,RGB,5,,434.83294677734375,231.65463256835938,518.8560791015625,308.60693359375,0.8735048770904541,476.8445129394531,,,,,,16.90979905128479
42,LiDAR,1,1,,,,,,,-3.0479274073846874e-05,14.694587744967182,3,14.638895246814679,0.9,-0.00011884197075549416
42,LiDAR,2,2,,,,,,,0.7540364143100058,6.8299763981179415,1,6.871473532871506,0.4,6.3
42,LiDAR,3,3,,,,,,,1.9694013101485655,14.66233139855207,2,14.793954466124575,0.7,7.65001533382348
42,LiDAR,4,4,,,,,,,0.5010602401787413,3.1635698503719687,1,3.2030041464959886,0.4,9.0
42,LiDAR,5,5,,,,,,,3.782655558554778,14.735755047655315,3,15.139391165026321,0.9,14.396923909196166
42,LiDAR,6,6,,,,,,,-4.1362010483411025,14.666103199831078,2,15.230356729851026,0.7,-15.74975450021323
42,LiDAR,7,7,,,,,,,-2.0906068808441156,14.690444431842545,3,14.779278248264287,0.9,-8.099415216692213
43,CSI,1,,324.5584716796875,178.1346893310547,376.7418212890625,239.9095001220703,0.5694219470024109,350.650146484375,,,,,,-11.580459222560975
43,CSI,2,,490.9709777832031,179.59283447265625,547.8338623046875,238.3344268798828,0.5666614174842834,519.4024200439453,,,,,,21.34681366711128
43,CSI,3,,265.9912414550781,180.13856506347656,324.88177490234375,236.89215087890625,0.5218827724456787,295.43650817871094,,,,,,-22.353852062690546
43,CSI,4,,435.211181640625,177.7300262451172,495.6263427734375,238.7649383544922,0.46428218483924866,465.41876220703125,,,,,,10.813417016006097
43,CSI,5,,380.6846923828125,176.56930541992188,436.463134765625,240.3772430419922,0.2810801565647125,408.57391357421875,,,,,,-0.27826076600609756
43,RGB,1,,368.5111999511719,229.72457885742188,445.4177551269531,308.9032897949219,0.965892493724823,406.9644775390625,,,,,,9.375857734680176
43,RGB,2,,297.3316650390625,229.163818359375,369.4059753417969,308.6802673339844,0.9585897922515869,333.3688201904297,,,,,,1.4413259267807006
43,RGB,3,,134.1099090576172,230.4257354736328,222.80337524414062,308.9901123046875,0.953331708908081,178.4566421508789,,,,,,-15.260143268108369
43,RGB,4,,217.1776123046875,229.8655242919922,294.83673095703125,308.81646728515625,0.9478108882904053,256.0071716308594,,,,,,-6.899226808547974
43,RGB,5,,434.928955078125,231.6885223388672,518.6507568359375,308.6360168457031,0.8709427714347839,476.78985595703125,,,,,,16.90390634536743
43,LiDAR,1,1,,,,,,,-3.0479274073846874e-05,14.694587744967182,3,14.638895246814679,0.9,-0.00011884197075549416
43,LiDAR,2,2,,,,,,,0.7540364143100058,6.8299763981179415,1,6.871473532871506,0.4,6.3
43,LiDAR,3,3,,,,,,,1.9694013101485655,14.66233139855207,2,14.793954466124575,0.7,7.65001533382348
43,LiDAR,4,4,,,,,,,0.5010602401787413,3.1635698503719687,1,3.2030041464959886,0.4,9.0
43,LiDAR,5,5,,,,,,,3.782655558554778,14.735755047655315,3,15.139391165026321,0.9,14.396923909196166
43,LiDAR,6,6,,,,,,,-4.1362010483411025,14.666103199831078,2,15.230356729851026,0.7,-15.74975450021323
43,LiDAR,7,7,,,,,,,-2.0906068808441156,14.690444431842545,3,14.779278248264287,0.9,-8.099415216692213
44,CSI,1,,327.45819091796875,177.920166015625,376.6357116699219,239.9670867919922,0.5590627789497375,352.0469512939453,,,,,,-11.307911942644818
44,CSI,2,,490.6092834472656,179.64425659179688,547.9608764648438,238.37759399414062,0.5500125288963318,519.2850799560547,,,,,,21.32391804020579
44,CSI,3,,435.63995361328125,177.99911499023438,495.23480224609375,238.6783905029297,0.47860974073410034,465.4373779296875,,,,,,10.817049352134147
44,CSI,4,,265.9336853027344,179.9974822998047,325.208251953125,237.04971313476562,0.47074416279792786,295.5709686279297,,,,,,-22.327615877477136
44,CSI,5,,380.6117248535156,176.64559936523438,436.7425231933594,240.44239807128906,0.26692357659339905,408.6771240234375,,,,,,-0.2581221417682927
44,RGB,1,,368.3836975097656,229.73324584960938,445.4798889160156,308.8928527832031,0.9654818177223206,406.9317932128906,,,,,,9.37233395576477
44,RGB,2,,297.328369140625,229.06106567382812,369.4468078613281,308.71270751953125,0.9585539102554321,333.38758850097656,,,,,,1.4433493852615356
44,RGB,3,,134.1551513671875,230.79205322265625,225.47982788085938,308.9873352050781,0.950518786907196,179.81748962402344,,,,,,-15.113426899909973
44,RGB,4,,217.44363403320312,229.80706787109375,295.07269287109375,308.821044921875,0.9477510452270508,256.25816345214844,,,,,,-6.872166752815247
44,RGB,5,,434.9611511230469,231.69476318359375,518.7052612304688,308.6332092285156,0.8723345398902893,476.8332061767578,,,,,,16.9085800409317
44,LiDAR,1,1,,,,,,,-3.0479274073846874e-05,14.694587744967182,3,14.638895246814679,0.9,-0.00011884197075549416
44,LiDAR,2,2,,,,,,,0.7540364143100058,6.8299763981179415,1,6.871473532871506,0.4,6.3
44,LiDAR,3,3,,,,,,,1.9694013101485655,14.66233139855207,2,14.793954466124575,0.7,7.65001533382348
44,LiDAR,4,4,,,,,,,0.5010602401787413,3.1635698503719687,1,3.2030041464959886,0.4,9.0
44,LiDAR,5,5,,,,,,,3.782655558554778,14.735755047655315,3,15.139391165026321,0.9,14.396923909196166
44,LiDAR,6,6,,,,,,,-4.1362010483411025,14.666103199831078,2,15.230356729851026,0.7,-15.74975450021323
44,LiDAR,7,7,,,,,,,-2.0906068808441156,14.690444431842545,3,14.779278248264287,0.9,-8.099415216692213
45,CSI,1,,326.72991943359375,177.9681396484375,376.6943054199219,239.96151733398438,0.5638907551765442,351.7121124267578,,,,,,-11.373246355754574
45,CSI,2,,490.85711669921875,179.68289184570312,548.04736328125,238.35018920898438,0.5328435301780701,519.4522399902344,,,,,,21.35653463224085
45,CSI,3,,265.9939880371094,179.8279266357422,324.7991638183594,237.018310546875,0.5122337341308594,295.3965759277344,,,,,,-22.361643721417682
45,CSI,4,,435.1119384765625,178.1961669921875,495.44024658203125,238.8621063232422,0.4660973846912384,465.2760925292969,,,,,,10.785579030106707
45,CSI,5,,380.8733215332031,176.59527587890625,436.58514404296875,240.3837127685547,0.28056851029396057,408.72923278808594,,,,,,-0.24795457793445122
45,RGB,1,,368.7120361328125,229.80258178710938,445.48095703125,308.8689270019531,0.9650932550430298,407.09649658203125,,,,,,9.390091037750244
45,RGB,2,,297.2373046875,229.400390625,370.0997314453125,308.8026123046875,0.9596246480941772,333.66851806640625,,,,,,1.4736371040344238
45,RGB,3,,133.99114990234375,231.0017852783203,226.70887756347656,308.9616394042969,0.9503540396690369,180.35001373291016,,,,,,-15.056014144420624
45,RGB,4,,217.92967224121094,229.91485595703125,294.9252014160156,308.7257385253906,0.9445633888244629,256.4274368286133,,,,,,-6.853916966915131
45,RGB,5,,434.601318359375,231.58908081054688,518.6109619140625,308.6216125488281,0.8768899440765381,476.60614013671875,,,,,,16.88409948348999
45,LiDAR,1,1,,,,,,,-3.0479274073846874e-05,14.694587744967182,3,14.638895246814679,0.9,-0.00011884197075549416
45,LiDAR,2,2,,,,,,,0.7540364143100058,6.8299763981179415,1,6.871473532871506,0.4,6.3
45,LiDAR,3,3,,,,,,,1.9694013101485655,14.66233139855207,2,14.793954466124575,0.7,7.65001533382348
45,LiDAR,4,4,,,,,,,0.5010602401787413,3.1635698503719687,1,3.2030041464959886,0.4,9.0
45,LiDAR,5,5,,,,,,,3.782655558554778,14.735755047655315,3,15.139391165026321,0.9,14.396923909196166
45,LiDAR,6,6,,,,,,,-4.1362010483411025,14.666103199831078,2,15.230356729851026,0.7,-15.74975450021323
45,LiDAR,7,7,,,,,,,-2.0906068808441156,14.690444431842545,3,14.779278248264287,0.9,-8.099415216692213
46,CSI,1,,490.965087890625,179.52630615234375,547.9525146484375,238.4309844970703,0.5507779121398926,519.4588012695312,,,,,,21.35781488185976
46,CSI,2,,328.38909912109375,178.15887451171875,376.892822265625,240.1357879638672,0.5393257737159729,352.6409606933594,,,,,,-11.192007669588415
46,CSI,3,,265.96405029296875,179.7503662109375,324.9421081542969,236.97366333007812,0.5018080472946167,295.4530792236328,,,,,,-22.35061868807165
46,CSI,4,,435.334228515625,178.01754760742188,495.4064025878906,238.74273681640625,0.4560149908065796,465.3703155517578,,,,,,10.803964010099085
46,CSI,5,,380.87359619140625,176.54835510253906,436.50970458984375,240.42636108398438,0.27299174666404724,408.691650390625,,,,,,-0.25528772865853655
46,RGB,1,,368.838623046875,229.86376953125,445.4992980957031,308.9234619140625,0.9639282822608948,407.16896057128906,,,,,,9.397903561592102
46,RGB,2,,297.3348693847656,229.21905517578125,370.20721435546875,308.7823486328125,0.9585826992988586,333.7710418701172,,,,,,1.4846904516220092
46,RGB,3,,133.97598266601562,231.1014404296875,227.00436401367188,309.04827880859375,0.9482840299606323,180.49017333984375,,,,,,-15.040903186798095
46,RGB,4,,218.06382751464844,229.887451171875,294.79193115234375,308.79058837890625,0.9423547983169556,256.4278793334961,,,,,,-6.853869259357452
46,RGB,5,,434.7523193359375,231.5980224609375,518.7823486328125,308.6537780761719,0.8688750267028809,476.767333984375,,,,,,16.901478195190432
46,LiDAR,1,1,,,,,,,-3.0479274073846874e-05,14.694587744967182,3,14.638895246814679,0.9,-0.00011884197075549416
46,LiDAR,2,2,,,,,,,0.7540364143100058,6.8299763981179415,1,6.871473532871506,0.4,6.3
46,LiDAR,3,3,,,,,,,1.9694013101485655,14.66233139855207,2,14.793954466124575,0.7,7.65001533382348
46,LiDAR,4,4,,,,,,,0.5010602401787413,3.1635698503719687,1,3.2030041464959886,0.4,9.0
46,LiDAR,5,5,,,,,,,3.782655558554778,14.735755047655315,3,15.139391165026321,0.9,14.396923909196166
46,LiDAR,6,6,,,,,,,-4.1362010483411025,14.666103199831078,2,15.230356729851026,0.7,-15.74975450021323
46,LiDAR,7,7,,,,,,,-2.0906068808441156,14.690444431842545,3,14.779278248264287,0.9,-8.099415216692213
47,CSI,1,,327.3096008300781,178.1763153076172,376.6261291503906,239.99488830566406,0.5395557284355164,351.9678649902344,,,,,,-11.323343416539636
47,CSI,2,,266.0092468261719,180.11395263671875,324.8531188964844,236.851318359375,0.5140160322189331,295.4311828613281,,,,,,-22.35489114900915
47,CSI,3,,490.87420654296875,179.39263916015625,547.9015502929688,238.39022827148438,0.5056412220001221,519.3878784179688,,,,,,21.34397627667683
47,CSI,4,,435.4792785644531,177.93809509277344,495.6172180175781,238.76345825195312,0.4410642087459564,465.5482482910156,,,,,,10.838682593368903
47,CSI,5,,380.8837890625,176.5796661376953,436.5311279296875,240.355224609375,0.27581077814102173,408.70745849609375,,,,,,-0.25220322027439024
47,RGB,1,,368.66375732421875,229.6910400390625,445.39935302734375,308.9423828125,0.9650259613990784,407.03155517578125,,,,,,9.383089542388916
47,RGB,2,,297.3362731933594,228.94113159179688,369.9803771972656,308.7231140136719,0.9587794542312622,333.6583251953125,,,,,,1.4725381851196289
47,RGB,3,,133.93348693847656,230.802734375,226.78973388671875,309.0126953125,0.9490789771080017,180.36161041259766,,,,,,-15.054763877391816
47,RGB,4,,217.73219299316406,229.89788818359375,294.87969970703125,308.7477111816406,0.9428921937942505,256.30594635009766,,,,,,-6.867015159130096
47,RGB,5,,434.7887268066406,231.59259033203125,518.7913818359375,308.6800537109375,0.8686931133270264,476.79005432128906,,,,,,16.903927731513978
47,LiDAR,1,1,,,,,,,-3.0479274073846874e-05,14.694587744967182,3,14.638895246814679,0.9,-0.00011884197075549416
47,LiDAR,2,2,,,,,,,0.7540364143100058,6.8299763981179415,1,6.871473532871506,0.4,6.3
47,LiDAR,3,3,,,,,,,1.9694013101485655,14.66233139855207,2,14.793954466124575,0.7,7.65001533382348
47,LiDAR,4,4,,,,,,,0.5010602401787413,3.1635698503719687,1,3.2030041464959886,0.4,9.0
47,LiDAR,5,5,,,,,,,3.782655558554778,14.735755047655315,3,15.139391165026321,0.9,14.396923909196166
47,LiDAR,6,6,,,,,,,-4.1362010483411025,14.666103199831078,2,15.230356729851026,0.7,-15.74975450021323
47,LiDAR,7,7,,,,,,,-2.0906068808441156,14.690444431842545,3,14.779278248264287,0.9,-8.099415216692213
48,CSI,1,,324.5608215332031,178.35592651367188,376.5555114746094,239.9928436279297,0.5665128827095032,350.55816650390625,,,,,,-11.598406535823171
48,CSI,2,,265.9937744140625,180.16725158691406,324.745361328125,237.0188446044922,0.5111483931541443,295.36956787109375,,,,,,-22.36691358612805
48,CSI,3,,490.9374694824219,179.45066833496094,548.015625,238.36990356445312,0.5034372806549072,519.4765472412109,,,,,,21.361277510480182
48,CSI,4,,435.6658020019531,178.1285400390625,495.781494140625,238.71755981445312,0.43437784910202026,465.72364807128906,,,,,,10.872906940739329
48,CSI,5,,380.54681396484375,176.5531463623047,436.6490173339844,240.4075927734375,0.252046138048172,408.59791564941406,,,,,,-0.2735774342606707
48,RGB,1,,368.65594482421875,229.84426879882812,445.4572448730469,308.8908996582031,0.9632038474082947,407.0565948486328,,,,,,9.385789132118225
48,RGB,2,,297.2826843261719,228.978759765625,369.7675476074219,308.7730712890625,0.9570226669311523,333.5251159667969,,,,,,1.458176565170288
48,RGB,3,,133.9264373779297,230.95660400390625,227.18179321289062,309.0056457519531,0.9469978213310242,180.55411529541016,,,,,,-15.034009444713593
48,RGB,4,,218.0110626220703,229.91290283203125,295.1084289550781,308.69287109375,0.9416292905807495,256.5597457885742,,,,,,-6.839652407169342
48,RGB,5,,434.82879638671875,231.6172637939453,518.7922973632812,308.6491394042969,0.8685113191604614,476.810546875,,,,,,16.906137084960935
48,LiDAR,1,1,,,,,,,-3.0479274073846874e-05,14.694587744967182,3,14.638895246814679,0.9,-0.00011884197075549416
48,LiDAR,2,2,,,,,,,0.7540364143100058,6.8299763981179415,1,6.871473532871506,0.4,6.3
48,LiDAR,3,3,,,,,,,1.9694013101485655,14.66233139855207,2,14.793954466124575,0.7,7.65001533382348
48,LiDAR,4,4,,,,,,,0.5010602401787413,3.1635698503719687,1,3.2030041464959886,0.4,9.0
48,LiDAR,5,5,,,,,,,3.782655558554778,14.735755047655315,3,15.139391165026321,0.9,14.396923909196166
48,LiDAR,6,6,,,,,,,-4.1362010483411025,14.666103199831078,2,15.230356729851026,0.7,-15.74975450021323
48,LiDAR,7,7,,,,,,,-2.0906068808441156,14.690444431842545,3,14.779278248264287,0.9,-8.099415216692213
49,CSI,1,,326.1726379394531,178.03309631347656,376.81378173828125,240.0090789794922,0.5632833242416382,351.4932098388672,,,,,,-11.415959055830793
49,CSI,2,,265.9042053222656,180.05404663085938,324.85601806640625,236.89573669433594,0.500085175037384,295.38011169433594,,,,,,-22.364856254763723
49,CSI,3,,490.5888366699219,179.4071807861328,547.9232177734375,238.40260314941406,0.4961327016353607,519.2560272216797,,,,,,21.31824921398628
49,CSI,4,,435.581298828125,178.17665100097656,495.28826904296875,238.71385192871094,0.4752640426158905,465.4347839355469,,,,,,10.816543206935975
49,CSI,5,,380.7329406738281,176.497314453125,436.7256164550781,240.4783935546875,0.2612123489379883,408.7292785644531,,,,,,-0.24794564596036586
49,RGB,1,,368.7362976074219,229.76373291015625,445.408447265625,308.88812255859375,0.9634380340576172,407.07237243652344,,,,,,9.387490153312683
49,RGB,2,,297.30548095703125,229.34774780273438,370.1098327636719,308.81146240234375,0.9575867056846619,333.70765686035156,,,,,,1.4778567552566528
49,RGB,3,,133.99879455566406,230.97158813476562,227.13711547851562,309.0180969238281,0.947694718837738,180.56795501708984,,,,,,-15.03251734972
49,RGB,4,,218.27444458007812,229.9376220703125,294.8115539550781,308.73980712890625,0.9427209496498108,256.5429992675781,,,,,,-6.841457891464233
49,RGB,5,,435.0138244628906,231.68954467773438,518.7539672851562,308.65087890625,0.8701615333557129,476.88389587402344,,,,,,16.914045023918153
49,LiDAR,1,1,,,,,,,-3.0479274073846874e-05,14.694587744967182,3,14.638895246814679,0.9,-0.00011884197075549416
49,LiDAR,2,2,,,,,,,0.7540364143100058,6.8299763981179415,1,6.871473532871506,0.4,6.3
49,LiDAR,3,3,,,,,,,1.9694013101485655,14.66233139855207,2,14.793954466124575,0.7,7.65001533382348
49,LiDAR,4,4,,,,,,,0.5010602401787413,3.1635698503719687,1,3.2030041464959886,0.4,9.0
49,LiDAR,5,5,,,,,,,3.782655558554778,14.735755047655315,3,15.139391165026321,0.9,14.396923909196166
49,LiDAR,6,6,,,,,,,-4.1362010483411025,14.666103199831078,2,15.230356729851026,0.7,-15.74975450021323
49,LiDAR,7,7,,,,,,,-2.0906068808441156,14.690444431842545,3,14.779278248264287,0.9,-8.099415216692213
50,CSI,1,,325.70379638671875,178.12554931640625,376.6059875488281,240.1095428466797,0.5549176335334778,351.15489196777344,,,,,,-11.481972298971037
50,CSI,2,,490.69049072265625,179.64112854003906,547.8457641601562,238.3609619140625,0.5331628322601318,519.2681274414062,,,,,,21.320610232469512
50,CSI,3,,265.98114013671875,180.31686401367188,324.92608642578125,236.90916442871094,0.5087777376174927,295.45361328125,,,,,,-22.350514481707314
50,CSI,4,,435.8872985839844,177.98623657226562,495.79302978515625,238.7295379638672,0.46373653411865234,465.8401641845703,,,,,,10.895641792111281
50,CSI,5,,380.8377380371094,176.55860900878906,436.7344970703125,240.39297485351562,0.2580435276031494,408.78611755371094,,,,,,-0.23685511147103658
50,RGB,1,,368.5165100097656,229.69302368164062,445.68695068359375,308.8546142578125,0.963385820388794,407.1017303466797,,,,,,9.390655303001404
50,RGB,2,,297.33447265625,229.32064819335938,369.9043884277344,308.7176513671875,0.9558537602424622,333.6194305419922,,,,,,1.4683448553085328
50,RGB,3,,134.06443786621094,230.66769409179688,226.37680053710938,308.9711608886719,0.9497608542442322,180.22061920166016,,,,,,-15.069964492321015
50,RGB,4,,217.75051879882812,229.85421752929688,295.0313720703125,308.7887878417969,0.9421319365501404,256.3909454345703,,,,,,-6.857851195335388
50,RGB,5,,434.7889099121094,231.63858032226562,518.7669677734375,308.6419372558594,0.8719841837882996,476.77793884277344,,,,,,16.902621531486513
50,LiDAR,1,1,,,,,,,-3.0479274073846874e-05,14.694587744967182,3,14.638895246814679,0.9,-0.00011884197075549416
50,LiDAR,2,2,,,,,,,0.7540364143100058,6.8299763981179415,1,6.871473532871506,0.4,6.3
50,LiDAR,3,3,,,,,,,1.9694013101485655,14.66233139855207,2,14.793954466124575,0.7,7.65001533382348
50,LiDAR,4,4,,,,,,,0.5010602401787413,3.1635698503719687,1,3.2030041464959886,0.4,9.0
50,LiDAR,5,5,,,,,,,3.782655558554778,14.735755047655315,3,15.139391165026321,0.9,14.396923909196166
50,LiDAR,6,6,,,,,,,-4.1362010483411025,14.666103199831078,2,15.230356729851026,0.7,-15.74975450021323
50,LiDAR,7,7,,,,,,,-2.0906068808441156,14.690444431842545,3,14.779278248264287,0.9,-8.099415216692213
51,CSI,1,,326.1905212402344,177.8658905029297,376.4158020019531,239.94448852539062,0.5513704419136047,351.30316162109375,,,,,,-11.453041634908537
51,CSI,2,,490.7286682128906,179.66986083984375,547.9066772460938,238.28125,0.5339142084121704,519.3176727294922,,,,,,21.330277605754574
51,CSI,3,,266.0018310546875,180.02037048339844,324.5843811035156,236.9479522705078,0.5246227979660034,295.29310607910156,,,,,,-22.381832960175302
51,CSI,4,,435.2516784667969,177.8766632080078,495.3976745605469,238.70155334472656,0.45624539256095886,465.3246765136719,,,,,,10.795058831935975
51,CSI,5,,380.8879089355469,176.61012268066406,436.4588623046875,240.36546325683594,0.2780658006668091,408.6733856201172,,,,,,-0.25885158631859756
51,RGB,1,,368.5359191894531,229.75779724121094,445.35162353515625,308.8408203125,0.9640739560127258,406.9437713623047,,,,,,9.373625349998473
51,RGB,2,,297.35711669921875,229.3173828125,369.9393310546875,308.7198486328125,0.9577690958976746,333.6482238769531,,,,,,1.4714491367340088
51,RGB,3,,134.034912109375,230.88621520996094,226.97247314453125,308.97698974609375,0.9465353488922119,180.50369262695312,,,,,,-15.039445638656616
51,RGB,4,,217.65371704101562,229.83602905273438,294.8697814941406,308.7720031738281,0.9414452910423279,256.2617492675781,,,,,,-6.871780157089233
51,RGB,5,,434.7711181640625,231.51785278320312,518.8475341796875,308.6883239746094,0.870712399482727,476.809326171875,,,,,,16.90600547790527
51,LiDAR,1,1,,,,,,,-3.0479274073846874e-05,14.694587744967182,3,14.638895246814679,0.9,-0.00011884197075549416
51,LiDAR,2,2,,,,,,,0.7540364143100058,6.8299763981179415,1,6.871473532871506,0.4,6.3
51,LiDAR,3,3,,,,,,,1.9694013101485655,14.66233139855207,2,14.793954466124575,0.7,7.65001533382348
51,LiDAR,4,4,,,,,,,0.5010602401787413,3.1635698503719687,1,3.2030041464959886,0.4,9.0
51,LiDAR,5,5,,,,,,,3.782655558554778,14.735755047655315,3,15.139391165026321,0.9,14.396923909196166
51,LiDAR,6,6,,,,,,,-4.1362010483411025,14.666103199831078,2,15.230356729851026,0.7,-15.74975450021323
51,LiDAR,7,7,,,,,,,-2.0906068808441156,14.690444431842545,3,14.779278248264287,0.9,-8.099415216692213
52,CSI,1,,325.3171081542969,177.91993713378906,376.7466735839844,240.04150390625,0.5607317686080933,351.0318908691406,,,,,,-11.505972513338413
52,CSI,2,,490.76959228515625,179.44618225097656,547.9329223632812,238.42474365234375,0.535125195980072,519.3512573242188,,,,,,21.336830697408537
52,CSI,3,,265.9732971191406,179.84613037109375,324.74237060546875,236.94029235839844,0.5022711753845215,295.3578338623047,,,,,,-22.3692031488186
52,CSI,4,,435.1750793457031,177.93898010253906,495.65185546875,238.77386474609375,0.42333438992500305,465.41346740722656,,,,,,10.812383884336892
52,CSI,5,,380.9481201171875,176.5944366455078,436.65277099609375,240.4362030029297,0.2601484954357147,408.8004455566406,,,,,,-0.23405940358231708
52,RGB,1,,368.5370788574219,229.79457092285156,445.58251953125,308.86529541015625,0.9640632271766663,407.05979919433594,,,,,,9.386134600639343
52,RGB,2,,297.34320068359375,229.3282470703125,370.0159912109375,308.8529968261719,0.9580259323120117,333.6795959472656,,,,,,1.4748314380645753
52,RGB,3,,134.0131072998047,230.96609497070312,227.23101806640625,309.0482482910156,0.947394073009491,180.62206268310547,,,,,,-15.026683866977692
52,RGB,4,,218.0081787109375,229.8156280517578,295.1039123535156,308.7427978515625,0.9418723583221436,256.55604553222656,,,,,,-6.8400513410568236
52,RGB,5,,434.6968078613281,231.62258911132812,518.8728637695312,308.65283203125,0.8721340894699097,476.7848358154297,,,,,,16.90336511135101
52,LiDAR,1,1,,,,,,,-3.0479274073846874e-05,14.694587744967182,3,14.638895246814679,0.9,-0.00011884197075549416
52,LiDAR,2,2,,,,,,,0.7540364143100058,6.8299763981179415,1,6.871473532871506,0.4,6.3
52,LiDAR,3,3,,,,,,,1.9694013101485655,14.66233139855207,2,14.793954466124575,0.7,7.65001533382348
52,LiDAR,4,4,,,,,,,0.5010602401787413,3.1635698503719687,1,3.2030041464959886,0.4,9.0
52,LiDAR,5,5,,,,,,,3.782655558554778,14.735755047655315,3,15.139391165026321,0.9,14.396923909196166
52,LiDAR,6,6,,,,,,,-4.1362010483411025,14.666103199831078,2,15.230356729851026,0.7,-15.74975450021323
52,LiDAR,7,7,,,,,,,-2.0906068808441156,14.690444431842545,3,14.779278248264287,0.9,-8.099415216692213
53,CSI,1,,326.56719970703125,177.82354736328125,376.4767150878906,239.96131896972656,0.5374295115470886,351.52195739746094,,,,,,-11.410349776105182
53,CSI,2,,490.695556640625,179.4995574951172,547.9221801757812,238.4487762451172,0.5253415107727051,519.3088684082031,,,,,,21.328559689405488
53,CSI,3,,265.9783935546875,179.89048767089844,324.688720703125,236.77191162109375,0.5001734495162964,295.33355712890625,,,,,,-22.373940072408537
53,CSI,4,,435.23626708984375,178.0103302001953,495.5644226074219,238.7042236328125,0.4393417239189148,465.4003448486328,,,,,,10.809823385099085
53,CSI,5,,380.66656494140625,176.5061492919922,436.6556701660156,240.4254150390625,0.27502310276031494,408.66111755371094,,,,,,-0.2612453553734756
53,RGB,1,,368.54241943359375,229.69900512695312,445.55224609375,308.898681640625,0.962940514087677,407.0473327636719,,,,,,9.384790563583374
53,RGB,2,,297.3450012207031,229.07720947265625,369.8121032714844,308.73052978515625,0.9562385082244873,333.57855224609375,,,,,,1.4639376640319823
53,RGB,3,,133.9856719970703,230.75515747070312,226.80987548828125,308.9526062011719,0.9483377933502197,180.39777374267578,,,,,,-15.050865018367768
53,RGB,4,,218.0631561279297,229.87083435058594,295.0022277832031,308.79840087890625,0.9418307542800903,256.5326919555664,,,,,,-6.8425691485404965
53,RGB,5,,434.68817138671875,231.557861328125,518.7754516601562,308.6287536621094,0.8650763034820557,476.7318115234375,,,,,,16.897648429870603
53,LiDAR,1,1,,,,,,,-3.0479274073846874e-05,14.694587744967182,3,14.638895246814679,0.9,-0.00011884197075549416
53,LiDAR,2,2,,,,,,,0.7540364143100058,6.8299763981179415,1,6.871473532871506,0.4,6.3
53,LiDAR,3,3,,,,,,,1.9694013101485655,14.66233139855207,2,14.793954466124575,0.7,7.65001533382348
53,LiDAR,4,4,,,,,,,0.5010602401787413,3.1635698503719687,1,3.2030041464959886,0.4,9.0
53,LiDAR,5,5,,,,,,,3.782655558554778,14.735755047655315,3,15.139391165026321,0.9,14.396923909196166
53,LiDAR,6,6,,,,,,,-4.1362010483411025,14.666103199831078,2,15.230356729851026,0.7,-15.74975450021323
53,LiDAR,7,7,,,,,,,-2.0906068808441156,14.690444431842545,3,14.779278248264287,0.9,-8.099415216692213
54,CSI,1,,328.06304931640625,177.9994659423828,376.5267333984375,240.13722229003906,0.5754051208496094,352.2948913574219,,,,,,-11.25953339367378
54,CSI,2,,490.6904296875,179.5290985107422,547.9805297851562,238.39402770996094,0.5223166346549988,519.3354797363281,,,,,,21.33375214367378
54,CSI,3,,265.8455505371094,180.17803955078125,325.15625,236.84693908691406,0.4859381318092346,295.5009002685547,,,,,,-22.341287752477132
54,CSI,4,,435.5860290527344,177.94029235839844,495.36212158203125,238.69512939453125,0.45975396037101746,465.4740753173828,,,,,,10.824209818025913
54,CSI,5,,380.78570556640625,176.5489501953125,436.759521484375,240.41050720214844,0.2697215676307678,408.7726135253906,,,,,,-0.23949004382621952
54,RGB,1,,368.62689208984375,229.85861206054688,445.34857177734375,308.8843994140625,0.9635512828826904,406.98773193359375,,,,,,9.378364849090577
54,RGB,2,,297.3153381347656,229.0908203125,370.46246337890625,308.66473388671875,0.9566515684127808,333.88890075683594,,,,,,1.4973971128463746
54,RGB,3,,133.87921142578125,230.6749267578125,226.74835205078125,308.9519348144531,0.9464735388755798,180.31378173828125,,,,,,-15.059920406341552
54,RGB,4,,217.79666137695312,229.83502197265625,295.0207214355469,308.7687683105469,0.9395214915275574,256.40869140625,,,,,,-6.855937957763672
54,RGB,5,,434.69189453125,231.53750610351562,518.780029296875,308.6616516113281,0.8695909976959229,476.7359619140625,,,,,,16.898095893859864
54,LiDAR,1,1,,,,,,,-3.0479274073846874e-05,14.694587744967182,3,14.638895246814679,0.9,-0.00011884197075549416
54,LiDAR,2,2,,,,,,,0.7540364143100058,6.8299763981179415,1,6.871473532871506,0.4,6.3
54,LiDAR,3,3,,,,,,,1.9694013101485655,14.66233139855207,2,14.793954466124575,0.7,7.65001533382348
54,LiDAR,4,4,,,,,,,0.5010602401787413,3.1635698503719687,1,3.2030041464959886,0.4,9.0
54,LiDAR,5,5,,,,,,,3.782655558554778,14.735755047655315,3,15.139391165026321,0.9,14.396923909196166
54,LiDAR,6,6,,,,,,,-4.1362010483411025,14.666103199831078,2,15.230356729851026,0.7,-15.74975450021323
54,LiDAR,7,7,,,,,,,-2.0906068808441156,14.690444431842545,3,14.779278248264287,0.9,-8.099415216692213
55,CSI,1,,324.2227783203125,178.0821075439453,376.7433776855469,239.99061584472656,0.5497840642929077,350.4830780029297,,,,,,-11.613057950647864
55,CSI,2,,491.0170593261719,179.8158416748047,547.7388305664062,238.38401794433594,0.5491099953651428,519.3779449462891,,,,,,21.342038038300302
55,CSI,3,,265.94915771484375,179.9124298095703,324.6036376953125,236.97103881835938,0.5093478560447693,295.2763977050781,,,,,,-22.385093130716463
55,CSI,4,,435.3147888183594,178.01402282714844,495.50042724609375,238.73158264160156,0.4704955518245697,465.40760803222656,,,,,,10.811240591653963
55,CSI,5,,380.8312683105469,176.58949279785156,436.56756591796875,240.35279846191406,0.28799524903297424,408.6994171142578,,,,,,-0.2537722703887195
55,RGB,1,,368.5895080566406,229.5628662109375,445.40216064453125,308.8285827636719,0.9621652364730835,406.99583435058594,,,,,,9.379238390922547
55,RGB,2,,297.30450439453125,229.201416015625,370.20062255859375,308.7897033691406,0.9580538868904114,333.7525634765625,,,,,,1.4826982498168946
55,RGB,3,,134.00009155273438,230.7479248046875,225.94290161132812,308.9392395019531,0.947577953338623,179.97149658203125,,,,,,-15.096823024749757
55,RGB,4,,217.56752014160156,229.92434692382812,295.1296081542969,308.7690124511719,0.9415097236633301,256.3485641479492,,,,,,-6.862420427799225
55,RGB,5,,434.8744812011719,231.56381225585938,518.7822265625,308.66021728515625,0.8687341213226318,476.82835388183594,,,,,,16.908056902885438
55,LiDAR,1,1,,,,,,,-3.0479274073846874e-05,14.694587744967182,3,14.638895246814679,0.9,-0.00011884197075549416
55,LiDAR,2,2,,,,,,,0.7540364143100058,6.8299763981179415,1,6.871473532871506,0.4,6.3
55,LiDAR,3,3,,,,,,,1.9694013101485655,14.66233139855207,2,14.793954466124575,0.7,7.65001533382348
55,LiDAR,4,4,,,,,,,0.5010602401787413,3.1635698503719687,1,3.2030041464959886,0.4,9.0
55,LiDAR,5,5,,,,,,,3.782655558554778,14.735755047655315,3,15.139391165026321,0.9,14.396923909196166
55,LiDAR,6,6,,,,,,,-4.1362010483411025,14.666103199831078,2,15.230356729851026,0.7,-15.74975450021323
55,LiDAR,7,7,,,,,,,-2.0906068808441156,14.690444431842545,3,14.779278248264287,0.9,-8.099415216692213
56,CSI,1,,325.0809326171875,178.17970275878906,376.7237854003906,240.06515502929688,0.5879719257354736,350.90235900878906,,,,,,-11.531247022675304
56,CSI,2,,490.60687255859375,179.72962951660156,547.8840942382812,238.25469970703125,0.5496736168861389,519.2454833984375,,,,,,21.316191882621954
56,CSI,3,,265.97735595703125,180.0847625732422,324.8636474609375,237.01141357421875,0.5104328393936157,295.4205017089844,,,,,,-22.356975276295728
56,CSI,4,,435.478515625,177.69012451171875,495.29742431640625,238.7227783203125,0.4576129913330078,465.3879699707031,,,,,,10.807408774771341
56,CSI,5,,380.71624755859375,176.47915649414062,436.7217102050781,240.48019409179688,0.27832964062690735,408.71897888183594,,,,,,-0.24995534012957316
56,RGB,1,,368.46148681640625,229.72702026367188,445.4122619628906,308.86737060546875,0.9626549482345581,406.93687438964844,,,,,,9.372881770133972
56,RGB,2,,297.2518310546875,229.08718872070312,369.9087219238281,308.75048828125,0.9568336009979248,333.5802764892578,,,,,,1.4641235589981079
56,RGB,3,,134.08421325683594,230.47824096679688,224.06651306152344,309.0044250488281,0.9497314095497131,179.0753631591797,,,,,,-15.19343740940094
56,RGB,4,,217.33958435058594,229.8546142578125,295.1003112792969,308.841064453125,0.9440925717353821,256.2199478149414,,,,,,-6.87628687620163
56,RGB,5,,434.90777587890625,231.59219360351562,518.8076171875,308.67913818359375,0.8679788708686829,476.8576965332031,,,,,,16.91122040748596
56,LiDAR,1,1,,,,,,,-3.0479274073846874e-05,14.694587744967182,3,14.638895246814679,0.9,-0.00011884197075549416
56,LiDAR,2,2,,,,,,,0.7540364143100058,6.8299763981179415,1,6.871473532871506,0.4,6.3
56,LiDAR,3,3,,,,,,,1.9694013101485655,14.66233139855207,2,14.793954466124575,0.7,7.65001533382348
56,LiDAR,4,4,,,,,,,0.5010602401787413,3.1635698503719687,1,3.2030041464959886,0.4,9.0
56,LiDAR,5,5,,,,,,,3.782655558554778,14.735755047655315,3,15.139391165026321,0.9,14.396923909196166
56,LiDAR,6,6,,,,,,,-4.1362010483411025,14.666103199831078,2,15.230356729851026,0.7,-15.74975450021323
56,LiDAR,7,7,,,,,,,-2.0906068808441156,14.690444431842545,3,14.779278248264287,0.9,-8.099415216692213
57,CSI,1,,325.67333984375,177.96485900878906,376.5004577636719,240.0284423828125,0.5670754909515381,351.08689880371094,,,,,,-11.4952392578125
57,CSI,2,,490.4425964355469,179.54335021972656,547.7374267578125,238.25059509277344,0.5386142134666443,519.0900115966797,,,,,,21.28585592130335
57,CSI,3,,265.9047546386719,180.4152069091797,324.58795166015625,237.0729522705078,0.5264514684677124,295.24635314941406,,,,,,-22.390955483041157
57,CSI,4,,435.4393615722656,177.9091033935547,495.43499755859375,238.7938995361328,0.4805142283439636,465.4371795654297,,,,,,10.81701064691311
57,CSI,5,,380.83062744140625,176.44845581054688,436.9253845214844,240.4444122314453,0.28131312131881714,408.8780059814453,,,,,,-0.2189256621570122
57,RGB,1,,368.79351806640625,229.6925506591797,445.53692626953125,308.87677001953125,0.9628885388374329,407.16522216796875,,,,,,9.39750051498413
57,RGB,2,,297.3566589355469,229.25546264648438,370.44757080078125,308.8141174316406,0.9588723182678223,333.90211486816406,,,,,,1.498821759223938
57,RGB,3,,133.97845458984375,230.80340576171875,225.55250549316406,309.05487060546875,0.9489964842796326,179.7654800415039,,,,,,-15.11903418302536
57,RGB,4,,217.316650390625,229.86563110351562,295.2547607421875,308.77215576171875,0.940954864025116,256.28570556640625,,,,,,-6.869197368621826
57,RGB,5,,434.83203125,231.54644775390625,518.8194580078125,308.6688537597656,0.8695008158683777,476.82574462890625,,,,,,16.907775592803954
57,LiDAR,1,1,,,,,,,-3.0479274073846874e-05,14.694587744967182,3,14.638895246814679,0.9,-0.00011884197075549416
57,LiDAR,2,2,,,,,,,0.7540364143100058,6.8299763981179415,1,6.871473532871506,0.4,6.3
57,LiDAR,3,3,,,,,,,1.9694013101485655,14.66233139855207,2,14.793954466124575,0.7,7.65001533382348
57,LiDAR,4,4,,,,,,,0.5010602401787413,3.1635698503719687,1,3.2030041464959886,0.4,9.0
57,LiDAR,5,5,,,,,,,3.782655558554778,14.735755047655315,3,15.139391165026321,0.9,14.396923909196166
57,LiDAR,6,6,,,,,,,-4.1362010483411025,14.666103199831078,2,15.230356729851026,0.7,-15.74975450021323
57,LiDAR,7,7,,,,,,,-2.0906068808441156,14.690444431842545,3,14.779278248264287,0.9,-8.099415216692213
58,CSI,1,,326.2773742675781,177.92662048339844,376.4585266113281,240.01129150390625,0.5437589287757874,351.3679504394531,,,,,,-11.440399914253048
58,CSI,2,,490.7308044433594,179.4559326171875,547.83349609375,238.25840759277344,0.5307050943374634,519.2821502685547,,,,,,21.323346393864327
58,CSI,3,,265.8772888183594,180.14682006835938,324.641845703125,237.08099365234375,0.5065088868141174,295.2595672607422,,,,,,-22.388377119855182
58,CSI,4,,435.4030456542969,177.95196533203125,495.2689208984375,238.7437286376953,0.45918020606040955,465.3359832763672,,,,,,10.797265029535062
58,CSI,5,,380.65380859375,176.5044708251953,436.5271911621094,240.26531982421875,0.2969764173030853,408.5904998779297,,,,,,-0.2750244140625
58,RGB,1,,368.7487487792969,229.7174530029297,445.54461669921875,308.83355712890625,0.9627652168273926,407.1466827392578,,,,,,9.395501732826233
58,RGB,2,,297.31427001953125,229.32235717773438,370.5559997558594,308.7861633300781,0.9582836627960205,333.9351348876953,,,,,,1.502381730079651
58,RGB,3,,134.06454467773438,230.57293701171875,225.5135498046875,309.05157470703125,0.9473803639411926,179.78904724121094,,,,,,-15.116493344306946
58,RGB,4,,217.42962646484375,229.81881713867188,295.06402587890625,308.7427062988281,0.9400467872619629,256.246826171875,,,,,,-6.873389053344726
58,RGB,5,,434.582275390625,231.56356811523438,518.82275390625,308.61865234375,0.8716915845870972,476.7025146484375,,,,,,16.894489860534666
58,LiDAR,1,1,,,,,,,-3.0479274073846874e-05,14.694587744967182,3,14.638895246814679,0.9,-0.00011884197075549416
58,LiDAR,2,2,,,,,,,0.7540364143100058,6.8299763981179415,1,6.871473532871506,0.4,6.3
58,LiDAR,3,3,,,,,,,1.9694013101485655,14.66233139855207,2,14.793954466124575,0.7,7.65001533382348
58,LiDAR,4,4,,,,,,,0.5010602401787413,3.1635698503719687,1,3.2030041464959886,0.4,9.0
58,LiDAR,5,5,,,,,,,3.782655558554778,14.735755047655315,3,15.139391165026321,0.9,14.396923909196166
58,LiDAR,6,6,,,,,,,-4.1362010483411025,14.666103199831078,2,15.230356729851026,0.7,-15.74975450021323
58,LiDAR,7,7,,,,,,,-2.0906068808441156,14.690444431842545,3,14.779278248264287,0.9,-8.099415216692213
59,CSI,1,,325.79681396484375,178.1201171875,376.65936279296875,240.1105194091797,0.5627664923667908,351.22808837890625,,,,,,-11.467690072408537
59,CSI,2,,490.80084228515625,179.65878295898438,547.7462158203125,238.2347412109375,0.5448445081710815,519.2735290527344,,,,,,21.321664205411587
59,CSI,3,,265.9422912597656,180.1220245361328,324.8465270996094,236.96463012695312,0.5052573680877686,295.3944091796875,,,,,,-22.362066501524392
59,CSI,4,,435.3944396972656,177.86947631835938,495.36224365234375,238.6927032470703,0.47783175110816956,465.3783416748047,,,,,,10.805530082888719
59,CSI,5,,380.73956298828125,176.5574188232422,436.7384338378906,240.3798370361328,0.2790803909301758,408.73899841308594,,,,,,-0.24604909012957316
59,RGB,1,,368.75390625,229.71853637695312,445.5435791015625,308.94866943359375,0.9630526900291443,407.14874267578125,,,,,,9.395723819732666
59,RGB,2,,297.32501220703125,229.16522216796875,371.17413330078125,308.74407958984375,0.9595485925674438,334.24957275390625,,,,,,1.5362820625305176
59,RGB,3,,134.04412841796875,230.9646453857422,227.3219451904297,309.0346984863281,0.9455268979072571,180.68303680419922,,,,,,-15.020110094547272
59,RGB,4,,218.3170928955078,229.81649780273438,295.047607421875,308.73828125,0.9380965828895569,256.6823501586914,,,,,,-6.826434123516083
59,RGB,5,,434.73431396484375,231.583984375,518.8477172851562,308.62579345703125,0.8688138723373413,476.791015625,,,,,,16.90403137207031
59,LiDAR,1,1,,,,,,,-3.0479274073846874e-05,14.694587744967182,3,14.638895246814679,0.9,-0.00011884197075549416
59,LiDAR,2,2,,,,,,,0.7540364143100058,6.8299763981179415,1,6.871473532871506,0.4,6.3
59,LiDAR,3,3,,,,,,,1.9694013101485655,14.66233139855207,2,14.793954466124575,0.7,7.65001533382348
59,LiDAR,4,4,,,,,,,0.5010602401787413,3.1635698503719687,1,3.2030041464959886,0.4,9.0
59,LiDAR,5,5,,,,,,,3.782655558554778,14.735755047655315,3,15.139391165026321,0.9,14.396923909196166
59,LiDAR,6,6,,,,,,,-4.1362010483411025,14.666103199831078,2,15.230356729851026,0.7,-15.74975450021323
59,LiDAR,7,7,,,,,,,-2.0906068808441156,14.690444431842545,3,14.779278248264287,0.9,-8.099415216692213
60,CSI,1,,326.0664367675781,177.92962646484375,376.8359069824219,240.17222595214844,0.5636276006698608,351.451171875,,,,,,-11.424161585365853
60,CSI,2,,490.7788391113281,179.6374969482422,547.8880004882812,238.395263671875,0.5495573282241821,519.3334197998047,,,,,,21.333350204839938
60,CSI,3,,265.9324645996094,179.97683715820312,324.6244812011719,236.89566040039062,0.5071197748184204,295.2784729003906,,,,,,-22.38468821455793
60,CSI,4,,435.62994384765625,177.9318389892578,495.5850830078125,238.73788452148438,0.4765259921550751,465.6075134277344,,,,,,10.850246522484756
60,CSI,5,,380.7388916015625,176.4598388671875,436.7286376953125,240.3542022705078,0.2822587192058563,408.7337646484375,,,,,,-0.2470703125
60,RGB,1,,368.85418701171875,229.844970703125,445.624755859375,308.8739013671875,0.9616875052452087,407.2394714355469,,,,,,9.405505514144897
60,RGB,2,,297.40216064453125,229.28152465820312,370.77783203125,308.7769470214844,0.9590283036231995,334.0899963378906,,,,,,1.519077730178833
60,RGB,3,,134.07078552246094,230.8394775390625,226.20822143554688,308.957275390625,0.9463050365447998,180.1395034790039,,,,,,-15.078709781169891
60,RGB,4,,217.37698364257812,229.91964721679688,295.2126770019531,308.81536865234375,0.9415876269340515,256.2948303222656,,,,,,-6.8682136058807375
60,RGB,5,,434.7339782714844,231.55996704101562,518.8690185546875,308.6900329589844,0.8642399907112122,476.80149841308594,,,,,,16.90516154766083
60,LiDAR,1,1,,,,,,,-3.0479274073846874e-05,14.694587744967182,3,14.638895246814679,0.9,-0.00011884197075549416
60,LiDAR,2,2,,,,,,,0.7540364143100058,6.8299763981179415,1,6.871473532871506,0.4,6.3
60,LiDAR,3,3,,,,,,,1.9694013101485655,14.66233139855207,2,14.793954466124575,0.7,7.65001533382348
60,LiDAR,4,4,,,,,,,0.5010602401787413,3.1635698503719687,1,3.2030041464959886,0.4,9.0
60,LiDAR,5,5,,,,,,,3.782655558554778,14.735755047655315,3,15.139391165026321,0.9,14.396923909196166
60,LiDAR,6,6,,,,,,,-4.1362010483411025,14.666103199831078,2,15.230356729851026,0.7,-15.74975450021323
60,LiDAR,7,7,,,,,,,-2.0906068808441156,14.690444431842545,3,14.779278248264287,0.9,-8.099415216692213
61,CSI,1,,326.49810791015625,178.07858276367188,376.6576843261719,240.2529754638672,0.5848530530929565,351.57789611816406,,,,,,-11.399434903772864
61,CSI,2,,490.97491455078125,179.55191040039062,547.9755859375,238.37803649902344,0.5281309485435486,519.4752502441406,,,,,,21.361024437881095
61,CSI,3,,265.9300537109375,180.09043884277344,324.91912841796875,237.23016357421875,0.5127111673355103,295.4245910644531,,,,,,-22.356177353277438
61,CSI,4,,435.6407775878906,177.8858184814453,495.4954528808594,238.76841735839844,0.4602104723453522,465.568115234375,,,,,,10.84255907012195
61,CSI,5,,380.7286682128906,176.62203979492188,436.78411865234375,240.3979034423828,0.2684110403060913,408.7563934326172,,,,,,-0.24265493997713414
61,RGB,1,,368.8124694824219,229.80810546875,445.5662536621094,308.7894592285156,0.9621050357818604,407.1893615722656,,,,,,9.400103044509887
61,RGB,2,,297.2806091308594,229.09805297851562,370.29583740234375,308.78369140625,0.9576682448387146,333.78822326660156,,,,,,1.486542820930481
61,RGB,3,,134.09072875976562,230.63531494140625,224.1936492919922,308.9884338378906,0.9492577910423279,179.1421890258789,,,,,,-15.18623274564743
61,RGB,4,,217.1949462890625,229.87864685058594,294.9421691894531,308.7943115234375,0.9430341124534607,256.0685577392578,,,,,,-6.892608618736267
61,RGB,5,,435.1304931640625,231.65760803222656,518.8793334960938,308.68646240234375,0.8601948618888855,477.0049133300781,,,,,,16.92709221839905
61,LiDAR,1,1,,,,,,,-3.0479274073846874e-05,14.694587744967182,3,14.638895246814679,0.9,-0.00011884197075549416
61,LiDAR,2,2,,,,,,,0.7540364143100058,6.8299763981179415,1,6.871473532871506,0.4,6.3
61,LiDAR,3,3,,,,,,,1.9694013101485655,14.66233139855207,2,14.793954466124575,0.7,7.65001533382348
61,LiDAR,4,4,,,,,,,0.5010602401787413,3.1635698503719687,1,3.2030041464959886,0.4,9.0
61,LiDAR,5,5,,,,,,,3.782655558554778,14.735755047655315,3,15.139391165026321,0.9,14.396923909196166
61,LiDAR,6,6,,,,,,,-4.1362010483411025,14.666103199831078,2,15.230356729851026,0.7,-15.74975450021323
61,LiDAR,7,7,,,,,,,-2.0906068808441156,14.690444431842545,3,14.779278248264287,0.9,-8.099415216692213
62,CSI,1,,325.202880859375,178.04898071289062,376.4350280761719,240.15481567382812,0.5706763863563538,350.81895446777344,,,,,,-11.547521079458843
62,CSI,2,,490.5620422363281,179.644775390625,548.0269165039062,238.3600311279297,0.523597776889801,519.2944793701172,,,,,,21.325752072217988
62,CSI,3,,265.978515625,180.23182678222656,324.96673583984375,237.01718139648438,0.5050310492515564,295.4726257324219,,,,,,-22.346804735137194
62,CSI,4,,435.3825988769531,177.79296875,495.3116760253906,238.6759490966797,0.4441264867782593,465.3471374511719,,,,,,10.799441453887194
62,CSI,5,,380.8623962402344,176.47042846679688,436.4314270019531,240.34786987304688,0.3012098968029022,408.64691162109375,,,,,,-0.26401724466463417
62,RGB,1,,368.43121337890625,229.669677734375,445.4068298339844,308.8623962402344,0.9622135758399963,406.9190216064453,,,,,,9.370957016944885
62,RGB,2,,297.2921447753906,229.2568359375,370.06353759765625,308.7405700683594,0.9568493366241455,333.67784118652344,,,,,,1.4746422529220582
62,RGB,3,,134.0244140625,230.76416015625,226.26849365234375,308.990966796875,0.9466413259506226,180.14645385742188,,,,,,-15.077960443496703
62,RGB,4,,217.869873046875,229.7984619140625,295.0744934082031,308.8533935546875,0.9410969614982605,256.47218322753906,,,,,,-6.849092745780945
62,RGB,5,,434.7469787597656,231.56964111328125,518.8512573242188,308.6773986816406,0.8648955225944519,476.7991180419922,,,,,,16.904904913902282
62,LiDAR,1,1,,,,,,,-3.0479274073846874e-05,14.694587744967182,3,14.638895246814679,0.9,-0.00011884197075549416
62,LiDAR,2,2,,,,,,,0.7540364143100058,6.8299763981179415,1,6.871473532871506,0.4,6.3
62,LiDAR,3,3,,,,,,,1.9694013101485655,14.66233139855207,2,14.793954466124575,0.7,7.65001533382348
62,LiDAR,4,4,,,,,,,0.5010602401787413,3.1635698503719687,1,3.2030041464959886,0.4,9.0
62,LiDAR,5,5,,,,,,,3.782655558554778,14.735755047655315,3,15.139391165026321,0.9,14.396923909196166
62,LiDAR,6,6,,,,,,,-4.1362010483411025,14.666103199831078,2,15.230356729851026,0.7,-15.74975450021323
62,LiDAR,7,7,,,,,,,-2.0906068808441156,14.690444431842545,3,14.779278248264287,0.9,-8.099415216692213
63,CSI,1,,322.91839599609375,178.098388671875,376.4690856933594,240.10289001464844,0.5633177757263184,349.69374084472656,,,,,,-11.767074957126525
63,CSI,2,,490.696044921875,179.5924530029297,547.8994140625,238.32618713378906,0.5080417990684509,519.2977294921875,,,,,,21.32638624237805
63,CSI,3,,265.7498474121094,180.33126831054688,324.79156494140625,237.00875854492188,0.5055169463157654,295.2707061767578,,,,,,-22.386203672827744
63,CSI,4,,435.4990234375,177.455810546875,495.4717712402344,238.74949645996094,0.434201180934906,465.4853973388672,,,,,,10.826418992949696
63,CSI,5,,380.89324951171875,176.59136962890625,436.7261962890625,240.43719482421875,0.2909161448478699,408.8097229003906,,,,,,-0.23224919016768292
63,RGB,1,,368.62225341796875,229.72567749023438,445.4744567871094,308.9756774902344,0.9630138874053955,407.04835510253906,,,,,,9.384900784492492
63,RGB,2,,297.41400146484375,228.92054748535156,370.31878662109375,308.8003234863281,0.95626300573349,333.86639404296875,,,,,,1.4949706077575684
63,RGB,3,,134.0580596923828,230.92156982421875,226.21881103515625,309.05816650390625,0.9464592933654785,180.13843536376953,,,,,,-15.078824937343597
63,RGB,4,,218.09713745117188,229.85955810546875,295.23248291015625,308.75775146484375,0.9402515888214111,256.66481018066406,,,,,,-6.828325152397156
63,RGB,5,,434.9706115722656,231.47193908691406,518.8667602539062,308.6750793457031,0.8593534827232361,476.91868591308594,,,,,,16.91779582500458
63,LiDAR,1,1,,,,,,,-3.0479274073846874e-05,14.694587744967182,3,14.638895246814679,0.9,-0.00011884197075549416
63,LiDAR,2,2,,,,,,,0.7540364143100058,6.8299763981179415,1,6.871473532871506,0.4,6.3
63,LiDAR,3,3,,,,,,,1.9694013101485655,14.66233139855207,2,14.793954466124575,0.7,7.65001533382348
63,LiDAR,4,4,,,,,,,0.5010602401787413,3.1635698503719687,1,3.2030041464959886,0.4,9.0
63,LiDAR,5,5,,,,,,,3.782655558554778,14.735755047655315,3,15.139391165026321,0.9,14.396923909196166
63,LiDAR,6,6,,,,,,,-4.1362010483411025,14.666103199831078,2,15.230356729851026,0.7,-15.74975450021323
63,LiDAR,7,7,,,,,,,-2.0906068808441156,14.690444431842545,3,14.779278248264287,0.9,-8.099415216692213
64,CSI,1,,323.35955810546875,178.1061553955078,376.60308837890625,240.0930938720703,0.5629237294197083,349.9813232421875,,,,,,-11.710961318597562
64,CSI,2,,265.896240234375,180.4711151123047,324.6874694824219,237.26976013183594,0.5350037813186646,295.29185485839844,,,,,,-22.382077100800302
64,CSI,3,,490.52490234375,179.4378204345703,547.80419921875,238.2355194091797,0.5123246312141418,519.16455078125,,,,,,21.300400152439025
64,CSI,4,,435.3370056152344,177.65919494628906,495.2037353515625,238.73570251464844,0.4448218047618866,465.27037048339844,,,,,,10.784462533346037
64,CSI,5,,380.8717956542969,176.5734405517578,436.7656555175781,240.40261840820312,0.2861219644546509,408.8187255859375,,,,,,-0.23049256859756095
64,RGB,1,,368.5744934082031,229.82122802734375,445.4429931640625,308.9676513671875,0.963314950466156,407.0087432861328,,,,,,9.380630135536194
64,RGB,2,,297.3895263671875,229.16238403320312,369.7970886230469,308.76763916015625,0.9549505114555359,333.5933074951172,,,,,,1.4655284643173219
64,RGB,3,,133.94802856445312,230.6458282470703,225.44558715820312,309.0408935546875,0.9469345211982727,179.69680786132812,,,,,,-15.126437902450562
64,RGB,4,,217.3728790283203,229.76522827148438,295.2107238769531,308.84368896484375,0.9420524835586548,256.2918014526367,,,,,,-6.868540155887604
64,RGB,5,,434.8905944824219,231.58364868164062,518.84912109375,308.67108154296875,0.8633907437324524,476.86985778808594,,,,,,16.912531542778016
64,LiDAR,1,1,,,,,,,-3.0479274073846874e-05,14.694587744967182,3,14.638895246814679,0.9,-0.00011884197075549416
64,LiDAR,2,2,,,,,,,0.7540364143100058,6.8299763981179415,1,6.871473532871506,0.4,6.3
64,LiDAR,3,3,,,,,,,1.9694013101485655,14.66233139855207,2,14.793954466124575,0.7,7.65001533382348
64,LiDAR,4,4,,,,,,,0.5010602401787413,3.1635698503719687,1,3.2030041464959886,0.4,9.0
64,LiDAR,5,5,,,,,,,3.782655558554778,14.735755047655315,3,15.139391165026321,0.9,14.396923909196166
64,LiDAR,6,6,,,,,,,-4.1362010483411025,14.666103199831078,2,15.230356729851026,0.7,-15.74975450021323
64,LiDAR,7,7,,,,,,,-2.0906068808441156,14.690444431842545,3,14.779278248264287,0.9,-8.099415216692213
65,CSI,1,,323.12091064453125,177.89097595214844,376.48602294921875,240.0733642578125,0.5569044351577759,349.803466796875,,,,,,-11.745665015243903
65,CSI,2,,490.6557922363281,179.23329162597656,547.7337036132812,238.25665283203125,0.5180603861808777,519.1947479248047,,,,,,21.306292278010673
65,CSI,3,,265.84423828125,179.9028778076172,324.95977783203125,237.08506774902344,0.4888177216053009,295.4020080566406,,,,,,-22.360583793826223
65,CSI,4,,435.6205139160156,177.7646484375,495.3056945800781,238.7046661376953,0.4403132200241089,465.4631042480469,,,,,,10.822069121570122
65,CSI,5,,380.78826904296875,176.49610900878906,436.803466796875,240.43515014648438,0.28414860367774963,408.7958679199219,,,,,,-0.23495260099085366
65,RGB,1,,368.5322570800781,229.94032287597656,445.4411926269531,308.91339111328125,0.9638673663139343,406.9867248535156,,,,,,9.378256273269653
65,RGB,2,,297.3167724609375,229.03854370117188,369.9751281738281,308.7352294921875,0.956480860710144,333.6459503173828,,,,,,1.4712040185928346
65,RGB,3,,133.99400329589844,230.70004272460938,225.87091064453125,309.094482421875,0.946706235408783,179.93245697021484,,,,,,-15.101031982898713
65,RGB,4,,217.4295196533203,229.79232788085938,295.0776672363281,308.7651672363281,0.9392194151878357,256.2535934448242,,,,,,-6.872659456729889
65,RGB,5,,435.0006103515625,231.5690155029297,518.8526611328125,308.6751708984375,0.8644379377365112,476.9266357421875,,,,,,16.918652915954592
65,LiDAR,1,1,,,,,,,-3.0479274073846874e-05,14.694587744967182,3,14.638895246814679,0.9,-0.00011884197075549416
65,LiDAR,2,2,,,,,,,0.7540364143100058,6.8299763981179415,1,6.871473532871506,0.4,6.3
65,LiDAR,3,3,,,,,,,1.9694013101485655,14.66233139855207,2,14.793954466124575,0.7,7.65001533382348
65,LiDAR,4,4,,,,,,,0.5010602401787413,3.1635698503719687,1,3.2030041464959886,0.4,9.0
65,LiDAR,5,5,,,,,,,3.782655558554778,14.735755047655315,3,15.139391165026321,0.9,14.396923909196166
65,LiDAR,6,6,,,,,,,-4.1362010483411025,14.666103199831078,2,15.230356729851026,0.7,-15.74975450021323
65,LiDAR,7,7,,,,,,,-2.0906068808441156,14.690444431842545,3,14.779278248264287,0.9,-8.099415216692213
66,CSI,1,,323.5487365722656,178.01144409179688,376.4452819824219,239.9324951171875,0.5624871253967285,349.99700927734375,,,,,,-11.707900628810977
66,CSI,2,,265.8777160644531,179.99391174316406,324.8822937011719,237.05506896972656,0.5138840079307556,295.3800048828125,,,,,,-22.364877096036583
66,CSI,3,,490.382080078125,179.41607666015625,547.6524047851562,238.2668914794922,0.5061668157577515,519.0172424316406,,,,,,21.271657059832314
66,CSI,4,,435.27447509765625,177.6542205810547,494.8410339355469,238.7151336669922,0.4543687105178833,465.05775451660156,,,,,,10.742976491044207
66,CSI,5,,380.78924560546875,176.54490661621094,436.694091796875,240.3587188720703,0.27580922842025757,408.7416687011719,,,,,,-0.24552805830792682
66,RGB,1,,368.6198425292969,229.81488037109375,445.5138854980469,308.94366455078125,0.9630284905433655,407.0668640136719,,,,,,9.386896276474
66,RGB,2,,297.49664306640625,229.0159912109375,370.4252624511719,308.7538757324219,0.9561654925346375,333.96095275878906,,,,,,1.5051652193069458
66,RGB,3,,134.10397338867188,230.52969360351562,223.85537719726562,308.9393005371094,0.9476761221885681,178.97967529296875,,,,,,-15.203753757476807
66,RGB,4,,217.10507202148438,229.9869384765625,295.17889404296875,308.9200134277344,0.9419764280319214,256.14198303222656,,,,,,-6.884692454338074
66,RGB,5,,434.9814147949219,231.55661010742188,518.8258056640625,308.7232360839844,0.86586594581604,476.9036102294922,,,,,,16.916170477867126
66,LiDAR,1,1,,,,,,,-3.0479274073846874e-05,14.694587744967182,3,14.638895246814679,0.9,-0.00011884197075549416
66,LiDAR,2,2,,,,,,,0.7540364143100058,6.8299763981179415,1,6.871473532871506,0.4,6.3
66,LiDAR,3,3,,,,,,,1.9694013101485655,14.66233139855207,2,14.793954466124575,0.7,7.65001533382348
66,LiDAR,4,4,,,,,,,0.5010602401787413,3.1635698503719687,1,3.2030041464959886,0.4,9.0
66,LiDAR,5,5,,,,,,,3.782655558554778,14.735755047655315,3,15.139391165026321,0.9,14.396923909196166
66,LiDAR,6,6,,,,,,,-4.1362010483411025,14.666103199831078,2,15.230356729851026,0.7,-15.74975450021323
66,LiDAR,7,7,,,,,,,-2.0906068808441156,14.690444431842545,3,14.779278248264287,0.9,-8.099415216692213
67,CSI,1,,322.861572265625,177.94595336914062,376.4401550292969,239.980224609375,0.5480333566665649,349.65086364746094,,,,,,-11.775441239519818
67,CSI,2,,490.6231689453125,179.34112548828125,547.5533447265625,238.15133666992188,0.5270352363586426,519.0882568359375,,,,,,21.285513528963413
67,CSI,3,,265.8757019042969,180.0287628173828,324.6587219238281,237.17218017578125,0.5231818556785583,295.2672119140625,,,,,,-22.386885480182926
67,CSI,4,,435.82196044921875,177.6795196533203,494.69036865234375,238.64993286132812,0.4631524682044983,465.25616455078125,,,,,,10.781690644054878
67,CSI,5,,380.78863525390625,176.359619140625,436.6513366699219,240.42147827148438,0.2599203288555145,408.71998596191406,,,,,,-0.24975883669969512
67,RGB,1,,368.61871337890625,229.85357666015625,445.4806213378906,308.9905700683594,0.9637930393218994,407.04966735839844,,,,,,9.38504226207733
67,RGB,2,,297.442626953125,229.00015258789062,370.1058349609375,308.8199462890625,0.9569949507713318,333.77423095703125,,,,,,1.4850342750549317
67,RGB,3,,133.98165893554688,230.62603759765625,224.82962036132812,309.0362548828125,0.9456002712249756,179.4056396484375,,,,,,-15.157829475402831
67,RGB,4,,217.36044311523438,229.85073852539062,295.0564270019531,308.7981872558594,0.9386580586433411,256.20843505859375,,,,,,-6.877528095245362
67,RGB,5,,434.9686279296875,231.5350799560547,518.8475341796875,308.6966247558594,0.8648602366447449,476.9080810546875,,,,,,16.916652488708497
67,LiDAR,1,1,,,,,,,-3.0479274073846874e-05,14.694587744967182,3,14.638895246814679,0.9,-0.00011884197075549416
67,LiDAR,2,2,,,,,,,0.7540364143100058,6.8299763981179415,1,6.871473532871506,0.4,6.3
67,LiDAR,3,3,,,,,,,1.9694013101485655,14.66233139855207,2,14.793954466124575,0.7,7.65001533382348
67,LiDAR,4,4,,,,,,,0.5010602401787413,3.1635698503719687,1,3.2030041464959886,0.4,9.0
67,LiDAR,5,5,,,,,,,3.782655558554778,14.735755047655315,3,15.139391165026321,0.9,14.396923909196166
67,LiDAR,6,6,,,,,,,-4.1362010483411025,14.666103199831078,2,15.230356729851026,0.7,-15.74975450021323
67,LiDAR,7,7,,,,,,,-2.0906068808441156,14.690444431842545,3,14.779278248264287,0.9,-8.099415216692213
68,CSI,1,,325.9754333496094,178.1141815185547,376.688232421875,240.13230895996094,0.5791947841644287,351.3318328857422,,,,,,-11.447447241806403
68,CSI,2,,490.80712890625,179.55941772460938,548.0091552734375,238.1874237060547,0.5490548610687256,519.4081420898438,,,,,,21.347930163871954
68,CSI,3,,265.7510070800781,180.27691650390625,324.97515869140625,237.09445190429688,0.4814366400241852,295.3630828857422,,,,,,-22.368178949123475
68,CSI,4,,435.4564208984375,177.53463745117188,495.49127197265625,238.7325439453125,0.44366535544395447,465.4738464355469,,,,,,10.824165158155488
68,CSI,5,,380.77032470703125,176.33242797851562,436.85418701171875,240.37489318847656,0.26249584555625916,408.812255859375,,,,,,-0.23175495426829268
68,RGB,1,,368.3376159667969,229.75820922851562,445.5301818847656,308.9315185546875,0.9628593921661377,406.93389892578125,,,,,,9.372560977935791
68,RGB,2,,297.3300476074219,228.8942108154297,369.818603515625,308.6732482910156,0.9576408267021179,333.57432556152344,,,,,,1.4634819746017456
68,RGB,3,,133.9250946044922,230.15679931640625,222.11952209472656,308.9869079589844,0.9486484527587891,178.02230834960938,,,,,,-15.30696988105774
68,RGB,4,,216.53636169433594,229.98794555664062,295.2425231933594,308.86358642578125,0.9443097710609436,255.88944244384766,,,,,,-6.911919486522675
68,RGB,5,,434.7210388183594,231.41287231445312,518.810546875,308.65667724609375,0.8631019592285156,476.7657928466797,,,,,,16.901312041282655
68,LiDAR,1,1,,,,,,,-3.0479274073846874e-05,14.694587744967182,3,14.638895246814679,0.9,-0.00011884197075549416
68,LiDAR,2,2,,,,,,,0.7540364143100058,6.8299763981179415,1,6.871473532871506,0.4,6.3
68,LiDAR,3,3,,,,,,,1.9694013101485655,14.66233139855207,2,14.793954466124575,0.7,7.65001533382348
68,LiDAR,4,4,,,,,,,0.5010602401787413,3.1635698503719687,1,3.2030041464959886,0.4,9.0
68,LiDAR,5,5,,,,,,,3.782655558554778,14.735755047655315,3,15.139391165026321,0.9,14.396923909196166
68,LiDAR,6,6,,,,,,,-4.1362010483411025,14.666103199831078,2,15.230356729851026,0.7,-15.74975450021323
68,LiDAR,7,7,,,,,,,-2.0906068808441156,14.690444431842545,3,14.779278248264287,0.9,-8.099415216692213
69,CSI,1,,324.43780517578125,178.01821899414062,376.455322265625,240.11636352539062,0.5675178170204163,350.4465637207031,,,,,,-11.620182688643293
69,CSI,2,,490.6756896972656,179.12503051757812,547.7596435546875,238.17953491210938,0.5472860932350159,519.2176666259766,,,,,,21.310764219702744
69,CSI,3,,265.8505554199219,180.05252075195312,324.8139953613281,237.24386596679688,0.49084582924842834,295.332275390625,,,,,,-22.374190167682926
69,CSI,4,,435.9720764160156,177.8181610107422,495.34832763671875,238.69342041015625,0.46177762746810913,465.6602020263672,,,,,,10.860527224657012
69,CSI,5,,380.8700256347656,176.4308319091797,436.61871337890625,240.3556671142578,0.2630540728569031,408.74436950683594,,,,,,-0.24500107183689027
69,RGB,1,,368.3597106933594,229.64862060546875,445.57183837890625,308.8888244628906,0.9617242217063904,406.9657745361328,,,,,,9.37599756717682
69,RGB,2,,297.3570861816406,229.23428344726562,369.5545654296875,308.724365234375,0.9566510319709778,333.45582580566406,,,,,,1.4507062196731568
69,RGB,3,,133.95680236816406,230.40487670898438,224.01687622070312,308.9610900878906,0.9487299919128418,178.9868392944336,,,,,,-15.202981388568878
69,RGB,4,,217.16934204101562,229.86668395996094,295.0638122558594,308.8354797363281,0.9428625702857971,256.1165771484375,,,,,,-6.887431526184082
69,RGB,5,,435.02374267578125,231.4684600830078,518.7744140625,308.692626953125,0.8617019057273865,476.8990783691406,,,,,,16.915681886672974
69,LiDAR,1,1,,,,,,,-3.0479274073846874e-05,14.694587744967182,3,14.638895246814679,0.9,-0.00011884197075549416
69,LiDAR,2,2,,,,,,,0.7540364143100058,6.8299763981179415,1,6.871473532871506,0.4,6.3
69,LiDAR,3,3,,,,,,,1.9694013101485655,14.66233139855207,2,14.793954466124575,0.7,7.65001533382348
69,LiDAR,4,4,,,,,,,0.5010602401787413,3.1635698503719687,1,3.2030041464959886,0.4,9.0
69,LiDAR,5,5,,,,,,,3.782655558554778,14.735755047655315,3,15.139391165026321,0.9,14.396923909196166
69,LiDAR,6,6,,,,,,,-4.1362010483411025,14.666103199831078,2,15.230356729851026,0.7,-15.74975450021323
69,LiDAR,7,7,,,,,,,-2.0906068808441156,14.690444431842545,3,14.779278248264287,0.9,-8.099415216692213
70,CSI,1,,325.061767578125,177.98388671875,376.76348876953125,240.19549560546875,0.5735515356063843,350.9126281738281,,,,,,-11.529243283155488
70,CSI,2,,490.41168212890625,179.28643798828125,547.8148803710938,238.3108673095703,0.5254291296005249,519.11328125,,,,,,21.290396341463413
70,CSI,3,,265.8847351074219,180.08384704589844,324.91046142578125,236.9325714111328,0.4993283152580261,295.39759826660156,,,,,,-22.361444240663108
70,CSI,4,,435.4615478515625,177.80213928222656,495.1143493652344,238.75433349609375,0.46599361300468445,465.28794860839844,,,,,,10.787892411394818
70,CSI,5,,380.8832092285156,176.46058654785156,436.6595764160156,240.3988800048828,0.2589644491672516,408.7713928222656,,,,,,-0.23972822980182926
70,RGB,1,,368.6278076171875,229.77685546875,445.4033508300781,308.9136962890625,0.9634705781936646,407.0155792236328,,,,,,9.381367135047913
70,RGB,2,,297.4173583984375,228.90965270996094,369.4033508300781,308.7735595703125,0.9557051062583923,333.4103546142578,,,,,,1.4458038568496705
70,RGB,3,,133.97061157226562,230.31436157226562,222.15017700195312,308.9348449707031,0.9512673020362854,178.06039428710938,,,,,,-15.30286374092102
70,RGB,4,,216.95660400390625,229.96426391601562,295.07208251953125,308.8938293457031,0.9447916150093079,256.01434326171875,,,,,,-6.898453617095948
70,RGB,5,,434.9516296386719,231.51168823242188,518.9500122070312,308.7646789550781,0.8651277422904968,476.95082092285156,,,,,,16.921260380744936
70,LiDAR,1,1,,,,,,,-3.0479274073846874e-05,14.694587744967182,3,14.638895246814679,0.9,-0.00011884197075549416
70,LiDAR,2,2,,,,,,,0.7540364143100058,6.8299763981179415,1,6.871473532871506,0.4,6.3
70,LiDAR,3,3,,,,,,,1.9694013101485655,14.66233139855207,2,14.793954466124575,0.7,7.65001533382348
70,LiDAR,4,4,,,,,,,0.5010602401787413,3.1635698503719687,1,3.2030041464959886,0.4,9.0
70,LiDAR,5,5,,,,,,,3.782655558554778,14.735755047655315,3,15.139391165026321,0.9,14.396923909196166
70,LiDAR,6,6,,,,,,,-4.1362010483411025,14.666103199831078,2,15.230356729851026,0.7,-15.74975450021323
70,LiDAR,7,7,,,,,,,-2.0906068808441156,14.690444431842545,3,14.779278248264287,0.9,-8.099415216692213
71,CSI,1,,324.7940673828125,178.00997924804688,376.4726867675781,239.9082489013672,0.5534855127334595,350.6333770751953,,,,,,-11.583731302400915
71,CSI,2,,490.6467590332031,179.40658569335938,547.79150390625,238.21630859375,0.5417971014976501,519.2191314697266,,,,,,21.311050042873475
71,CSI,3,,265.7431640625,179.89527893066406,324.55828857421875,236.8640899658203,0.5160202980041504,295.1507263183594,,,,,,-22.409614376905488
71,CSI,4,,435.70458984375,177.6624755859375,495.22601318359375,238.69786071777344,0.43467867374420166,465.4653015136719,,,,,,10.822497856326219
71,CSI,5,,380.6944580078125,176.27818298339844,436.6007995605469,240.35191345214844,0.26796725392341614,408.6476287841797,,,,,,-0.2638773104039634
71,RGB,1,,368.74688720703125,229.86160278320312,445.591552734375,308.9001159667969,0.9616289734840393,407.1692199707031,,,,,,9.39793152809143
71,RGB,2,,297.36279296875,228.92947387695312,369.45965576171875,308.8078918457031,0.9554028511047363,333.4112243652344,,,,,,1.445897626876831
71,RGB,3,,133.94297790527344,230.19650268554688,222.54356384277344,309.0078125,0.9510345458984375,178.24327087402344,,,,,,-15.283147358894348
71,RGB,4,,216.8308563232422,229.87222290039062,295.214599609375,308.9013671875,0.9438572525978088,256.0227279663086,,,,,,-6.897549641132355
71,RGB,5,,434.6534423828125,231.41766357421875,518.9041748046875,308.73175048828125,0.8691571950912476,476.77880859375,,,,,,16.90271530151367
71,LiDAR,1,1,,,,,,,-3.0479274073846874e-05,14.694587744967182,3,14.638895246814679,0.9,-0.00011884197075549416
71,LiDAR,2,2,,,,,,,0.7540364143100058,6.8299763981179415,1,6.871473532871506,0.4,6.3
71,LiDAR,3,3,,,,,,,1.9694013101485655,14.66233139855207,2,14.793954466124575,0.7,7.65001533382348
71,LiDAR,4,4,,,,,,,0.5010602401787413,3.1635698503719687,1,3.2030041464959886,0.4,9.0
71,LiDAR,5,5,,,,,,,3.782655558554778,14.735755047655315,3,15.139391165026321,0.9,14.396923909196166
71,LiDAR,6,6,,,,,,,-4.1362010483411025,14.666103199831078,2,15.230356729851026,0.7,-15.74975450021323
71,LiDAR,7,7,,,,,,,-2.0906068808441156,14.690444431842545,3,14.779278248264287,0.9,-8.099415216692213
72,CSI,1,,323.85302734375,178.03173828125,376.6890869140625,239.8377685546875,0.5535618662834167,350.27105712890625,,,,,,-11.654427877286587
72,CSI,2,,490.5480651855469,179.3623809814453,548.0592651367188,238.30271911621094,0.5490339398384094,519.3036651611328,,,,,,21.32754442168445
72,CSI,3,,265.8873291015625,180.1708984375,324.4654846191406,236.90365600585938,0.5247561931610107,295.17640686035156,,,,,,-22.4046035394436
72,CSI,4,,435.55792236328125,177.58705139160156,495.3196105957031,238.79615783691406,0.4682813286781311,465.4387664794922,,,,,,10.817320288681403
72,CSI,5,,380.7850341796875,176.40533447265625,436.71405029296875,240.3865966796875,0.27808332443237305,408.7495422363281,,,,,,-0.2439917587652439
72,RGB,1,,368.5377197265625,229.82504272460938,445.6028137207031,308.96942138671875,0.962230384349823,407.0702667236328,,,,,,9.387263131141662
72,RGB,2,,297.328369140625,229.08929443359375,369.5491027832031,308.8032531738281,0.9551399946212769,333.43873596191406,,,,,,1.44886372089386
72,RGB,3,,134.080810546875,230.14114379882812,221.75779724121094,308.9366760253906,0.9521323442459106,177.91930389404297,,,,,,-15.318075048923493
72,RGB,4,,216.86497497558594,229.90548706054688,295.3565368652344,308.913818359375,0.9476689100265503,256.11075592041016,,,,,,-6.88805912733078
72,RGB,5,,435.05859375,231.62705993652344,518.8375244140625,308.7248229980469,0.8683595061302185,476.94805908203125,,,,,,16.920962619781495
72,LiDAR,1,1,,,,,,,-3.0479274073846874e-05,14.694587744967182,3,14.638895246814679,0.9,-0.00011884197075549416
72,LiDAR,2,2,,,,,,,0.7540364143100058,6.8299763981179415,1,6.871473532871506,0.4,6.3
72,LiDAR,3,3,,,,,,,1.9694013101485655,14.66233139855207,2,14.793954466124575,0.7,7.65001533382348
72,LiDAR,4,4,,,,,,,0.5010602401787413,3.1635698503719687,1,3.2030041464959886,0.4,9.0
72,LiDAR,5,5,,,,,,,3.782655558554778,14.735755047655315,3,15.139391165026321,0.9,14.396923909196166
72,LiDAR,6,6,,,,,,,-4.1362010483411025,14.666103199831078,2,15.230356729851026,0.7,-15.74975450021323
72,LiDAR,7,7,,,,,,,-2.0906068808441156,14.690444431842545,3,14.779278248264287,0.9,-8.099415216692213
73,CSI,1,,324.18023681640625,178.0496826171875,376.52655029296875,239.83436584472656,0.5632609724998474,350.3533935546875,,,,,,-11.638362233231707
73,CSI,2,,490.6569519042969,179.3958282470703,547.9114990234375,238.20213317871094,0.5415133237838745,519.2842254638672,,,,,,21.323751310022864
73,CSI,3,,265.95208740234375,180.27142333984375,324.4338684082031,236.9778594970703,0.5311896800994873,295.19297790527344,,,,,,-22.401370164824694
73,CSI,4,,435.7248840332031,177.63848876953125,495.1370544433594,238.72511291503906,0.46451616287231445,465.43096923828125,,,,,,10.815798875762194
73,CSI,5,,380.8414611816406,176.43333435058594,436.7757873535156,240.4285125732422,0.27365005016326904,408.8086242675781,,,,,,-0.23246355754573172
73,RGB,1,,368.692626953125,229.82168579101562,445.6829528808594,308.9563903808594,0.9605916738510132,407.1877899169922,,,,,,9.39993360042572
73,RGB,2,,297.3377685546875,228.95083618164062,369.468994140625,308.8969421386719,0.9534462690353394,333.40338134765625,,,,,,1.4450520515441894
73,RGB,3,,134.0872802734375,230.12777709960938,222.98980712890625,308.9407653808594,0.9501663446426392,178.53854370117188,,,,,,-15.251313257217408
73,RGB,4,,216.8335723876953,229.90838623046875,295.0018005371094,308.87103271484375,0.9444776773452759,255.91768646240234,,,,,,-6.908874428272247
73,RGB,5,,434.70269775390625,231.58712768554688,518.8468627929688,308.6871032714844,0.8702979683876038,476.7747802734375,,,,,,16.90228099822998
73,LiDAR,1,1,,,,,,,-3.0479274073846874e-05,14.694587744967182,3,14.638895246814679,0.9,-0.00011884197075549416
73,LiDAR,2,2,,,,,,,0.7540364143100058,6.8299763981179415,1,6.871473532871506,0.4,6.3
73,LiDAR,3,3,,,,,,,1.9694013101485655,14.66233139855207,2,14.793954466124575,0.7,7.65001533382348
73,LiDAR,4,4,,,,,,,0.5010602401787413,3.1635698503719687,1,3.2030041464959886,0.4,9.0
73,LiDAR,5,5,,,,,,,3.782655558554778,14.735755047655315,3,15.139391165026321,0.9,14.396923909196166
73,LiDAR,6,6,,,,,,,-4.1362010483411025,14.666103199831078,2,15.230356729851026,0.7,-15.74975450021323
73,LiDAR,7,7,,,,,,,-2.0906068808441156,14.690444431842545,3,14.779278248264287,0.9,-8.099415216692213
74,CSI,1,,323.8064880371094,177.9718780517578,376.4659423828125,239.98333740234375,0.5615674257278442,350.13621520996094,,,,,,-11.680738495617378
74,CSI,2,,490.39666748046875,179.38705444335938,547.7183837890625,238.15078735351562,0.5263504981994629,519.0575256347656,,,,,,21.279517197027438
74,CSI,3,,265.8013916015625,180.09231567382812,324.67205810546875,236.9793701171875,0.5110794305801392,295.2367248535156,,,,,,-22.392834174923777
74,CSI,4,,435.33233642578125,177.6231231689453,495.0873718261719,238.637451171875,0.44320112466812134,465.20985412597656,,,,,,10.772654463605182
74,CSI,5,,380.70916748046875,176.44737243652344,436.6430358886719,240.32904052734375,0.2711404860019684,408.6761016845703,,,,,,-0.25832162252286583
74,RGB,1,,368.7580261230469,229.82260131835938,445.7900695800781,308.965576171875,0.9611403346061707,407.2740478515625,,,,,,9.409233283996581
74,RGB,2,,297.395751953125,228.9532470703125,369.78350830078125,308.84600830078125,0.9546000361442566,333.5896301269531,,,,,,1.4651319980621338
74,RGB,3,,134.0167999267578,230.23452758789062,223.2010498046875,308.9088134765625,0.9505806565284729,178.60892486572266,,,,,,-15.243725287914277
74,RGB,4,,216.82034301757812,230.0189208984375,295.1618347167969,308.86724853515625,0.9436516165733337,255.9910888671875,,,,,,-6.9009607315063475
74,RGB,5,,434.7289733886719,231.51058959960938,518.8641357421875,308.73455810546875,0.8696127533912659,476.7965545654297,,,,,,16.90462853908539
74,LiDAR,1,1,,,,,,,-3.0479274073846874e-05,14.694587744967182,3,14.638895246814679,0.9,-0.00011884197075549416
74,LiDAR,2,2,,,,,,,0.7540364143100058,6.8299763981179415,1,6.871473532871506,0.4,6.3
74,LiDAR,3,3,,,,,,,1.9694013101485655,14.66233139855207,2,14.793954466124575,0.7,7.65001533382348
74,LiDAR,4,4,,,,,,,0.5010602401787413,3.1635698503719687,1,3.2030041464959886,0.4,9.0
74,LiDAR,5,5,,,,,,,3.782655558554778,14.735755047655315,3,15.139391165026321,0.9,14.396923909196166
74,LiDAR,6,6,,,,,,,-4.1362010483411025,14.666103199831078,2,15.230356729851026,0.7,-15.74975450021323
74,LiDAR,7,7,,,,,,,-2.0906068808441156,14.690444431842545,3,14.779278248264287,0.9,-8.099415216692213
75,CSI,1,,324.7500305175781,178.03598022460938,376.6297912597656,240.06524658203125,0.5633881688117981,350.6899108886719,,,,,,-11.572700314405488
75,CSI,2,,490.499267578125,179.5101318359375,547.8587646484375,238.13674926757812,0.5549705624580383,519.1790161132812,,,,,,21.30322265625
75,CSI,3,,265.77557373046875,180.25772094726562,324.58355712890625,237.05374145507812,0.5207435488700867,295.1795654296875,,,,,,-22.403987233231707
75,CSI,4,,435.63482666015625,177.51913452148438,495.0455017089844,238.69003295898438,0.4729061424732208,465.3401641845703,,,,,,10.798080816501525
75,CSI,5,,380.822509765625,176.559326171875,436.82666015625,240.3165283203125,0.26225388050079346,408.8245849609375,,,,,,-0.22934927591463414
75,RGB,1,,368.5457763671875,229.7511444091797,445.67462158203125,308.92401123046875,0.9614120125770569,407.1101989746094,,,,,,9.391568326950074
75,RGB,2,,297.45281982421875,228.94114685058594,369.30987548828125,308.8131103515625,0.9547898769378662,333.38134765625,,,,,,1.4426765441894531
75,RGB,3,,134.08363342285156,230.32156372070312,223.7825469970703,308.9082336425781,0.9497425556182861,178.93309020996094,,,,,,-15.208776211738586
75,RGB,4,,216.94497680664062,229.89215087890625,295.2550354003906,308.94195556640625,0.9450415968894958,256.1000061035156,,,,,,-6.889218091964722
75,RGB,5,,434.6697998046875,231.57562255859375,518.8422241210938,308.72015380859375,0.8713150024414062,476.7560119628906,,,,,,16.900257539749145
75,LiDAR,1,1,,,,,,,-3.0479274073846874e-05,14.694587744967182,3,14.638895246814679,0.9,-0.00011884197075549416
75,LiDAR,2,2,,,,,,,0.7540364143100058,6.8299763981179415,1,6.871473532871506,0.4,6.3
75,LiDAR,3,3,,,,,,,1.9694013101485655,14.66233139855207,2,14.793954466124575,0.7,7.65001533382348
75,LiDAR,4,4,,,,,,,0.5010602401787413,3.1635698503719687,1,3.2030041464959886,0.4,9.0
75,LiDAR,5,5,,,,,,,3.782655558554778,14.735755047655315,3,15.139391165026321,0.9,14.396923909196166
75,LiDAR,6,6,,,,,,,-4.1362010483411025,14.666103199831078,2,15.230356729851026,0.7,-15.74975450021323
75,LiDAR,7,7,,,,,,,-2.0906068808441156,14.690444431842545,3,14.779278248264287,0.9,-8.099415216692213
76,CSI,1,,324.1346130371094,178.2087860107422,376.4102478027344,240.00350952148438,0.5781508684158325,350.2724304199219,,,,,,-11.654159918064025
76,CSI,2,,490.17681884765625,179.4786376953125,547.9478759765625,238.20083618164062,0.5270937085151672,519.0623474121094,,,,,,21.280458031631095
76,CSI,3,,265.7442626953125,180.23069763183594,324.4871520996094,237.1079559326172,0.5231486558914185,295.11570739746094,,,,,,-22.41644733708079
76,CSI,4,,435.77618408203125,177.64288330078125,495.04681396484375,238.6990203857422,0.46859845519065857,465.4114990234375,,,,,,10.81199980945122
76,CSI,5,,380.78369140625,176.35757446289062,436.7279357910156,240.3898162841797,0.2631988823413849,408.7558135986328,,,,,,-0.24276807831554878
76,RGB,1,,368.73583984375,229.70372009277344,445.48126220703125,308.9720458984375,0.9625943303108215,407.1085510253906,,,,,,9.391390657424926
76,RGB,2,,297.30450439453125,228.91122436523438,369.95880126953125,308.8791198730469,0.9553327560424805,333.63165283203125,,,,,,1.469662570953369
76,RGB,3,,134.0341339111328,230.26327514648438,222.97398376464844,308.97503662109375,0.9500390291213989,178.50405883789062,,,,,,-15.255031156539918
76,RGB,4,,216.82318115234375,229.90805053710938,295.1725769042969,308.9252624511719,0.9462558031082153,255.9978790283203,,,,,,-6.900228667259216
76,RGB,5,,434.6559143066406,231.5088653564453,518.877685546875,308.7342834472656,0.867050051689148,476.7667999267578,,,,,,16.90142061710358
76,LiDAR,1,1,,,,,,,-3.0479274073846874e-05,14.694587744967182,3,14.638895246814679,0.9,-0.00011884197075549416
76,LiDAR,2,2,,,,,,,0.7540364143100058,6.8299763981179415,1,6.871473532871506,0.4,6.3
76,LiDAR,3,3,,,,,,,1.9694013101485655,14.66233139855207,2,14.793954466124575,0.7,7.65001533382348
76,LiDAR,4,4,,,,,,,0.5010602401787413,3.1635698503719687,1,3.2030041464959886,0.4,9.0
76,LiDAR,5,5,,,,,,,3.782655558554778,14.735755047655315,3,15.139391165026321,0.9,14.396923909196166
76,LiDAR,6,6,,,,,,,-4.1362010483411025,14.666103199831078,2,15.230356729851026,0.7,-15.74975450021323
76,LiDAR,7,7,,,,,,,-2.0906068808441156,14.690444431842545,3,14.779278248264287,0.9,-8.099415216692213
77,CSI,1,,325.5400085449219,178.16041564941406,376.4743347167969,240.07225036621094,0.579437792301178,351.0071716308594,,,,,,-11.510795779344512
77,CSI,2,,490.45672607421875,179.43783569335938,547.9430541992188,238.340087890625,0.5453984141349792,519.1998901367188,,,,,,21.307295636432926
77,CSI,3,,265.7995300292969,180.26329040527344,324.7757568359375,237.0857391357422,0.5111188888549805,295.2876434326172,,,,,,-22.38289884241616
77,CSI,4,,435.63128662109375,177.67481994628906,495.35052490234375,238.82569885253906,0.4634808301925659,465.49090576171875,,,,,,10.827493807164634
77,RGB,1,,368.7066345214844,229.74459838867188,445.4732971191406,308.93597412109375,0.9629166126251221,407.0899658203125,,,,,,9.389386940002442
77,RGB,2,,297.2999572753906,229.02220153808594,370.1258239746094,308.8769836425781,0.9565381407737732,333.712890625,,,,,,1.4784210205078125
77,RGB,3,,134.05905151367188,230.01202392578125,220.5238037109375,309.06182861328125,0.9539930820465088,177.2914276123047,,,,,,-15.385767960548401
77,RGB,4,,216.85641479492188,229.9602508544922,295.3930969238281,308.903564453125,0.9489128589630127,256.124755859375,,,,,,-6.886549758911133
77,RGB,5,,434.744384765625,231.4536895751953,518.9502563476562,308.7944030761719,0.8678662776947021,476.8473205566406,,,,,,16.910101747512815
77,LiDAR,1,1,,,,,,,-3.0479274073846874e-05,14.694587744967182,3,14.638895246814679,0.9,-0.00011884197075549416
77,LiDAR,2,2,,,,,,,0.7540364143100058,6.8299763981179415,1,6.871473532871506,0.4,6.3
77,LiDAR,3,3,,,,,,,1.9694013101485655,14.66233139855207,2,14.793954466124575,0.7,7.65001533382348
77,LiDAR,4,4,,,,,,,0.5010602401787413,3.1635698503719687,1,3.2030041464959886,0.4,9.0
77,LiDAR,5,5,,,,,,,3.782655558554778,14.735755047655315,3,15.139391165026321,0.9,14.396923909196166
77,LiDAR,6,6,,,,,,,-4.1362010483411025,14.666103199831078,2,15.230356729851026,0.7,-15.74975450021323
77,LiDAR,7,7,,,,,,,-2.0906068808441156,14.690444431842545,3,14.779278248264287,0.9,-8.099415216692213
