Tolerance_deg,Frame_ID,Camera_Sensor,Camera_Detection_ID,Camera_Raw_Bearing,Camera_Calibrated_Bearing,Matched,Matched_LiDAR_Cluster_ID,LiDAR_Bearing,Bearing_Difference_deg,Candidate_LiDAR_Count
0.5,1,CSI,1,-22.382705316310975,-16.27020459103468,False,,,,0
0.5,1,CSI,2,21.304422518102136,15.293745269328795,False,,,,0
0.5,1,CSI,3,-11.469518149771341,-8.385426863209794,True,7,-8.099415216692213,0.28601164651758104,1
0.5,1,CSI,4,10.84025759813262,7.733386114650818,True,3,7.65001533382348,0.08337078082733829,1
0.5,2,CSI,1,-22.410477801067074,-16.29027021127096,False,,,,0
0.5,2,CSI,2,-11.376786394817074,-8.318428170255336,True,7,-8.099415216692213,0.2190129535631229,1
0.5,2,CSI,3,21.29749130621189,15.288737468738091,False,,,,0
0.5,2,CSI,4,10.886703863376523,7.766943541289538,True,3,7.65001533382348,0.11692820746605825,1
0.5,3,CSI,1,-22.396037776295728,-16.279837293373664,False,,,,0
0.5,3,CSI,2,-11.443740472560975,-8.366802491425304,True,7,-8.099415216692213,0.26738727473309076,1
0.5,3,CSI,3,21.29366842130335,15.285975434391673,False,,,,0
0.5,3,CSI,4,10.809236852134145,7.71097362566692,True,3,7.65001533382348,0.06095829184344037,1
0.5,3,CSI,5,-0.22686618711890244,-0.26261082019340704,True,1,-0.00011884197075549416,0.2624919782226515,1
0.5,4,CSI,1,-22.391714700838413,-16.276713871355756,False,,,,0
0.5,4,CSI,2,-11.487277891577744,-8.398258276664919,True,7,-8.099415216692213,0.29884305997270566,1
0.5,4,CSI,3,21.305515196265247,15.294534729301644,False,,,,0
0.5,4,CSI,4,10.824305092416157,7.721860429270674,True,3,7.65001533382348,0.07184509544719386,1
0.5,5,CSI,1,-22.399711794969512,-16.282491771865473,False,,,,0
0.5,5,CSI,2,-11.447170350609756,-8.369280578315548,True,7,-8.099415216692213,0.2698653616233351,1
0.5,5,CSI,3,21.292647198932926,15.28523760122904,False,,,,0
0.5,5,CSI,4,10.783962342797256,7.692712792671018,True,3,7.65001533382348,0.04269745884753817,1
0.5,6,CSI,1,-11.233984970464938,-8.215254141160917,True,7,-8.099415216692213,0.11583892446870436,1
0.5,6,CSI,2,-22.371340867949698,-16.261993777093657,False,,,,0
0.5,6,CSI,3,21.295698956745426,15.287442496248572,False,,,,0
0.5,6,CSI,4,10.726586318597562,7.651258615186738,True,3,7.65001533382348,0.0012432813632585749,1
0.5,7,CSI,1,-22.388144888528963,-16.274134681962177,False,,,,0
0.5,7,CSI,2,-11.407187857278965,-8.340393226884052,True,7,-8.099415216692213,0.24097801019183862,1
0.5,7,CSI,3,21.285001429115855,15.279713532536206,False,,,,0
0.5,7,CSI,4,10.733922446646343,7.656558967701983,True,3,7.65001533382348,0.006543633878503208,1
0.5,8,CSI,1,-22.352542039824694,-16.248411623773343,True,6,-15.74975450021323,0.49865712356011294,1
0.5,8,CSI,2,21.25210794588415,15.2559479909013,False,,,,0
0.5,8,CSI,3,-11.229801829268293,-8.212231821646341,True,7,-8.099415216692213,0.11281660495412815,1
0.5,8,CSI,4,10.691043016387196,7.6255785793397495,True,3,7.65001533382348,0.024436754483730283,1
0.5,8,CSI,5,-0.2955828410823171,-0.3122586026819741,True,1,-0.00011884197075549416,0.3121397607112186,1
0.5,9,CSI,1,21.296026462461892,15.287679119128718,False,,,,0
0.5,9,CSI,2,-22.369101919778963,-16.260376137040303,False,,,,0
0.5,9,CSI,3,-11.335550447789636,-8.288635198528011,True,7,-8.099415216692213,0.18921998183579802,1
0.5,9,CSI,4,10.76870653105945,7.681690468690453,True,3,7.65001533382348,0.03167513486697349,1
0.5,10,CSI,1,-22.404737519054876,-16.28612285751715,False,,,,0
0.5,10,CSI,2,-11.56590010480183,-8.455062825719322,True,7,-8.099415216692213,0.355647609027109,1
0.5,10,CSI,3,21.294698575647864,15.286719720905584,False,,,,0
0.5,10,CSI,4,10.752253834794207,7.669803395638815,True,3,7.65001533382348,0.01978806181533521,1
0.5,11,CSI,1,-22.411368021150913,-16.290913395281535,False,,,,0
0.5,11,CSI,2,21.3397842035061,15.319294087033159,False,,,,0
0.5,11,CSI,3,-11.456801995998475,-8.376239442108897,True,7,-8.099415216692213,0.27682422541668394,1
0.5,11,CSI,4,10.793037228467988,7.699269397568122,True,3,7.65001533382348,0.04925406374464192,1
0.5,12,CSI,1,21.323268983422253,15.30736184052258,False,,,,0
0.5,12,CSI,2,-22.38050507336128,-16.268614915503527,False,,,,0
0.5,12,CSI,3,-11.571765434451219,-8.459300526391004,True,7,-8.099415216692213,0.3598853096987913,1
0.5,12,CSI,4,10.747195360137196,7.666148647699124,True,3,7.65001533382348,0.01613331387564454,1
0.5,13,CSI,1,-11.29297470464939,-8.257874224109184,True,7,-8.099415216692213,0.15845900741697072,1
0.5,13,CSI,2,21.30839724657012,15.296617010646914,False,,,,0
0.5,13,CSI,3,-22.338596250952744,-16.238335791313357,True,6,-15.74975450021323,0.48858129110012705,1
0.5,13,CSI,4,10.79812547637195,7.702945656678734,True,3,7.65001533382348,0.05293032285525445,1
0.5,13,CSI,5,-0.18285537347560973,-0.23081300733612803,True,1,-0.00011884197075549416,0.23069416536537254,1
0.5,14,CSI,1,-11.66538740948933,-8.52694240335604,True,7,-8.099415216692213,0.42752718666382705,1
0.5,14,CSI,2,-22.3607177734375,-16.254318591308596,False,,,,0
0.5,14,CSI,3,21.326746498666157,15.3098743452863,False,,,,0
0.5,14,CSI,4,10.819764672256099,7.7185799757050315,True,3,7.65001533382348,0.06856464188155176,1
0.5,15,CSI,1,-11.543299233041157,-8.438733695872235,True,7,-8.099415216692213,0.33931847918002234,1
0.5,15,CSI,2,21.335639767530488,15.316299732040779,False,,,,0
0.5,15,CSI,3,-22.354355230564025,-16.24972165408251,True,6,-15.74975450021323,0.4999671538692798,1
0.5,15,CSI,4,10.837387457126525,7.731312437773915,True,3,7.65001533382348,0.0812971039504351,1
0.5,16,CSI,1,-22.4158935546875,-16.29418309326172,False,,,,0
0.5,16,CSI,2,-11.661802710556401,-8.524352458376999,True,7,-8.099415216692213,0.42493724168478586,1
0.5,16,CSI,3,21.30856397675305,15.29673747320408,False,,,,0
0.5,16,CSI,4,10.818963771913111,7.718001325207223,True,3,7.65001533382348,0.06798599138374328,1
0.5,16,CSI,5,-0.23240103372713414,-0.26660974686785444,True,1,-0.00011884197075549416,0.2664909048970989,1
0.5,17,CSI,1,-22.425876524390244,-16.301395788871954,False,,,,0
0.5,17,CSI,2,21.319371665396343,15.30454602824886,False,,,,0
0.5,17,CSI,3,-11.629784560785062,-8.501219345167206,True,7,-8.099415216692213,0.4018041284749927,1
0.5,17,CSI,4,10.806384575076219,7.708912855492569,True,3,7.65001533382348,0.05889752166908924,1
0.5,18,CSI,1,-22.430934999047256,-16.305050536811645,False,,,,0
0.5,18,CSI,2,-11.733047113185975,-8.575826539276866,True,7,-8.099415216692213,0.4764113225846529,1
0.5,18,CSI,3,21.33124225895579,15.31312253209556,False,,,,0
0.5,18,CSI,4,10.831114233993901,7.726780034060594,True,3,7.65001533382348,0.07676470023711435,1
0.5,18,CSI,5,-0.20818347465701217,-0.24911256043969132,True,1,-0.00011884197075549416,0.24899371846893584,1
0.5,19,CSI,1,-11.593717249428355,-8.475160712711986,True,7,-8.099415216692213,0.37574549601977303,1
0.5,19,CSI,2,-22.405937380907012,-16.286989757705317,False,,,,0
0.5,19,CSI,3,21.287046851181405,15.281191349978567,False,,,,0
0.5,19,CSI,4,10.84645936547256,7.737866891553925,True,3,7.65001533382348,0.0878515577304455,1
0.5,19,CSI,5,-0.22100681211890244,-0.258377421755907,True,1,-0.00011884197075549416,0.2582585797851515,1
0.5,20,CSI,1,-11.624749904725608,-8.49758180616425,True,7,-8.099415216692213,0.3981665894720372,1
0.5,20,CSI,2,-22.415652391387194,-16.29400885277725,False,,,,0
0.5,20,CSI,3,21.309909727515244,15.297709778129764,False,,,,0
0.5,20,CSI,4,10.83049197313262,7.726330450588319,True,3,7.65001533382348,0.07631511676483882,1
0.5,21,CSI,1,-11.555568788109756,-8.447598449409298,True,7,-8.099415216692213,0.3481832327170853,1
0.5,21,CSI,2,21.32136945026677,15.305989427817742,False,,,,0
0.5,21,CSI,3,-22.37137064119665,-16.26201528826458,False,,,,0
0.5,21,CSI,4,10.855808165015244,7.744621399223514,True,3,7.65001533382348,0.09460606540003447,1
0.5,21,CSI,5,-0.2137064119664634,-0.2531028826457698,True,1,-0.00011884197075549416,0.2529840406750143,1
0.5,22,CSI,1,-22.368545160060975,-16.259973878144056,False,,,,0
0.5,22,CSI,2,-11.543352824885671,-8.438772415979898,True,7,-8.099415216692213,0.3393571992876847,1
0.5,22,CSI,3,21.28750833650915,15.281524773127861,False,,,,0
0.5,22,CSI,4,10.819097751524392,7.718098125476374,True,3,7.65001533382348,0.06808279165289388,1
0.5,23,CSI,1,-11.635536752096037,-8.505375303389386,True,7,-8.099415216692213,0.40596008669717243,1
0.5,23,CSI,2,21.32126524390244,15.305914138719515,False,,,,0
0.5,23,CSI,3,-22.381990758384145,-16.269688322932545,False,,,,0
0.5,23,CSI,4,10.823706650152438,7.721428054735137,True,3,7.65001533382348,0.07141272091165707,1
0.5,24,CSI,1,-22.402811189977136,-16.284731084758484,False,,,,0
0.5,24,CSI,2,21.355593797637194,15.330716518792874,False,,,,0
0.5,24,CSI,3,-11.313277081745428,-8.272542691561071,True,7,-8.099415216692213,0.17312747486885804,1
0.5,24,CSI,4,10.822084008193597,7.7202556959198745,True,3,7.65001533382348,0.07024036209639473,1
0.5,25,CSI,1,-11.516893340320122,-8.419655438381287,True,7,-8.099415216692213,0.3202402216890743,1
0.5,25,CSI,2,-22.399548042111277,-16.2823734604254,False,,,,0
0.5,25,CSI,3,21.36210818407012,15.335423162990663,False,,,,0
0.5,25,CSI,4,10.830051329077744,7.72601208525867,True,3,7.65001533382348,0.07599675143519047,1
0.5,26,CSI,1,-22.388463462271343,-16.274364851491047,False,,,,0
0.5,26,CSI,2,-11.524027010289634,-8.42480951493426,True,7,-8.099415216692213,0.32539429824204724,1
0.5,26,CSI,3,21.322438309832318,15.306761678853851,False,,,,0
0.5,26,CSI,4,10.815274866615853,7.715336091129954,True,3,7.65001533382348,0.06532075730647424,1
0.5,27,CSI,1,-11.473683427019816,-8.388436276021817,True,7,-8.099415216692213,0.2890210593296043,1
0.5,27,CSI,2,21.36062547637195,15.334351906678735,False,,,,0
0.5,27,CSI,3,-22.361244759908537,-16.25469933903392,False,,,,0
0.5,27,CSI,4,10.816745665015244,7.716398742973514,True,3,7.65001533382348,0.06638340915003393,1
0.5,28,CSI,1,-11.538136552019818,-8.435003658834319,True,7,-8.099415216692213,0.3355884421421056,1
0.5,28,CSI,2,21.352738543254574,15.32865359750143,False,,,,0
0.5,28,CSI,3,-22.391604539824694,-16.276634280023345,False,,,,0
0.5,28,CSI,4,10.844387147484756,7.736369714057736,True,3,7.65001533382348,0.08635438023425657,1
0.5,29,CSI,1,21.352589677019814,15.328546041646817,False,,,,0
0.5,29,CSI,2,-11.539836604420731,-8.436231946693978,True,7,-8.099415216692213,0.3368167300017646,1
0.5,29,CSI,3,-22.384450028582318,-16.271465145650726,False,,,,0
0.5,29,CSI,4,10.81444121570122,7.714733778344132,True,3,7.65001533382348,0.06471844452065234,1
0.5,30,CSI,1,21.301885837461892,15.29191251756622,False,,,,0
0.5,30,CSI,2,-22.38654011051829,-16.272975229849465,False,,,,0
0.5,30,CSI,3,-11.309900795541159,-8.270103324778487,True,7,-8.099415216692213,0.17068810808627433,1
0.5,30,CSI,4,10.812098061166157,7.713040849192549,True,3,7.65001533382348,0.06302551536906886,1
0.5,31,CSI,1,-22.415780416349087,-16.294101350812216,False,,,,0
0.5,31,CSI,2,21.313789181592988,15.300512683700935,False,,,,0
0.5,31,CSI,3,-11.703023770960366,-8.554134674518863,True,7,-8.099415216692213,0.45471945782665024,1
0.5,31,CSI,4,10.861599061547256,7.748805321967893,True,3,7.65001533382348,0.09878998814441342,1
0.5,32,CSI,1,-22.410921422446645,-16.290590727717703,False,,,,0
0.5,32,CSI,2,-11.401495212461889,-8.336280291003714,True,7,-8.099415216692213,0.23686507431150083,1
0.5,32,CSI,3,21.32051495807927,15.305372057212272,False,,,,0
0.5,32,CSI,4,10.892691263338413,7.771269437762004,True,3,7.65001533382348,0.12125410393852398,1
0.5,33,CSI,1,-11.430932021722562,-8.35754838569455,True,7,-8.099415216692213,0.2581331690023365,1
0.5,33,CSI,2,-22.4095458984375,-16.289596911621096,False,,,,0
0.5,33,CSI,3,21.31428341749238,15.300869769138245,False,,,,0
0.5,33,CSI,4,10.807521913109756,7.709734582221799,True,3,7.65001533382348,0.0597192483983191,1
0.5,33,CSI,5,-0.22314453125,-0.259921923828125,True,1,-0.00011884197075549416,0.2598030818573695,1
0.5,34,CSI,1,21.357722584794207,15.332254567513816,False,,,,0
0.5,34,CSI,2,-11.54982255144817,-8.443446793421302,True,7,-8.099415216692213,0.3440315767290887,1
0.5,34,CSI,3,-22.399637361852136,-16.28243799393817,False,,,,0
0.5,34,CSI,4,10.789467416158535,7.696690208174542,True,3,7.65001533382348,0.0466748743510621,1
0.5,34,CSI,5,-0.25141720655487804,-0.28034893173589936,True,1,-0.00011884197075549416,0.28023008976514385,1
0.5,35,CSI,1,-11.44265672637195,-8.366019484803735,True,7,-8.099415216692213,0.2666042681115215,1
0.5,35,CSI,2,21.330494950457318,15.312582601705413,False,,,,0
0.5,35,CSI,3,-22.386114353086892,-16.27266762010528,False,,,,0
0.5,35,CSI,4,10.81751083746189,7.716951580066216,True,3,7.65001533382348,0.06693624624273653,1
0.5,36,CSI,1,-11.377932664824694,-8.319256350335841,True,7,-8.099415216692213,0.21984113364362834,1
0.5,36,CSI,2,21.33071229516006,15.312739633253143,False,,,,0
0.5,36,CSI,3,10.850544254954269,7.740818224204459,True,3,7.65001533382348,0.09080289038097966,1
0.5,36,CSI,4,-22.333749166349083,-16.234833772687214,True,6,-15.74975450021323,0.48507927247398364,1
0.5,36,CSI,5,-0.2028659727515244,-0.24527066531297637,True,1,-0.00011884197075549416,0.24515182334222088,1
0.5,37,CSI,1,21.353896722560975,15.329490382050306,False,,,,0
0.5,37,CSI,2,-11.51231123761433,-8.416344869176353,True,7,-8.099415216692213,0.3169296524841396,1
0.5,37,CSI,3,-22.368720822217988,-16.260100794052498,False,,,,0
0.5,37,CSI,4,10.822810475419207,7.720780568490377,True,3,7.65001533382348,0.07076523466689721,1
0.5,38,CSI,1,21.355552115091463,15.330686403153583,False,,,,0
0.5,38,CSI,2,-11.481168421303353,-8.393844184391673,True,7,-8.099415216692213,0.29442896769946003,1
0.5,38,CSI,3,-22.377709365472562,-16.26659501655393,False,,,,0
0.5,38,CSI,4,10.763651033727136,7.678037871867856,True,3,7.65001533382348,0.028022538044376155,1
0.5,38,CSI,5,-0.22870915110518292,-0.26394236167349466,True,1,-0.00011884197075549416,0.26382351970273915,1
0.5,39,CSI,1,21.309135623094512,15.297150487685787,False,,,,0
0.5,39,CSI,2,-11.2996826171875,-8.262720690917968,True,7,-8.099415216692213,0.16330547422575492,1
0.5,39,CSI,3,-22.38773997237043,-16.273842130037636,False,,,,0
0.5,39,CSI,4,10.803651391006097,7.706938130001905,True,3,7.65001533382348,0.05692279617842555,1
0.5,39,CSI,5,-0.2169725371570122,-0.2554626580959413,True,1,-0.00011884197075549416,0.2553438161251858,1
0.5,40,CSI,1,-11.594839700838415,-8.475971683855754,True,7,-8.099415216692213,0.37655646716354063,1
0.5,40,CSI,2,21.346882145579265,15.32442235018102,False,,,,0
0.5,40,CSI,3,-22.381204744664632,-16.269120428020198,False,,,,0
0.5,40,CSI,4,10.866097799161585,7.752055659894245,True,3,7.65001533382348,0.10204032607076563,1
0.5,40,CSI,5,-0.24090725038109756,-0.27275548840034297,True,1,-0.00011884197075549416,0.27263664642958746,1
0.5,41,CSI,1,-11.705140648818597,-8.555664118771436,True,7,-8.099415216692213,0.4562489020792224,1
0.5,41,CSI,2,21.350291182355182,15.326885379251621,False,,,,0
0.5,41,CSI,3,-22.396204506478657,-16.27995775593083,False,,,,0
0.5,41,CSI,4,10.81863328887195,7.717762551209985,True,3,7.65001533382348,0.06774721738650502,1
0.5,41,CSI,5,-0.2612513100228659,-0.28745407149152064,True,1,-0.00011884197075549416,0.2873352295207651,1
0.5,42,CSI,1,-11.474010932736281,-8.388672898901962,True,7,-8.099415216692213,0.28925768220974923,1
0.5,42,CSI,2,21.349695717416157,15.326455155833175,False,,,,0
0.5,42,CSI,3,-22.353494783727132,-16.249099981242853,True,6,-15.74975450021323,0.4993454810296232,1
0.5,42,CSI,4,10.852771293826219,7.7424272597894435,True,3,7.65001533382348,0.0924119259659637,1
0.5,42,CSI,5,-0.2523193359375,-0.28100072021484374,True,1,-0.00011884197075549416,0.2808818782440882,1
0.5,43,CSI,1,-11.580459222560975,-8.465581788300304,True,7,-8.099415216692213,0.3661665716080904,1
0.5,43,CSI,2,21.34681366711128,15.324372874487903,False,,,,0
0.5,43,CSI,3,-22.353852062690546,-16.24935811529392,True,6,-15.74975450021323,0.49960361508068907,1
0.5,43,CSI,4,10.813417016006097,7.713993794064406,True,3,7.65001533382348,0.0639784602409259,1
0.5,43,CSI,5,-0.27826076600609756,-0.2997434034394055,True,1,-0.00011884197075549416,0.29962456146864996,1
0.5,44,CSI,1,-11.307911942644818,-8.26866637856088,True,7,-8.099415216692213,0.16925116186866696,1
0.5,44,CSI,2,21.32391804020579,15.307830784048685,False,,,,0
0.5,44,CSI,3,10.817049352134147,7.716618156916922,True,3,7.65001533382348,0.0666028230934419,1
0.5,44,CSI,4,-22.327615877477136,-16.230402471477234,True,6,-15.74975450021323,0.4806479712640037,1
0.5,44,CSI,5,-0.2581221417682927,-0.28519324742759145,True,1,-0.00011884197075549416,0.28507440545683593,1
0.5,45,CSI,1,-11.373246355754574,-8.31587049203268,True,7,-8.099415216692213,0.2164552753404667,1
0.5,45,CSI,2,21.35653463224085,15.331396271794016,False,,,,0
0.5,45,CSI,3,-22.361643721417682,-16.254987588724276,False,,,,0
0.5,45,CSI,4,10.785579030106707,7.693880849252096,True,3,7.65001533382348,0.0438655154286165,1
0.5,45,CSI,5,-0.24795457793445122,-0.277847182557641,True,1,-0.00011884197075549416,0.2777283405868855,1
0.5,46,CSI,1,21.35781488185976,15.332321252143679,False,,,,0
0.5,46,CSI,2,-11.192007669588415,-8.184925541277629,True,7,-8.099415216692213,0.08551032458541563,1
0.5,46,CSI,3,-22.35061868807165,-16.247022002131768,True,6,-15.74975450021323,0.49726750191853775,1
0.5,46,CSI,4,10.803964010099085,7.707163997296589,True,3,7.65001533382348,0.057148663473109096,1
0.5,46,CSI,5,-0.25528772865853655,-0.28314538395579264,True,1,-0.00011884197075549416,0.28302654198503713,1
0.5,47,CSI,1,-11.323343416539636,-8.279815618449886,True,7,-8.099415216692213,0.18040040175767302,1
0.5,47,CSI,2,-22.35489114900915,-16.250108855159112,False,,,,0
0.5,47,CSI,3,21.34397627667683,15.322322859899012,False,,,,0
0.5,47,CSI,4,10.838682593368903,7.732248173709032,True,3,7.65001533382348,0.08223283988555252,1
0.5,47,CSI,5,-0.25220322027439024,-0.28091682664824696,True,1,-0.00011884197075549416,0.28079798467749145,1
0.5,48,CSI,1,-11.598406535823171,-8.47854872213224,True,7,-8.099415216692213,0.3791335054400271,1
0.5,48,CSI,2,-22.36691358612805,-16.258795065977516,False,,,,0
0.5,48,CSI,3,21.361277510480182,15.334823001321933,False,,,,0
0.5,48,CSI,4,10.872906940739329,7.756975264684165,True,3,7.65001533382348,0.10695993086068523,1
0.5,48,CSI,5,-0.2735774342606707,-0.2963596962533346,True,1,-0.00011884197075549416,0.29624085428257907,1
0.5,49,CSI,1,-11.415959055830793,-8.346730417837747,True,7,-8.099415216692213,0.2473152011455344,1
0.5,49,CSI,2,-22.364856254763723,-16.257308644066793,False,,,,0
0.5,49,CSI,3,21.31824921398628,15.30373505710509,False,,,,0
0.5,49,CSI,4,10.816543206935975,7.716252467011242,True,3,7.65001533382348,0.06623713318776225,1
0.5,49,CSI,5,-0.24794564596036586,-0.2778407292063643,True,1,-0.00011884197075549416,0.2777218872356088,1
0.5,50,CSI,1,-11.481972298971037,-8.394424986006573,True,7,-8.099415216692213,0.29500976931436007,1
0.5,50,CSI,2,21.320610232469512,15.305440892959224,False,,,,0
0.5,50,CSI,3,-22.350514481707314,-16.246946713033537,True,6,-15.74975450021323,0.49719221282030723,1
0.5,50,CSI,4,10.895641792111281,7.7734011948004005,True,3,7.65001533382348,0.12338586097692072,1
0.5,50,CSI,5,-0.23685511147103658,-0.2698278180378239,True,1,-0.00011884197075549416,0.2697089760670684,1
0.5,51,CSI,1,-11.453041634908537,-8.373522581221417,True,7,-8.099415216692213,0.27410736452920403,1
0.5,51,CSI,2,21.330277605754574,15.312425570157682,False,,,,0
0.5,51,CSI,3,-22.381832960175302,-16.269574313726658,False,,,,0
0.5,51,CSI,4,10.795058831935975,7.7007300060737425,True,3,7.65001533382348,0.050714672250262716,1
0.5,51,CSI,5,-0.25885158631859756,-0.2857202711151867,True,1,-0.00011884197075549416,0.2856014291444312,1
0.5,52,CSI,1,-11.505972513338413,-8.411765140887002,True,7,-8.099415216692213,0.31234992419478935,1
0.5,52,CSI,2,21.336830697408537,15.31716017887767,False,,,,0
0.5,52,CSI,3,-22.3692031488186,-16.26044927502144,False,,,,0
0.5,52,CSI,4,10.812383884336892,7.7132473564334045,True,3,7.65001533382348,0.06323202260992478,1
0.5,52,CSI,5,-0.23405940358231708,-0.2678079190882241,True,1,-0.00011884197075549416,0.2676890771174686,1
0.5,53,CSI,1,-11.410349776105182,-8.342677713235993,True,7,-8.099415216692213,0.24326249654377996,1
0.5,53,CSI,2,21.328559689405488,15.311184375595467,False,,,,0
0.5,53,CSI,3,-22.373940072408537,-16.26387170231517,False,,,,0
0.5,53,CSI,4,10.809823385099085,7.711397395734089,True,3,7.65001533382348,0.06138206191060913,1
0.5,53,CSI,5,-0.2612453553734756,-0.2874497692573361,True,1,-0.00011884197075549416,0.2873309272865806,1
0.5,54,CSI,1,-11.25953339367378,-8.233712876929305,True,7,-8.099415216692213,0.13429766023709178,1
0.5,54,CSI,2,21.33375214367378,15.314935923804308,False,,,,0
0.5,54,CSI,3,-22.341287752477132,-16.24028040116473,True,6,-15.74975450021323,0.4905259009514982,1
0.5,54,CSI,4,10.824209818025913,7.721791593523723,True,3,7.65001533382348,0.07177625970024337,1
0.5,54,CSI,5,-0.23949004382621952,-0.2717315566644436,True,1,-0.00011884197075549416,0.2716127146936881,1
0.5,55,CSI,1,-11.613057950647864,-8.48913436934308,True,7,-8.099415216692213,0.38971915265086743,1
0.5,55,CSI,2,21.342038038300302,15.32092248267197,False,,,,0
0.5,55,CSI,3,-22.385093130716463,-16.271929786942646,False,,,,0
0.5,55,CSI,4,10.811240591653963,7.712421327469989,True,3,7.65001533382348,0.06240599364650912,1
0.5,55,CSI,5,-0.2537722703887195,-0.2820504653558499,True,1,-0.00011884197075549416,0.28193162338509437,1
0.5,56,CSI,1,-11.531247022675304,-8.430025973882907,True,7,-8.099415216692213,0.3306107571906942,1
0.5,56,CSI,2,21.316191882621954,15.302248635194363,False,,,,0
0.5,56,CSI,3,-22.356975276295728,-16.251614637123666,False,,,,0
0.5,56,CSI,4,10.807408774771341,7.7096528397722945,True,3,7.65001533382348,0.059637505948814784,1
0.5,56,CSI,5,-0.24995534012957316,-0.2792927332436166,True,1,-0.00011884197075549416,0.2791738912728611,1
0.5,57,CSI,1,-11.4952392578125,-8.404010363769531,True,7,-8.099415216692213,0.3045951470773183,1
0.5,57,CSI,2,21.28585592130335,15.280330903141673,False,,,,0
0.5,57,CSI,3,-22.390955483041157,-16.276165336497236,False,,,,0
0.5,57,CSI,4,10.81701064691311,7.7165901923947215,True,3,7.65001533382348,0.06657485857124179,1
0.5,57,CSI,5,-0.2189256621570122,-0.2568737909084413,True,1,-0.00011884197075549416,0.2567549489376858,1
0.5,58,CSI,1,-11.440399914253048,-8.364388938047826,True,7,-8.099415216692213,0.2649737213556129,1
0.5,58,CSI,2,21.323346393864327,15.307417769566978,False,,,,0
0.5,58,CSI,3,-22.388377119855182,-16.27430246909537,False,,,,0
0.5,58,CSI,4,10.797265029535062,7.702323983839083,True,3,7.65001533382348,0.05230865001560314,1
0.5,58,CSI,5,-0.2750244140625,-0.29740513916015626,True,1,-0.00011884197075549416,0.29728629718940075,1
0.5,59,CSI,1,-11.467690072408537,-8.384106077315167,True,7,-8.099415216692213,0.2846908606229537,1
0.5,59,CSI,2,21.321664205411587,15.306202388409872,False,,,,0
0.5,59,CSI,3,-22.362066501524392,-16.255293047351376,False,,,,0
0.5,59,CSI,4,10.805530082888719,7.7082954848871,True,3,7.65001533382348,0.05828015106362017,1
0.5,59,CSI,5,-0.24604909012957316,-0.2764704676186166,True,1,-0.00011884197075549416,0.2763516256478611,1
0.5,60,CSI,1,-11.424161585365853,-8.35265674542683,True,7,-8.099415216692213,0.25324152873461614,1
0.5,60,CSI,2,21.333350204839938,15.314645522996857,False,,,,0
0.5,60,CSI,3,-22.38468821455793,-16.271637235018105,False,,,,0
0.5,60,CSI,4,10.850246522484756,7.740603112495236,True,3,7.65001533382348,0.0905877786717566,1
0.5,60,CSI,5,-0.2470703125,-0.27720830078125,True,1,-0.00011884197075549416,0.2770894588104945,1
0.5,61,CSI,1,-11.399434903772864,-8.334791717975893,True,7,-8.099415216692213,0.23537650128367993,1
0.5,61,CSI,2,21.361024437881095,15.334640156369092,False,,,,0
0.5,61,CSI,3,-22.356177353277438,-16.25103813774295,False,,,,0
0.5,61,CSI,4,10.84255907012195,7.73504892816311,True,3,7.65001533382348,0.08503359433963009,1
0.5,61,CSI,5,-0.24265493997713414,-0.27401819413347944,True,1,-0.00011884197075549416,0.27389935216272393,1
0.5,62,CSI,1,-11.547521079458843,-8.441783979909014,True,7,-8.099415216692213,0.34236876321680043,1
0.5,62,CSI,2,21.325752072217988,15.309155872177497,False,,,,0
0.5,62,CSI,3,-22.346804735137194,-16.244266421136626,True,6,-15.74975450021323,0.49451192092339546,1
0.5,62,CSI,4,10.799441453887194,7.703896450433498,True,3,7.65001533382348,0.053881116610018154,1
0.5,62,CSI,5,-0.26401724466463417,-0.2894524592701982,True,1,-0.00011884197075549416,0.2893336172994427,1
0.5,63,CSI,1,-11.767074957126525,-8.600411656523914,False,,,,0
0.5,63,CSI,2,21.32638624237805,15.309614060118141,False,,,,0
0.5,63,CSI,3,-22.386203672827744,-16.272732153618048,False,,,,0
0.5,63,CSI,4,10.826418992949696,7.723387722406156,True,3,7.65001533382348,0.07337238858267625,1
0.5,63,CSI,5,-0.23224919016768292,-0.2665000398961509,True,1,-0.00011884197075549416,0.2663811979253954,1
0.5,64,CSI,1,-11.710961318597562,-8.559869552686738,True,7,-8.099415216692213,0.460454335994525,1
0.5,64,CSI,2,-22.382077100800302,-16.26975070532822,False,,,,0
0.5,64,CSI,3,21.300400152439025,15.290839110137197,False,,,,0
0.5,64,CSI,4,10.784462533346037,7.693074180342512,True,3,7.65001533382348,0.043058846519032024,1
0.5,64,CSI,5,-0.23049256859756095,-0.2652308808117378,True,1,-0.00011884197075549416,0.2651120388409823,1
0.5,65,CSI,1,-11.745665015243903,-8.58494297351372,True,7,-8.099415216692213,0.4855277568215062,1
0.5,65,CSI,2,21.306292278010673,15.295096170862713,False,,,,0
0.5,65,CSI,3,-22.360583793826223,-16.25422179103945,False,,,,0
0.5,65,CSI,4,10.822069121570122,7.720244940334413,True,3,7.65001533382348,0.07022960651093335,1
0.5,65,CSI,5,-0.23495260099085366,-0.2684532542158918,True,1,-0.00011884197075549416,0.26833441224513627,1
0.5,66,CSI,1,-11.707900628810977,-8.557658204315931,True,7,-8.099415216692213,0.4582429876237182,1
0.5,66,CSI,2,-22.364877096036583,-16.25732370188643,False,,,,0
0.5,66,CSI,3,21.271657059832314,15.270072225728848,False,,,,0
0.5,66,CSI,4,10.742976491044207,7.6631005147794395,True,3,7.65001533382348,0.013085180955959785,1
0.5,66,CSI,5,-0.24552805830792682,-0.27609402212747713,True,1,-0.00011884197075549416,0.2759751801567216,1
0.5,67,CSI,1,-11.775441239519818,-8.606456295553068,False,,,,0
0.5,67,CSI,2,21.285513528963413,15.280083524676067,False,,,,0
0.5,67,CSI,3,-22.386885480182926,-16.273224759432164,False,,,,0
0.5,67,CSI,4,10.781690644054878,7.69107149032965,True,3,7.65001533382348,0.041056156506170005,1
0.5,67,CSI,5,-0.24975883669969512,-0.2791507595155297,True,1,-0.00011884197075549416,0.2790319175447742,1
0.5,68,CSI,1,-11.447447241806403,-8.369480632205125,True,7,-8.099415216692213,0.27006541551291185,1
0.5,68,CSI,2,21.347930163871954,15.32517954339749,False,,,,0
0.5,68,CSI,3,-22.368178949123475,-16.259709290741714,False,,,,0
0.5,68,CSI,4,10.824165158155488,7.72175932676734,True,3,7.65001533382348,0.07174399294386014,1
0.5,68,CSI,5,-0.23175495426829268,-0.26614295445884145,True,1,-0.00011884197075549416,0.26602411248808594,1
0.5,69,CSI,1,-11.620182688643293,-8.49428199254478,True,7,-8.099415216692213,0.3948667758525666,1
0.5,69,CSI,2,21.310764219702744,15.298327148735234,False,,,,0
0.5,69,CSI,3,-22.374190167682926,-16.264052396150916,False,,,,0
0.5,69,CSI,4,10.860527224657012,7.748030919814692,True,3,7.65001533382348,0.09801558599121218,1
0.5,69,CSI,5,-0.24500107183689027,-0.2757132744021532,True,1,-0.00011884197075549416,0.2755944324313977,1
0.5,70,CSI,1,-11.529243283155488,-8.42857827207984,True,7,-8.099415216692213,0.32916305538762636,1
0.5,70,CSI,2,21.290396341463413,15.283611356707318,False,,,,0
0.5,70,CSI,3,-22.361444240663108,-16.254843463879098,False,,,,0
0.5,70,CSI,4,10.787892411394818,7.695552267232756,True,3,7.65001533382348,0.04553693340927634,1
0.5,70,CSI,5,-0.23972822980182926,-0.27190364603182166,True,1,-0.00011884197075549416,0.27178480406106614,1
0.5,71,CSI,1,-11.583731302400915,-8.46794586598466,True,7,-8.099415216692213,0.36853064929244717,1
0.5,71,CSI,2,21.311050042873475,15.298533655976087,False,,,,0
0.5,71,CSI,3,-22.409614376905488,-16.289646387314217,False,,,,0
0.5,71,CSI,4,10.822497856326219,7.720554701195693,True,3,7.65001533382348,0.07053936737221367,1
0.5,71,CSI,5,-0.2638773104039634,-0.2893513567668636,True,1,-0.00011884197075549416,0.28923251479610806,1
0.5,72,CSI,1,-11.654427877286587,-8.519024141339559,True,7,-8.099415216692213,0.41960892464734556,1
0.5,72,CSI,2,21.32754442168445,15.310450844667017,False,,,,0
0.5,72,CSI,3,-22.4046035394436,-16.286026057248,False,,,,0
0.5,72,CSI,4,10.817320288681403,7.7168139085723135,True,3,7.65001533382348,0.06679857474883377,1
0.5,72,CSI,5,-0.2439917587652439,-0.2749840457078887,True,1,-0.00011884197075549416,0.2748652037371332,1
0.5,73,CSI,1,-11.638362233231707,-8.507416713509908,True,7,-8.099415216692213,0.40800149681769504,1
0.5,73,CSI,2,21.323751310022864,15.307710321491522,False,,,,0
0.5,73,CSI,3,-22.401370164824694,-16.283689944085843,False,,,,0
0.5,73,CSI,4,10.815798875762194,7.715714687738186,True,3,7.65001533382348,0.06569935391470594,1
0.5,73,CSI,5,-0.23246355754573172,-0.26665492032679117,True,1,-0.00011884197075549416,0.26653607835603566,1
0.5,74,CSI,1,-11.680738495617378,-8.538033563083555,True,7,-8.099415216692213,0.43861834639134223,1
0.5,74,CSI,2,21.279517197027438,15.275751174852326,False,,,,0
0.5,74,CSI,3,-22.392834174923777,-16.27752269138243,False,,,,0
0.5,74,CSI,4,10.772654463605182,7.684542849954744,True,3,7.65001533382348,0.03452751613126459,1
0.5,74,CSI,5,-0.25832162252286583,-0.28533737227277056,True,1,-0.00011884197075549416,0.28521853030201505,1
0.5,75,CSI,1,-11.572700314405488,-8.459975977157963,True,7,-8.099415216692213,0.36056076046575036,1
0.5,75,CSI,2,21.30322265625,15.292878369140627,False,,,,0
0.5,75,CSI,3,-22.403987233231707,-16.28558077600991,False,,,,0
0.5,75,CSI,4,10.798080816501525,7.702913389922352,True,3,7.65001533382348,0.052898056098872104,1
0.5,75,CSI,5,-0.22934927591463414,-0.2644048518483232,True,1,-0.00011884197075549416,0.2642860098775677,1
0.5,76,CSI,1,-11.654159918064025,-8.518830540801257,True,7,-8.099415216692213,0.41941532410904436,1
0.5,76,CSI,2,21.280458031631095,15.276430927853468,False,,,,0
0.5,76,CSI,3,-22.41644733708079,-16.294583201040872,False,,,,0
0.5,76,CSI,4,10.81199980945122,7.7129698623285075,True,3,7.65001533382348,0.0629545285050277,1
0.5,76,CSI,5,-0.24276807831554878,-0.274099936582984,True,1,-0.00011884197075549416,0.27398109461222847,1
0.5,77,CSI,1,-11.510795779344512,-8.41524995057641,True,7,-8.099415216692213,0.3158347338841967,1
0.5,77,CSI,2,21.307295636432926,15.29582109732279,False,,,,0
0.5,77,CSI,3,-22.38289884241616,-16.270344413645677,False,,,,0
0.5,77,CSI,4,10.827493807164634,7.724164275676449,True,3,7.65001533382348,0.07414894185296905,1
0.5,1,RGB,1,9.311031389236451,7.939568985671998,True,3,7.65001533382348,0.289553651848518,1
0.5,1,RGB,2,1.4132870435714722,0.24400689525604258,True,1,-0.00011884197075549416,0.24412573722679806,1
0.5,1,RGB,3,-15.43920042514801,-16.177056894264222,True,6,-15.74975450021323,0.4273023940509919,1
0.5,1,RGB,4,-6.872610926628113,-7.829772086906433,True,7,-8.099415216692213,0.26964312978577976,1
0.5,1,RGB,5,16.8950261592865,15.329413489608763,False,,,,0
0.5,2,RGB,1,9.305482506752014,7.934162154579163,True,3,7.65001533382348,0.28414682075568365,1
0.5,2,RGB,2,1.4214285850524901,0.25194001327514637,True,1,-0.00011884197075549416,0.2520588552459019,1
0.5,2,RGB,3,-15.354972732067107,-16.09498543012619,True,6,-15.74975450021323,0.3452309299129599,1
0.5,2,RGB,4,-6.875417447090149,-7.832506760444641,True,7,-8.099415216692213,0.2669084562475721,1
0.5,2,RGB,5,16.924989795684812,15.35861005691528,False,,,,0
0.5,3,RGB,1,9.311519980430603,7.940045068931581,True,3,7.65001533382348,0.29002973510810115,1
0.5,3,RGB,2,1.4333850860595703,0.2635904278564454,True,1,-0.00011884197075549416,0.2637092698272009,1
0.5,3,RGB,3,-15.228963088989257,-15.972201633911133,True,6,-15.74975450021323,0.22244713369790325,1
0.5,3,RGB,4,-6.851341581344604,-7.809047236862182,True,7,-8.099415216692213,0.29036797983003115,1
0.5,3,RGB,5,16.92392871379852,15.35757613872528,False,,,,0
0.5,4,RGB,1,9.314272212982178,7.942726844329836,True,3,7.65001533382348,0.292711510506356,1
0.5,4,RGB,2,-15.35009833574295,-16.09023581834793,True,6,-15.74975450021323,0.3404813181347013,1
0.5,4,RGB,3,1.4388105869293213,0.26887703590393075,True,1,-0.00011884197075549416,0.26899587787468626,1
0.5,4,RGB,4,-6.866721510887146,-7.824033440208435,True,7,-8.099415216692213,0.27538177648377804,1
0.5,4,RGB,5,16.94206416606903,15.375247323417662,False,,,,0
0.5,5,RGB,1,9.3140287399292,7.9424896041870126,True,3,7.65001533382348,0.2924742703635328,1
0.5,5,RGB,2,1.466319751739502,0.29568196609497077,True,1,-0.00011884197075549416,0.2958008080657263,1
0.5,5,RGB,3,-15.282873451709747,-16.02473189134598,True,6,-15.74975450021323,0.2749773911327491,1
0.5,5,RGB,4,-6.889746165275573,-7.846468663444519,True,7,-8.099415216692213,0.25294655324769444,1
0.5,5,RGB,5,16.919758415222166,15.353512599792479,False,,,,0
0.5,6,RGB,1,9.33495261669159,7.9628778297042855,True,3,7.65001533382348,0.3128624958808057,1
0.5,6,RGB,2,1.469522738456726,0.29880295635223386,True,1,-0.00011884197075549416,0.2989217983229894,1
0.5,6,RGB,3,-15.205138099193572,-15.948986563854218,True,6,-15.74975450021323,0.1992320636409879,1
0.5,6,RGB,4,-6.875159990787506,-7.832255895023346,True,7,-8.099415216692213,0.267159321668867,1
0.5,6,RGB,5,16.93255226612091,15.365978928108214,False,,,,0
0.5,7,RGB,1,9.320544934272766,7.948838983955384,True,3,7.65001533382348,0.2988236501319044,1
0.5,7,RGB,2,1.467408800125122,0.29674313484191894,True,1,-0.00011884197075549416,0.29686197681267446,1
0.5,7,RGB,3,-15.38648110628128,-16.12568718996048,True,6,-15.74975450021323,0.37593268974725014,1
0.5,7,RGB,4,-6.870482182502746,-7.827697838630676,True,7,-8.099415216692213,0.2717173780615374,1
0.5,7,RGB,5,16.92672700881958,15.360302797393798,False,,,,0
0.5,8,RGB,1,9.34241967201233,7.970153728408815,True,3,7.65001533382348,0.3201383945853351,1
0.5,8,RGB,2,-15.38330773115158,-16.1225950532341,True,6,-15.74975450021323,0.37284055302087005,1
0.5,8,RGB,3,1.4587210893630982,0.2882778294754029,True,1,-0.00011884197075549416,0.28839667144615844,1
0.5,8,RGB,4,-6.8751262664794925,-7.832223034057618,True,7,-8.099415216692213,0.2671921826345951,1
0.5,8,RGB,5,16.919009900093076,15.352783246650693,False,,,,0
0.5,9,RGB,1,9.342633533477784,7.970362115020753,True,3,7.65001533382348,0.3203467811972729,1
0.5,9,RGB,2,1.4817589044570922,0.31072587650299077,True,1,-0.00011884197075549416,0.3108447184737463,1
0.5,9,RGB,3,-15.418081605434418,-16.156478716335297,True,6,-15.74975450021323,0.40672421612206655,1
0.5,9,RGB,4,-6.890752136707306,-7.847448882007599,True,7,-8.099415216692213,0.2519663346846137,1
0.5,9,RGB,5,16.90898308753967,15.343013120498656,False,,,,0
0.5,10,RGB,1,9.36015043258667,7.987430581512451,True,3,7.65001533382348,0.3374152476889716,1
0.5,10,RGB,2,1.5096678256988525,0.33792032936096184,True,1,-0.00011884197075549416,0.33803917133171735,1
0.5,10,RGB,3,-15.417202305793761,-16.15562192676544,True,6,-15.74975450021323,0.4058674265522111,1
0.5,10,RGB,4,-6.890397620201111,-7.847103441123963,True,7,-8.099415216692213,0.25231177556825024,1
0.5,10,RGB,5,16.911409592628477,15.345377507057188,False,,,,0
0.5,11,RGB,1,9.355177330970765,7.982584791297914,True,3,7.65001533382348,0.33256945747443467,1
0.5,11,RGB,2,1.477119755744934,0.3062054899978639,True,1,-0.00011884197075549416,0.3063243319686194,1
0.5,11,RGB,3,-15.331994140148163,-16.07259509016037,True,6,-15.74975450021323,0.3228405899471394,1
0.5,11,RGB,4,-6.87732081413269,-7.834361401290893,True,7,-8.099415216692213,0.2650538154013198,1
0.5,11,RGB,5,16.908820223808288,15.342854426078796,False,,,,0
0.5,12,RGB,1,9.363317227363586,7.990516306343079,True,3,7.65001533382348,0.34050097251959954,1
0.5,12,RGB,2,-15.445798873901367,-16.183486422729494,True,6,-15.74975450021323,0.43373192251626413,1
0.5,12,RGB,3,1.4573490858078002,0.28694094921112057,True,1,-0.00011884197075549416,0.2870597911818761,1
0.5,12,RGB,4,-6.8847985625267025,-7.841647719326019,True,7,-8.099415216692213,0.25776749736619387,1
0.5,12,RGB,5,16.914941596984864,15.348819092102053,False,,,,0
0.5,13,RGB,1,9.334682822227478,7.9626149419784555,True,3,7.65001533382348,0.3125996081549758,1
0.5,13,RGB,2,-15.427250504493713,-16.165412891578676,True,6,-15.74975450021323,0.41565839136544547,1
0.5,13,RGB,3,1.4278263330459595,0.25817397891998306,True,1,-0.00011884197075549416,0.2582928208907386,1
0.5,13,RGB,4,-6.876561605930329,-7.833621628818513,True,7,-8.099415216692213,0.26579358787370033,1
0.5,13,RGB,5,16.936855816841128,15.370172307929996,False,,,,0
0.5,14,RGB,1,9.333942532539368,7.96189360370636,True,3,7.65001533382348,0.3118782698828806,1
0.5,14,RGB,2,1.4405741214752197,0.2705954239654542,True,1,-0.00011884197075549416,0.27071426593620973,1
0.5,14,RGB,3,-15.371051001548768,-16.11065209590912,True,6,-15.74975450021323,0.3608975956958904,1
0.5,14,RGB,4,-6.894694590568543,-7.851290409049988,True,7,-8.099415216692213,0.2481248076422249,1
0.5,14,RGB,5,16.956583714485166,15.389395171394346,False,,,,0
0.5,15,RGB,1,9.349955821037293,7.977496952018739,True,3,7.65001533382348,0.3274816181952591,1
0.5,15,RGB,2,1.4636629343032836,0.2930931631851197,True,1,-0.00011884197075549416,0.2932120051558752,1
0.5,15,RGB,3,-15.386183345317841,-16.125397051677705,True,6,-15.74975450021323,0.375642551464475,1
0.5,15,RGB,4,-6.889495289325714,-7.846224209918976,True,7,-8.099415216692213,0.25319100677323725,1
0.5,15,RGB,5,16.95025177001953,15.383225324707032,False,,,,0
0.5,16,RGB,1,9.335225701332092,7.963143923377991,True,3,7.65001533382348,0.31312858955451084,1
0.5,16,RGB,2,1.4325526714324952,0.26277932304382334,True,1,-0.00011884197075549416,0.26289816501457886,1
0.5,16,RGB,3,-15.317709016799927,-16.05867566596985,True,6,-15.74975450021323,0.30892116575662065,1
0.5,16,RGB,4,-6.8846118450164795,-7.841465781784057,True,7,-8.099415216692213,0.2579494349081557,1
0.5,16,RGB,5,16.94628381729126,15.379358951568603,False,,,,0
0.5,17,RGB,1,9.35825035572052,7.985579146614074,True,3,7.65001533382348,0.33556381279059444,1
0.5,17,RGB,2,-15.403379452228545,-16.142152938251495,True,6,-15.74975450021323,0.39239843803826524,1
0.5,17,RGB,3,1.446394443511963,0.27626674575805676,True,1,-0.00011884197075549416,0.2763855877288123,1
0.5,17,RGB,4,-6.879104089736939,-7.836099025039673,True,7,-8.099415216692213,0.2633161916525397,1
0.5,17,RGB,5,16.938446617126463,15.371722383728025,False,,,,0
0.5,18,RGB,1,9.362989854812621,7.990197314529419,True,3,7.65001533382348,0.34018198070593897,1
0.5,18,RGB,2,1.446524405479431,0.27639338069915764,True,1,-0.00011884197075549416,0.27651222266991315,1
0.5,18,RGB,3,-15.307364702224731,-16.04859616584778,True,6,-15.74975450021323,0.2988416656345496,1
0.5,18,RGB,4,-6.894191193580627,-7.850799899024963,True,7,-8.099415216692213,0.24861531766724987,1
0.5,18,RGB,5,16.914589548110964,15.348476055679322,False,,,,0
0.5,19,RGB,1,9.351410079002381,7.978913980979921,True,3,7.65001533382348,0.328898647156441,1
0.5,19,RGB,2,1.4414114713668824,0.27141133769989034,True,1,-0.00011884197075549416,0.27153017967064585,1
0.5,19,RGB,3,-15.255936777591705,-15.998484796085359,True,6,-15.74975450021323,0.2487302958721287,1
0.5,19,RGB,4,-6.867330193519592,-7.8246265405654905,True,7,-8.099415216692213,0.27478867612672264,1
0.5,19,RGB,5,16.91935865879059,15.35312307712555,False,,,,0
0.5,20,RGB,1,9.336530256271363,7.9644150817108175,True,3,7.65001533382348,0.3143997478873377,1
0.5,20,RGB,2,1.4455718994140625,0.2754652587890625,True,1,-0.00011884197075549416,0.275584100759818,1
0.5,20,RGB,3,-15.284304678440094,-16.02612647867203,True,6,-15.74975450021323,0.27637197845879946,1
0.5,20,RGB,4,-6.874328398704529,-7.831445591697693,True,7,-8.099415216692213,0.26796962499452004,1
0.5,20,RGB,5,16.932420659065247,15.365850690193176,False,,,,0
0.5,21,RGB,1,9.360523867607117,7.987794456596375,True,3,7.65001533382348,0.33777912277289524,1
0.5,21,RGB,2,1.447664451599121,0.27750424163818366,True,1,-0.00011884197075549416,0.27762308360893917,1
0.5,21,RGB,3,-15.405833101272583,-16.144543773880006,True,6,-15.74975450021323,0.39478927366677574,1
0.5,21,RGB,4,-6.88663694858551,-7.843439042701721,True,7,-8.099415216692213,0.2559761739904918,1
0.5,21,RGB,5,16.955989837646484,15.388816497802734,False,,,,0
0.5,22,RGB,1,9.358013463020324,7.985348318367005,True,3,7.65001533382348,0.3353329845435251,1
0.5,22,RGB,2,-15.411731564998627,-16.150291236934663,True,6,-15.74975450021323,0.400536736721433,1
0.5,22,RGB,3,1.4450964689254762,0.275001999320984,True,1,-0.00011884197075549416,0.2751208412917395,1
0.5,22,RGB,4,-6.881386649608612,-7.838323151378632,True,7,-8.099415216692213,0.26109206531358087,1
0.5,22,RGB,5,16.948488235473633,15.38150693664551,False,,,,0
0.5,23,RGB,1,9.348210382461549,7.975796196670534,True,3,7.65001533382348,0.3257808628470542,1
0.5,23,RGB,2,-15.444092094898224,-16.18182333726883,True,6,-15.74975450021323,0.43206883705560095,1
0.5,23,RGB,3,1.4409031391143798,0.2709160187530517,True,1,-0.00011884197075549416,0.2710348607238072,1
0.5,23,RGB,4,-6.8982043862342834,-7.854710353946686,True,7,-8.099415216692213,0.24470486274552705,1
0.5,23,RGB,5,16.946171951293945,15.379249949340819,False,,,,0
0.5,24,RGB,1,9.370641160011292,7.997652746315004,True,3,7.65001533382348,0.34763741249152424,1
0.5,24,RGB,2,1.445609736442566,0.2755021271896363,True,1,-0.00011884197075549416,0.2756209691603918,1
0.5,24,RGB,3,-15.314487934112549,-16.05553704299927,True,6,-15.74975450021323,0.305782542786039,1
0.5,24,RGB,4,-6.888719630241394,-7.845468407707215,True,7,-8.099415216692213,0.2539468089849981,1
0.5,24,RGB,5,16.938097858428957,15.371382553253175,False,,,,0
0.5,25,RGB,1,9.350745463371277,7.978266379508972,True,3,7.65001533382348,0.32825104568549257,1
0.5,25,RGB,2,1.438267707824707,0.2683480545043946,True,1,-0.00011884197075549416,0.2684668964751501,1
0.5,25,RGB,3,-15.256059336662293,-15.99860421764374,True,6,-15.74975450021323,0.24884971743050954,1
0.5,25,RGB,4,-6.879421591758728,-7.836408399009705,True,7,-8.099415216692213,0.2630068176825082,1
0.5,25,RGB,5,16.947221517562866,15.380272646713257,False,,,,0
0.5,26,RGB,1,9.356690812110902,7.984059527320864,True,3,7.65001533382348,0.3340441934973839,1
0.5,26,RGB,2,1.4573161840438842,0.28690888973236084,True,1,-0.00011884197075549416,0.28702773170311635,1
0.5,26,RGB,3,-15.179133367538451,-15.923647553329468,True,6,-15.74975450021323,0.17389305311623815,1
0.5,26,RGB,4,-6.872761452198029,-7.829918759021759,True,7,-8.099415216692213,0.2694964576704537,1
0.5,26,RGB,5,16.92423963546753,15.35787910079956,False,,,,0
0.5,27,RGB,1,9.350171327590942,7.977706941604615,True,3,7.65001533382348,0.3276916077811354,1
0.5,27,RGB,2,1.4334624052047729,0.2636657676315308,True,1,-0.00011884197075549416,0.26378460960228634,1
0.5,27,RGB,3,-15.146012806892395,-15.89137487903595,True,6,-15.74975450021323,0.14162037882272038,1
0.5,27,RGB,4,-6.858855521678924,-7.816368820323944,True,7,-8.099415216692213,0.28304639636826945,1
0.5,27,RGB,5,16.923367738723755,15.357029524612427,False,,,,0
0.5,28,RGB,1,9.367158508300781,7.994259250488281,True,3,7.65001533382348,0.3442439166648015,1
0.5,28,RGB,2,1.426500391960144,0.25688198192596445,True,1,-0.00011884197075549416,0.25700082389671997,1
0.5,28,RGB,3,-15.059282112121583,-15.806864490051272,True,6,-15.74975450021323,0.057109989838041386,1
0.5,28,RGB,4,-6.830365061759949,-7.788607716178894,True,7,-8.099415216692213,0.3108075005133193,1
0.5,28,RGB,5,16.94064774513245,15.373867162857058,False,,,,0
0.5,29,RGB,1,9.375390529632568,8.002280532073975,True,3,7.65001533382348,0.3522651982504952,1
0.5,29,RGB,2,1.436484432220459,0.2666104307556154,True,1,-0.00011884197075549416,0.2667292727263709,1
0.5,29,RGB,3,-15.223740756511688,-15.96711299314499,True,6,-15.74975450021323,0.21735849293176024,1
0.5,29,RGB,4,-6.865802729129792,-7.823138179264069,True,7,-8.099415216692213,0.27627703742814447,1
0.5,29,RGB,5,16.956902861595154,15.389706148338318,False,,,,0
0.5,30,RGB,1,9.367665195465088,7.994752966461182,True,3,7.65001533382348,0.3447376326377025,1
0.5,30,RGB,2,1.4610571146011353,0.2905540524673462,True,1,-0.00011884197075549416,0.29067289443810174,1
0.5,30,RGB,3,-15.20233404636383,-15.946254294776917,True,6,-15.74975450021323,0.19649979456368705,1
0.5,30,RGB,4,-6.863395142555237,-7.820792226905823,True,7,-8.099415216692213,0.2786229897863901,1
0.5,30,RGB,5,16.94770188331604,15.38074071510315,False,,,,0
0.5,31,RGB,1,9.37370924949646,8.000642292709351,True,3,7.65001533382348,0.35062695888587125,1
0.5,31,RGB,2,1.477226686477661,0.306309683303833,True,1,-0.00011884197075549416,0.3064285252745885,1
0.5,31,RGB,3,-15.215804028511048,-15.959379445381167,True,6,-15.74975450021323,0.20962494516793662,1
0.5,31,RGB,4,-6.856833708286286,-7.814398765354157,True,7,-8.099415216692213,0.2850164513380564,1
0.5,31,RGB,5,16.93277599811554,15.366196932563783,False,,,,0
0.5,32,RGB,1,9.375706386566161,8.002588303070068,True,3,7.65001533382348,0.3525729692465882,1
0.5,32,RGB,2,1.4769174098968505,0.3060083242034912,True,1,-0.00011884197075549416,0.30612716617424673,1
0.5,32,RGB,3,-15.237253510951996,-15.980279821071626,True,6,-15.74975450021323,0.23052532085839594,1
0.5,32,RGB,4,-6.8536027550697325,-7.811250524539948,True,7,-8.099415216692213,0.28816469215226537,1
0.5,32,RGB,5,16.936186265945434,15.369519897537232,False,,,,0
0.5,33,RGB,1,9.367604327201843,7.9946936564254765,True,3,7.65001533382348,0.3446783226019967,1
0.5,33,RGB,2,1.454065489768982,0.2837414132308962,True,1,-0.00011884197075549416,0.2838602552016517,1
0.5,33,RGB,3,-15.319952917098998,-16.060862122421263,True,6,-15.74975450021323,0.31110762220803245,1
0.5,33,RGB,4,-6.877786374092102,-7.834815042915344,True,7,-8.099415216692213,0.26460017377686906,1
0.5,33,RGB,5,16.924206733703613,15.3578470413208,False,,,,0
0.5,34,RGB,1,9.391446590423584,8.01792555770874,True,3,7.65001533382348,0.36791022388525985,1
0.5,34,RGB,2,1.4428640842437743,0.27282676368713377,True,1,-0.00011884197075549416,0.2729456056578893,1
0.5,34,RGB,3,-15.252253425121307,-15.994895737438203,True,6,-15.74975450021323,0.24514123722497239,1
0.5,34,RGB,4,-6.875549876689911,-7.832635799846649,True,7,-8.099415216692213,0.26677941684556394,1
0.5,34,RGB,5,16.912844109535218,15.346775300331116,False,,,,0
0.5,35,RGB,1,9.390007138252258,8.016522955513,True,3,7.65001533382348,0.36650762168952067,1
0.5,35,RGB,2,1.4703058004379272,0.2995659719467163,True,1,-0.00011884197075549416,0.2996848139174718,1
0.5,35,RGB,3,-15.293971216678619,-16.035545553531648,True,6,-15.74975450021323,0.2857910533184178,1
0.5,35,RGB,4,-6.869444131851196,-7.826686362075805,True,7,-8.099415216692213,0.2727288546164077,1
0.5,35,RGB,5,16.914564871788027,15.348452011070252,False,,,,0
0.5,36,RGB,1,9.380857157707215,8.00760721446991,True,3,7.65001533382348,0.35759188064643066,1
0.5,36,RGB,2,1.447689127922058,0.27752828624725345,True,1,-0.00011884197075549416,0.27764712821800897,1
0.5,36,RGB,3,-15.249016714096069,-15.99174188621521,True,6,-15.74975450021323,0.24198738600198055,1
0.5,36,RGB,4,-6.872253119945526,-7.829423440074921,True,7,-8.099415216692213,0.26999177661729235,1
0.5,36,RGB,5,16.91068739891052,15.344673801498411,False,,,,0
0.5,37,RGB,1,9.376838207244873,8.003691149139405,True,3,7.65001533382348,0.35367581531592496,1
0.5,37,RGB,2,1.4545442104339599,0.2842078786468505,True,1,-0.00011884197075549416,0.284326720617606,1
0.5,37,RGB,3,-15.165651869773864,-15.910511181907655,True,6,-15.74975450021323,0.16075668169442459,1
0.5,37,RGB,4,-6.8604964971542355,-7.817967786827087,True,7,-8.099415216692213,0.2814474298651257,1
0.5,37,RGB,5,16.919439268112182,15.35320162284851,False,,,,0
0.5,38,RGB,1,9.380106997489928,8.006876258354186,True,3,7.65001533382348,0.3568609245307064,1
0.5,38,RGB,2,1.4804954767227172,0.3094947925186158,True,1,-0.00011884197075549416,0.3096136344893713,1
0.5,38,RGB,3,-15.113601279258727,-15.859793086509706,True,6,-15.74975450021323,0.11003858629647567,1
0.5,38,RGB,4,-6.865911304950714,-7.823243975543976,True,7,-8.099415216692213,0.2761712411482371,1
0.5,38,RGB,5,16.92262580394745,15.356306583366395,False,,,,0
0.5,39,RGB,1,9.379944133758546,8.006717563934327,True,3,7.65001533382348,0.3567022301108471,1
0.5,39,RGB,2,1.4616197347640991,0.2911022695541383,True,1,-0.00011884197075549416,0.2912211115248938,1
0.5,39,RGB,3,-15.258972787857056,-16.001443084487917,True,6,-15.74975450021323,0.251688584274687,1
0.5,39,RGB,4,-6.8766751170158384,-7.833732234020233,True,7,-8.099415216692213,0.2656829826719802,1
0.5,39,RGB,5,16.893377780914307,15.327807309722902,False,,,,0
0.5,40,RGB,1,9.38199062347412,8.008711663513182,True,3,7.65001533382348,0.35869632968970233,1
0.5,40,RGB,2,1.4638356685638427,0.2932614754486085,True,1,-0.00011884197075549416,0.293380317419364,1
0.5,40,RGB,3,-15.207752966880799,-15.951534490928651,True,6,-15.74975450021323,0.20177999071542096,1
0.5,40,RGB,4,-6.876048338413239,-7.83312150094986,True,7,-8.099415216692213,0.2662937157423535,1
0.5,40,RGB,5,16.903583908081057,15.337752160034183,False,,,,0
0.5,41,RGB,1,9.367295050621033,7.994392297325136,True,3,7.65001533382348,0.3443769635016558,1
0.5,41,RGB,2,1.455750060081482,0.28538285854339596,True,1,-0.00011884197075549416,0.28550170051415147,1
0.5,41,RGB,3,-15.274981141090393,-16.01704162387848,True,6,-15.74975450021323,0.2672871236652501,1
0.5,41,RGB,4,-6.876957249641419,-7.834007144050599,True,7,-8.099415216692213,0.26540807264161437,1
0.5,41,RGB,5,16.891416835784913,15.325896564788819,False,,,,0
0.5,42,RGB,1,9.404722452163696,8.030861557388306,True,3,7.65001533382348,0.3808462235648262,1
0.5,42,RGB,2,1.4748380184173584,0.30398216514587406,True,1,-0.00011884197075549416,0.3041010071166296,1
0.5,42,RGB,3,-15.324219453334809,-16.06501943532944,True,6,-15.74975450021323,0.31526493511620934,1
0.5,42,RGB,4,-6.891531085968017,-7.848207890167236,True,7,-8.099415216692213,0.2512073265249768,1
0.5,42,RGB,5,16.90979905128479,15.343808195571897,False,,,,0
0.5,43,RGB,1,9.375857734680176,8.002735776672363,True,3,7.65001533382348,0.3527204428488835,1
0.5,43,RGB,2,1.4413259267807006,0.27132798305511474,True,1,-0.00011884197075549416,0.27144682502587025,1
0.5,43,RGB,3,-15.260143268108369,-16.002583600444794,True,6,-15.74975450021323,0.2528291002315637,1
0.5,43,RGB,4,-6.899226808547974,-7.855706602249146,True,7,-8.099415216692213,0.2437086144430669,1
0.5,43,RGB,5,16.90390634536743,15.338066342926025,False,,,,0
0.5,44,RGB,1,9.37233395576477,7.999302206497192,True,3,7.65001533382348,0.34928687267371217,1
0.5,44,RGB,2,1.4433493852615356,0.2732996409988404,True,1,-0.00011884197075549416,0.2734184829695959,1
0.5,44,RGB,3,-15.113426899909973,-15.859623171272279,True,6,-15.74975450021323,0.10986867105904885,1
0.5,44,RGB,4,-6.872166752815247,-7.829339283943177,True,7,-8.099415216692213,0.2700759327490365,1
0.5,44,RGB,5,16.9085800409317,15.342620391883846,False,,,,0
0.5,45,RGB,1,9.390091037750244,8.016604707183838,True,3,7.65001533382348,0.366589373360358,1
0.5,45,RGB,2,1.4736371040344238,0.3028119941711427,True,1,-0.00011884197075549416,0.3029308361418982,1
0.5,45,RGB,3,-15.056014144420624,-15.803680182323458,True,6,-15.74975450021323,0.05392568211022741,1
0.5,45,RGB,4,-6.853916966915131,-7.811556692562104,True,7,-8.099415216692213,0.28785852413010904,1
0.5,45,RGB,5,16.88409948348999,15.318766536712646,False,,,,0
0.5,46,RGB,1,9.397903561592102,8.024217230415344,True,3,7.65001533382348,0.3742018965918641,1
0.5,46,RGB,2,1.4846904516220092,0.3135823760604859,True,1,-0.00011884197075549416,0.3137012180312414,1
0.5,46,RGB,3,-15.040903186798095,-15.788956065216066,True,6,-15.74975450021323,0.03920156500283589,1
0.5,46,RGB,4,-6.853869259357452,-7.811510206317902,True,7,-8.099415216692213,0.2879050103743115,1
0.5,46,RGB,5,16.901478195190432,15.335700353393557,False,,,,0
0.5,47,RGB,1,9.383089542388916,8.00978245010376,True,3,7.65001533382348,0.35976711628028024,1
0.5,47,RGB,2,1.4725381851196289,0.30174120758056633,True,1,-0.00011884197075549416,0.30186004955132184,1
0.5,47,RGB,3,-15.054763877391816,-15.802461922130586,True,6,-15.74975450021323,0.052707421917356,1
0.5,47,RGB,4,-6.867015159130096,-7.824319571056366,True,7,-8.099415216692213,0.2750956456358473,1
0.5,47,RGB,5,16.903927731513978,15.338087181587222,False,,,,0
0.5,48,RGB,1,9.385789132118225,8.012412930335998,True,3,7.65001533382348,0.3623975965125181,1
0.5,48,RGB,2,1.458176565170288,0.28774724510192873,True,1,-0.00011884197075549416,0.28786608707268424,1
0.5,48,RGB,3,-15.034009444713593,-15.782238802928926,True,6,-15.74975450021323,0.032484302715696245,1
0.5,48,RGB,4,-6.839652407169342,-7.7976573055458065,True,7,-8.099415216692213,0.3017579111464066,1
0.5,48,RGB,5,16.906137084960935,15.340239975585936,False,,,,0
0.5,49,RGB,1,9.387490153312683,8.014070405387878,True,3,7.65001533382348,0.3640550715643984,1
0.5,49,RGB,2,1.4778567552566528,0.3069236223220826,True,1,-0.00011884197075549416,0.3070424642928381,1
0.5,49,RGB,3,-15.03251734972,-15.78078490556717,True,6,-15.74975450021323,0.031030405353940083,1
0.5,49,RGB,4,-6.841457891464233,-7.799416569442749,True,7,-8.099415216692213,0.29999864724946423,1
0.5,49,RGB,5,16.914045023918153,15.347945471305847,False,,,,0
0.5,50,RGB,1,9.390655303001404,8.017154527244568,True,3,7.65001533382348,0.3671391934210879,1
0.5,50,RGB,2,1.4683448553085328,0.29765522701263447,True,1,-0.00011884197075549416,0.29777406898339,1
0.5,50,RGB,3,-15.069964492321015,-15.817273401317598,True,6,-15.74975450021323,0.06751890110436776,1
0.5,50,RGB,4,-6.857851195335388,-7.815390204734802,True,7,-8.099415216692213,0.2840250119574108,1
0.5,50,RGB,5,16.902621531486513,15.33681442028046,False,,,,0
0.5,51,RGB,1,9.373625349998473,8.000560541038512,True,3,7.65001533382348,0.35054520721503213,1
0.5,51,RGB,2,1.4714491367340088,0.30068003883361816,True,1,-0.00011884197075549416,0.30079888080437367,1
0.5,51,RGB,3,-15.039445638656616,-15.787535830307009,True,6,-15.74975450021323,0.03778133009377882,1
0.5,51,RGB,4,-6.871780157089233,-7.828962585067749,True,7,-8.099415216692213,0.2704526316244644,1
0.5,51,RGB,5,16.90600547790527,15.340111737670897,False,,,,0
0.5,52,RGB,1,9.386134600639343,8.012749554862976,True,3,7.65001533382348,0.3627342210394966,1
0.5,52,RGB,2,1.4748314380645753,0.30397575325012216,True,1,-0.00011884197075549416,0.3040945952208777,1
0.5,52,RGB,3,-15.026683866977692,-15.775100759983063,True,6,-15.74975450021323,0.02534625976983307,1
0.5,52,RGB,4,-6.8400513410568236,-7.7980460267257685,True,7,-8.099415216692213,0.3013691899664446,1
0.5,52,RGB,5,16.90336511135101,15.337538964500427,False,,,,0
0.5,53,RGB,1,9.384790563583374,8.01143992515564,True,3,7.65001533382348,0.36142459133216054,1
0.5,53,RGB,2,1.4639376640319823,0.2933608598327637,True,1,-0.00011884197075549416,0.29347970180351923,1
0.5,53,RGB,3,-15.050865018367768,-15.798662873897554,True,6,-15.74975450021323,0.048908373684323436,1
0.5,53,RGB,4,-6.8425691485404965,-7.80049937833786,True,7,-8.099415216692213,0.2989158383543531,1
0.5,53,RGB,5,16.897648429870603,15.331968630065917,False,,,,0
0.5,54,RGB,1,9.378364849090577,8.005178708953858,True,3,7.65001533382348,0.35516337513037843,1
0.5,54,RGB,2,1.4973971128463746,0.3259637467575074,True,1,-0.00011884197075549416,0.3260825887282629,1
0.5,54,RGB,3,-15.059920406341552,-15.80748644393921,True,6,-15.74975450021323,0.05773194372597956,1
0.5,54,RGB,4,-6.855937957763672,-7.813525946044922,True,7,-8.099415216692213,0.2858892706472913,1
0.5,54,RGB,5,16.898095893859864,15.332404638977051,False,,,,0
0.5,55,RGB,1,9.379238390922547,8.006029888114929,True,3,7.65001533382348,0.35601455429144924,1
0.5,55,RGB,2,1.4826982498168946,0.31164117462158214,True,1,-0.00011884197075549416,0.31176001659233765,1
0.5,55,RGB,3,-15.096823024749757,-15.843444355316164,True,6,-15.74975450021323,0.0936898551029337,1
0.5,55,RGB,4,-6.862420427799225,-7.819842464847564,True,7,-8.099415216692213,0.2795727518446487,1
0.5,55,RGB,5,16.908056902885438,15.342110646171571,False,,,,0
0.5,56,RGB,1,9.372881770133972,7.999835996818542,True,3,7.65001533382348,0.34982066299506265,1
0.5,56,RGB,2,1.4641235589981079,0.2935419958877563,True,1,-0.00011884197075549416,0.2936608378585118,1
0.5,56,RGB,3,-15.19343740940094,-15.937585411720276,True,6,-15.74975450021323,0.18783091150704578,1
0.5,56,RGB,4,-6.87628687620163,-7.833353932170868,True,7,-8.099415216692213,0.2660612845213448,1
0.5,56,RGB,5,16.91122040748596,15.34519316505432,False,,,,0
0.5,57,RGB,1,9.39750051498413,8.023824501800537,True,3,7.65001533382348,0.37380916797705677,1
0.5,57,RGB,2,1.498821759223938,0.3273519221878052,True,1,-0.00011884197075549416,0.3274707641585607,1
0.5,57,RGB,3,-15.11903418302536,-15.865086907939911,True,6,-15.74975450021323,0.1153324077266813,1
0.5,57,RGB,4,-6.869197368621826,-7.826445915985108,True,7,-8.099415216692213,0.27296930070710523,1
0.5,57,RGB,5,16.907775592803954,15.341836537628174,False,,,,0
0.5,58,RGB,1,9.395501732826233,8.021876888465881,True,3,7.65001533382348,0.37186155464240134,1
0.5,58,RGB,2,1.502381730079651,0.33082075778961184,True,1,-0.00011884197075549416,0.33093959976036735,1
0.5,58,RGB,3,-15.116493344306946,-15.862611114692688,True,6,-15.74975450021323,0.11285661447945827,1
0.5,58,RGB,4,-6.873389053344726,-7.830530293579102,True,7,-8.099415216692213,0.2688849231131112,1
0.5,58,RGB,5,16.894489860534666,15.32889092010498,False,,,,0
0.5,59,RGB,1,9.395723819732666,8.02209328994751,True,3,7.65001533382348,0.3720779561240297,1
0.5,59,RGB,2,1.5362820625305176,0.36385324172973643,True,1,-0.00011884197075549416,0.36397208370049194,1
0.5,59,RGB,3,-15.020110094547272,-15.768695276126863,True,6,-15.74975450021323,0.018940775913632635,1
0.5,59,RGB,4,-6.826434123516083,-7.784777409954071,True,7,-8.099415216692213,0.31463780673814234,1
0.5,59,RGB,5,16.90403137207031,15.33818816894531,False,,,,0
0.5,60,RGB,1,9.405505514144897,8.031624572982787,True,3,7.65001533382348,0.38160923915930756,1
0.5,60,RGB,2,1.519077730178833,0.34708934028625493,True,1,-0.00011884197075549416,0.34720818225701044,1
0.5,60,RGB,3,-15.078709781169891,-15.825794810771944,True,6,-15.74975450021323,0.07604031055871374,1
0.5,60,RGB,4,-6.8682136058807375,-7.82548733757019,True,7,-8.099415216692213,0.27392787912202277,1
0.5,60,RGB,5,16.90516154766083,15.339289412040712,False,,,,0
0.5,61,RGB,1,9.400103044509887,8.026360406570433,True,3,7.65001533382348,0.37634507274695306,1
0.5,61,RGB,2,1.486542820930481,0.3153873247146608,True,1,-0.00011884197075549416,0.3155061666854163,1
0.5,61,RGB,3,-15.18623274564743,-15.930565187358857,True,6,-15.74975450021323,0.18081068714562676,1
0.5,61,RGB,4,-6.892608618736267,-7.8492578380966185,True,7,-8.099415216692213,0.2501573785955946,1
0.5,61,RGB,5,16.92709221839905,15.360658657608033,False,,,,0
0.5,62,RGB,1,9.370957016944885,7.997960517311097,True,3,7.65001533382348,0.34794518348761727,1
0.5,62,RGB,2,1.4746422529220582,0.3037914112472535,True,1,-0.00011884197075549416,0.303910253218009,1
0.5,62,RGB,3,-15.077960443496703,-15.825064656143189,True,6,-15.74975450021323,0.07531015592995871,1
0.5,62,RGB,4,-6.849092745780945,-7.806855971488953,True,7,-8.099415216692213,0.29255924520326015,1
0.5,62,RGB,5,16.904904913902282,15.339039348106384,False,,,,0
0.5,63,RGB,1,9.384900784492492,8.011547324409484,True,3,7.65001533382348,0.3615319905860046,1
0.5,63,RGB,2,1.4949706077575684,0.3235993601989746,True,1,-0.00011884197075549416,0.32371820216973013,1
0.5,63,RGB,3,-15.078824937343597,-15.825907018947603,True,6,-15.74975450021323,0.07615251873437323,1
0.5,63,RGB,4,-6.828325152397156,-7.786620028495789,True,7,-8.099415216692213,0.31279518819642416,1
0.5,63,RGB,5,16.91779582500458,15.351600251884461,False,,,,0
0.5,64,RGB,1,9.380630135536194,8.007386004066467,True,3,7.65001533382348,0.35737067024298685,1
0.5,64,RGB,2,1.4655284643173219,0.2949109356307984,True,1,-0.00011884197075549416,0.2950297776015539,1
0.5,64,RGB,3,-15.126437902450562,-15.87230109214783,True,6,-15.74975450021323,0.12254659193459894,1
0.5,64,RGB,4,-6.868540155887604,-7.825805527896881,True,7,-8.099415216692213,0.2736096887953323,1
0.5,64,RGB,5,16.912531542778016,15.346470735282898,False,,,,0
0.5,65,RGB,1,9.378256273269653,8.005072912673949,True,3,7.65001533382348,0.3550575788504693,1
0.5,65,RGB,2,1.4712040185928346,0.300441195716858,True,1,-0.00011884197075549416,0.3005600376876135,1
0.5,65,RGB,3,-15.101031982898713,-15.847545564136507,True,6,-15.74975450021323,0.09779106392327641,1
0.5,65,RGB,4,-6.872659456729889,-7.829819374637604,True,7,-8.099415216692213,0.26959584205460896,1
0.5,65,RGB,5,16.918652915954592,15.352435401306154,False,,,,0
0.5,66,RGB,1,9.386896276474,8.013491731796265,True,3,7.65001533382348,0.36347639797278486,1
0.5,66,RGB,2,1.5051652193069458,0.33353298969268796,True,1,-0.00011884197075549416,0.3336518316634435,1
0.5,66,RGB,3,-15.203753757476807,-15.947637661285402,True,6,-15.74975450021323,0.19788316107217163,1
0.5,66,RGB,4,-6.884692454338074,-7.84154432750702,True,7,-8.099415216692213,0.2578708891851935,1
0.5,66,RGB,5,16.916170477867126,15.350016513633728,False,,,,0
0.5,67,RGB,1,9.38504226207733,8.01168518016815,True,3,7.65001533382348,0.3616698463446708,1
0.5,67,RGB,2,1.4850342750549317,0.31391739761352544,True,1,-0.00011884197075549416,0.31403623958428095,1
0.5,67,RGB,3,-15.157829475402831,-15.90288904083252,True,6,-15.74975450021323,0.15313454061928944,1
0.5,67,RGB,4,-6.877528095245362,-7.834563376007081,True,7,-8.099415216692213,0.26485184068513234,1
0.5,67,RGB,5,16.916652488708497,15.350486184997559,False,,,,0
0.5,68,RGB,1,9.372560977935791,7.999523416900636,True,3,7.65001533382348,0.349508083077156,1
0.5,68,RGB,2,1.4634819746017456,0.29291683605194097,True,1,-0.00011884197075549416,0.2930356780226965,1
0.5,68,RGB,3,-15.30696988105774,-16.048211452102663,True,6,-15.74975450021323,0.2984569518894329,1
0.5,68,RGB,4,-6.911919486522675,-7.868074347667695,True,7,-8.099415216692213,0.23134086902451845,1
0.5,68,RGB,5,16.901312041282655,15.335538453025817,False,,,,0
0.5,69,RGB,1,9.37599756717682,8.002872029457093,True,3,7.65001533382348,0.352856695633613,1
0.5,69,RGB,2,1.4507062196731568,0.2804681404495242,True,1,-0.00011884197075549416,0.2805869824202797,1
0.5,69,RGB,3,-15.202981388568878,-15.946885065021515,True,6,-15.74975450021323,0.19713056480828506,1
0.5,69,RGB,4,-6.887431526184082,-7.84421327911377,True,7,-8.099415216692213,0.2552019375784429,1
0.5,69,RGB,5,16.915681886672974,15.349540430374146,False,,,,0
0.5,70,RGB,1,9.381367135047913,8.008104136390687,True,3,7.65001533382348,0.3580888025672069,1
0.5,70,RGB,2,1.4458038568496705,0.27569127811431904,True,1,-0.00011884197075549416,0.27581012008507455,1
0.5,70,RGB,3,-15.30286374092102,-16.044210429153445,True,6,-15.74975450021323,0.29445592894021466,1
0.5,70,RGB,4,-6.898453617095948,-7.854953204498291,True,7,-8.099415216692213,0.24446201219392183,1
0.5,70,RGB,5,16.921260380744936,15.354976114997866,False,,,,0
0.5,71,RGB,1,9.39793152809143,8.024244480972289,True,3,7.65001533382348,0.3742291471488093,1
0.5,71,RGB,2,1.445897626876831,0.27578264762878435,True,1,-0.00011884197075549416,0.27590148959953986,1
0.5,71,RGB,3,-15.283147358894348,-16.024998786506654,True,6,-15.74975450021323,0.27524428629342346,1
0.5,71,RGB,4,-6.897549641132355,-7.854072370319367,True,7,-8.099415216692213,0.24534284637284642,1
0.5,71,RGB,5,16.90271530151367,15.33690578979492,False,,,,0
0.5,72,RGB,1,9.387263131141662,8.013849194984434,True,3,7.65001533382348,0.3638338611609546,1
0.5,72,RGB,2,1.44886372089386,0.2786728096389772,True,1,-0.00011884197075549416,0.27879165160973274,1
0.5,72,RGB,3,-15.318075048923493,-16.05903232767105,True,6,-15.74975450021323,0.3092778274578212,1
0.5,72,RGB,4,-6.88805912733078,-7.844824813671112,True,7,-8.099415216692213,0.25459040302110125,1
0.5,72,RGB,5,16.920962619781495,15.354685976715087,False,,,,0
0.5,73,RGB,1,9.39993360042572,8.026195300254821,True,3,7.65001533382348,0.37617996643134166,1
0.5,73,RGB,2,1.4450520515441894,0.2749587190246583,True,1,-0.00011884197075549416,0.2750775609954138,1
0.5,73,RGB,3,-15.251313257217408,-15.993979637832643,True,6,-15.74975450021323,0.2442251376194129,1
0.5,73,RGB,4,-6.908874428272247,-7.865107242908477,True,7,-8.099415216692213,0.2343079737837357,1
0.5,73,RGB,5,16.90228099822998,15.336482604675291,False,,,,0
0.5,74,RGB,1,9.409233283996581,8.035256911926268,True,3,7.65001533382348,0.3852415781027885,1
0.5,74,RGB,2,1.4651319980621338,0.2945246189117432,True,1,-0.00011884197075549416,0.2946434608824987,1
0.5,74,RGB,3,-15.243725287914277,-15.986585920543673,True,6,-15.74975450021323,0.2368314203304429,1
0.5,74,RGB,4,-6.9009607315063475,-7.857396136779785,True,7,-8.099415216692213,0.24201907991242777,1
0.5,74,RGB,5,16.90462853908539,15.338770048484806,False,,,,0
0.5,75,RGB,1,9.391568326950074,8.018044177780151,True,3,7.65001533382348,0.36802884395667146,1
0.5,75,RGB,2,1.4426765441894531,0.27264402465820314,True,1,-0.00011884197075549416,0.27276286662895866,1
0.5,75,RGB,3,-15.208776211738586,-15.952531540718079,True,6,-15.74975450021323,0.20277704050484857,1
0.5,75,RGB,4,-6.889218091964722,-7.8459541088104245,True,7,-8.099415216692213,0.25346110788178855,1
0.5,75,RGB,5,16.900257539749145,15.334510946731568,False,,,,0
0.5,76,RGB,1,9.391390657424926,8.017871056594847,True,3,7.65001533382348,0.3678557227713677,1
0.5,76,RGB,2,1.469662570953369,0.2989392091369629,True,1,-0.00011884197075549416,0.29905805110771844,1
0.5,76,RGB,3,-15.255031156539918,-15.997602358932497,True,6,-15.74975450021323,0.2478478587192665,1
0.5,76,RGB,4,-6.900228667259216,-7.85668281337738,True,7,-8.099415216692213,0.24273240331483326,1
0.5,76,RGB,5,16.90142061710358,15.335644249305728,False,,,,0
0.5,77,RGB,1,9.389386940002442,8.01591863433838,True,3,7.65001533382348,0.3659033005149004,1
0.5,77,RGB,2,1.4784210205078125,0.3074734423828127,True,1,-0.00011884197075549416,0.3075922843535682,1
0.5,77,RGB,3,-15.385767960548401,-16.12499230075836,True,6,-15.74975450021323,0.3752378005451309,1
0.5,77,RGB,4,-6.886549758911133,-7.843354085083008,True,7,-8.099415216692213,0.2560611316092052,1
0.5,77,RGB,5,16.910101747512815,15.344103142776488,False,,,,0
1.0,1,CSI,1,-22.382705316310975,-16.27020459103468,True,6,-15.74975450021323,0.5204500908214502,1
1.0,1,CSI,2,21.304422518102136,15.293745269328795,True,5,14.396923909196166,0.8968213601326287,1
1.0,1,CSI,3,-11.469518149771341,-8.385426863209794,True,7,-8.099415216692213,0.28601164651758104,1
1.0,1,CSI,4,10.84025759813262,7.733386114650818,True,3,7.65001533382348,0.08337078082733829,1
1.0,2,CSI,1,-22.410477801067074,-16.29027021127096,True,6,-15.74975450021323,0.540515711057731,1
1.0,2,CSI,2,-11.376786394817074,-8.318428170255336,True,7,-8.099415216692213,0.2190129535631229,1
1.0,2,CSI,3,21.29749130621189,15.288737468738091,True,5,14.396923909196166,0.8918135595419248,1
1.0,2,CSI,4,10.886703863376523,7.766943541289538,True,3,7.65001533382348,0.11692820746605825,1
1.0,3,CSI,1,-22.396037776295728,-16.279837293373664,True,6,-15.74975450021323,0.5300827931604335,1
1.0,3,CSI,2,-11.443740472560975,-8.366802491425304,True,7,-8.099415216692213,0.26738727473309076,1
1.0,3,CSI,3,21.29366842130335,15.285975434391673,True,5,14.396923909196166,0.8890515251955069,1
1.0,3,CSI,4,10.809236852134145,7.71097362566692,True,3,7.65001533382348,0.06095829184344037,1
1.0,3,CSI,5,-0.22686618711890244,-0.26261082019340704,True,1,-0.00011884197075549416,0.2624919782226515,1
1.0,4,CSI,1,-22.391714700838413,-16.276713871355756,True,6,-15.74975450021323,0.5269593711425262,1
1.0,4,CSI,2,-11.487277891577744,-8.398258276664919,True,7,-8.099415216692213,0.29884305997270566,1
1.0,4,CSI,3,21.305515196265247,15.294534729301644,True,5,14.396923909196166,0.8976108201054771,1
1.0,4,CSI,4,10.824305092416157,7.721860429270674,True,3,7.65001533382348,0.07184509544719386,1
1.0,5,CSI,1,-22.399711794969512,-16.282491771865473,True,6,-15.74975450021323,0.5327372716522429,1
1.0,5,CSI,2,-11.447170350609756,-8.369280578315548,True,7,-8.099415216692213,0.2698653616233351,1
1.0,5,CSI,3,21.292647198932926,15.28523760122904,True,5,14.396923909196166,0.8883136920328738,1
1.0,5,CSI,4,10.783962342797256,7.692712792671018,True,3,7.65001533382348,0.04269745884753817,1
1.0,6,CSI,1,-11.233984970464938,-8.215254141160917,True,7,-8.099415216692213,0.11583892446870436,1
1.0,6,CSI,2,-22.371340867949698,-16.261993777093657,True,6,-15.74975450021323,0.5122392768804271,1
1.0,6,CSI,3,21.295698956745426,15.287442496248572,True,5,14.396923909196166,0.890518587052405,1
1.0,6,CSI,4,10.726586318597562,7.651258615186738,True,3,7.65001533382348,0.0012432813632585749,1
1.0,7,CSI,1,-22.388144888528963,-16.274134681962177,True,6,-15.74975450021323,0.5243801817489473,1
1.0,7,CSI,2,-11.407187857278965,-8.340393226884052,True,7,-8.099415216692213,0.24097801019183862,1
1.0,7,CSI,3,21.285001429115855,15.279713532536206,True,5,14.396923909196166,0.8827896233400399,1
1.0,7,CSI,4,10.733922446646343,7.656558967701983,True,3,7.65001533382348,0.006543633878503208,1
1.0,8,CSI,1,-22.352542039824694,-16.248411623773343,True,6,-15.74975450021323,0.49865712356011294,1
1.0,8,CSI,2,21.25210794588415,15.2559479909013,True,5,14.396923909196166,0.8590240817051331,1
1.0,8,CSI,3,-11.229801829268293,-8.212231821646341,True,7,-8.099415216692213,0.11281660495412815,1
1.0,8,CSI,4,10.691043016387196,7.6255785793397495,True,3,7.65001533382348,0.024436754483730283,1
1.0,8,CSI,5,-0.2955828410823171,-0.3122586026819741,True,1,-0.00011884197075549416,0.3121397607112186,1
1.0,9,CSI,1,21.296026462461892,15.287679119128718,True,5,14.396923909196166,0.8907552099325518,1
1.0,9,CSI,2,-22.369101919778963,-16.260376137040303,True,6,-15.74975450021323,0.5106216368270733,1
1.0,9,CSI,3,-11.335550447789636,-8.288635198528011,True,7,-8.099415216692213,0.18921998183579802,1
1.0,9,CSI,4,10.76870653105945,7.681690468690453,True,3,7.65001533382348,0.03167513486697349,1
1.0,10,CSI,1,-22.404737519054876,-16.28612285751715,True,6,-15.74975450021323,0.5363683573039193,1
1.0,10,CSI,2,-11.56590010480183,-8.455062825719322,True,7,-8.099415216692213,0.355647609027109,1
1.0,10,CSI,3,21.294698575647864,15.286719720905584,True,5,14.396923909196166,0.8897958117094174,1
1.0,10,CSI,4,10.752253834794207,7.669803395638815,True,3,7.65001533382348,0.01978806181533521,1
1.0,11,CSI,1,-22.411368021150913,-16.290913395281535,True,6,-15.74975450021323,0.5411588950683051,1
1.0,11,CSI,2,21.3397842035061,15.319294087033159,True,5,14.396923909196166,0.9223701778369922,1
1.0,11,CSI,3,-11.456801995998475,-8.376239442108897,True,7,-8.099415216692213,0.27682422541668394,1
1.0,11,CSI,4,10.793037228467988,7.699269397568122,True,3,7.65001533382348,0.04925406374464192,1
1.0,12,CSI,1,21.323268983422253,15.30736184052258,True,5,14.396923909196166,0.9104379313264133,1
1.0,12,CSI,2,-22.38050507336128,-16.268614915503527,True,6,-15.74975450021323,0.5188604152902965,1
1.0,12,CSI,3,-11.571765434451219,-8.459300526391004,True,7,-8.099415216692213,0.3598853096987913,1
1.0,12,CSI,4,10.747195360137196,7.666148647699124,True,3,7.65001533382348,0.01613331387564454,1
1.0,13,CSI,1,-11.29297470464939,-8.257874224109184,True,7,-8.099415216692213,0.15845900741697072,1
1.0,13,CSI,2,21.30839724657012,15.296617010646914,True,5,14.396923909196166,0.8996931014507474,1
1.0,13,CSI,3,-22.338596250952744,-16.238335791313357,True,6,-15.74975450021323,0.48858129110012705,1
1.0,13,CSI,4,10.79812547637195,7.702945656678734,True,3,7.65001533382348,0.05293032285525445,1
1.0,13,CSI,5,-0.18285537347560973,-0.23081300733612803,True,1,-0.00011884197075549416,0.23069416536537254,1
1.0,14,CSI,1,-11.66538740948933,-8.52694240335604,True,7,-8.099415216692213,0.42752718666382705,1
1.0,14,CSI,2,-22.3607177734375,-16.254318591308596,True,6,-15.74975450021323,0.5045640910953662,1
1.0,14,CSI,3,21.326746498666157,15.3098743452863,True,5,14.396923909196166,0.9129504360901333,1
1.0,14,CSI,4,10.819764672256099,7.7185799757050315,True,3,7.65001533382348,0.06856464188155176,1
1.0,15,CSI,1,-11.543299233041157,-8.438733695872235,True,7,-8.099415216692213,0.33931847918002234,1
1.0,15,CSI,2,21.335639767530488,15.316299732040779,True,5,14.396923909196166,0.9193758228446125,1
1.0,15,CSI,3,-22.354355230564025,-16.24972165408251,True,6,-15.74975450021323,0.4999671538692798,1
1.0,15,CSI,4,10.837387457126525,7.731312437773915,True,3,7.65001533382348,0.0812971039504351,1
1.0,16,CSI,1,-22.4158935546875,-16.29418309326172,True,6,-15.74975450021323,0.5444285930484885,1
1.0,16,CSI,2,-11.661802710556401,-8.524352458376999,True,7,-8.099415216692213,0.42493724168478586,1
1.0,16,CSI,3,21.30856397675305,15.29673747320408,True,5,14.396923909196166,0.8998135640079141,1
1.0,16,CSI,4,10.818963771913111,7.718001325207223,True,3,7.65001533382348,0.06798599138374328,1
1.0,16,CSI,5,-0.23240103372713414,-0.26660974686785444,True,1,-0.00011884197075549416,0.2664909048970989,1
1.0,17,CSI,1,-22.425876524390244,-16.301395788871954,True,6,-15.74975450021323,0.5516412886587236,1
1.0,17,CSI,2,21.319371665396343,15.30454602824886,True,5,14.396923909196166,0.907622119052693,1
1.0,17,CSI,3,-11.629784560785062,-8.501219345167206,True,7,-8.099415216692213,0.4018041284749927,1
1.0,17,CSI,4,10.806384575076219,7.708912855492569,True,3,7.65001533382348,0.05889752166908924,1
1.0,18,CSI,1,-22.430934999047256,-16.305050536811645,True,6,-15.74975450021323,0.5552960365984152,1
1.0,18,CSI,2,-11.733047113185975,-8.575826539276866,True,7,-8.099415216692213,0.4764113225846529,1
1.0,18,CSI,3,21.33124225895579,15.31312253209556,True,5,14.396923909196166,0.9161986228993939,1
1.0,18,CSI,4,10.831114233993901,7.726780034060594,True,3,7.65001533382348,0.07676470023711435,1
1.0,18,CSI,5,-0.20818347465701217,-0.24911256043969132,True,1,-0.00011884197075549416,0.24899371846893584,1
1.0,19,CSI,1,-11.593717249428355,-8.475160712711986,True,7,-8.099415216692213,0.37574549601977303,1
1.0,19,CSI,2,-22.405937380907012,-16.286989757705317,True,6,-15.74975450021323,0.5372352574920871,1
1.0,19,CSI,3,21.287046851181405,15.281191349978567,True,5,14.396923909196166,0.8842674407824003,1
1.0,19,CSI,4,10.84645936547256,7.737866891553925,True,3,7.65001533382348,0.0878515577304455,1
1.0,19,CSI,5,-0.22100681211890244,-0.258377421755907,True,1,-0.00011884197075549416,0.2582585797851515,1
1.0,20,CSI,1,-11.624749904725608,-8.49758180616425,True,7,-8.099415216692213,0.3981665894720372,1
1.0,20,CSI,2,-22.415652391387194,-16.29400885277725,True,6,-15.74975450021323,0.5442543525640193,1
1.0,20,CSI,3,21.309909727515244,15.297709778129764,True,5,14.396923909196166,0.9007858689335979,1
1.0,20,CSI,4,10.83049197313262,7.726330450588319,True,3,7.65001533382348,0.07631511676483882,1
1.0,21,CSI,1,-11.555568788109756,-8.447598449409298,True,7,-8.099415216692213,0.3481832327170853,1
1.0,21,CSI,2,21.32136945026677,15.305989427817742,True,5,14.396923909196166,0.9090655186215759,1
1.0,21,CSI,3,-22.37137064119665,-16.26201528826458,True,6,-15.74975450021323,0.5122607880513481,1
1.0,21,CSI,4,10.855808165015244,7.744621399223514,True,3,7.65001533382348,0.09460606540003447,1
1.0,21,CSI,5,-0.2137064119664634,-0.2531028826457698,True,1,-0.00011884197075549416,0.2529840406750143,1
1.0,22,CSI,1,-22.368545160060975,-16.259973878144056,True,6,-15.74975450021323,0.5102193779308255,1
1.0,22,CSI,2,-11.543352824885671,-8.438772415979898,True,7,-8.099415216692213,0.3393571992876847,1
1.0,22,CSI,3,21.28750833650915,15.281524773127861,True,5,14.396923909196166,0.8846008639316949,1
1.0,22,CSI,4,10.819097751524392,7.718098125476374,True,3,7.65001533382348,0.06808279165289388,1
1.0,23,CSI,1,-11.635536752096037,-8.505375303389386,True,7,-8.099415216692213,0.40596008669717243,1
1.0,23,CSI,2,21.32126524390244,15.305914138719515,True,5,14.396923909196166,0.908990229523349,1
1.0,23,CSI,3,-22.381990758384145,-16.269688322932545,True,6,-15.74975450021323,0.5199338227193149,1
1.0,23,CSI,4,10.823706650152438,7.721428054735137,True,3,7.65001533382348,0.07141272091165707,1
1.0,24,CSI,1,-22.402811189977136,-16.284731084758484,True,6,-15.74975450021323,0.5349765845452534,1
1.0,24,CSI,2,21.355593797637194,15.330716518792874,True,5,14.396923909196166,0.9337926095967077,1
1.0,24,CSI,3,-11.313277081745428,-8.272542691561071,True,7,-8.099415216692213,0.17312747486885804,1
1.0,24,CSI,4,10.822084008193597,7.7202556959198745,True,3,7.65001533382348,0.07024036209639473,1
1.0,25,CSI,1,-11.516893340320122,-8.419655438381287,True,7,-8.099415216692213,0.3202402216890743,1
1.0,25,CSI,2,-22.399548042111277,-16.2823734604254,True,6,-15.74975450021323,0.5326189602121705,1
1.0,25,CSI,3,21.36210818407012,15.335423162990663,True,5,14.396923909196166,0.9384992537944967,1
1.0,25,CSI,4,10.830051329077744,7.72601208525867,True,3,7.65001533382348,0.07599675143519047,1
1.0,26,CSI,1,-22.388463462271343,-16.274364851491047,True,6,-15.74975450021323,0.5246103512778166,1
1.0,26,CSI,2,-11.524027010289634,-8.42480951493426,True,7,-8.099415216692213,0.32539429824204724,1
1.0,26,CSI,3,21.322438309832318,15.306761678853851,True,5,14.396923909196166,0.9098377696576847,1
1.0,26,CSI,4,10.815274866615853,7.715336091129954,True,3,7.65001533382348,0.06532075730647424,1
1.0,27,CSI,1,-11.473683427019816,-8.388436276021817,True,7,-8.099415216692213,0.2890210593296043,1
1.0,27,CSI,2,21.36062547637195,15.334351906678735,True,5,14.396923909196166,0.937427997482569,1
1.0,27,CSI,3,-22.361244759908537,-16.25469933903392,True,6,-15.74975450021323,0.5049448388206894,1
1.0,27,CSI,4,10.816745665015244,7.716398742973514,True,3,7.65001533382348,0.06638340915003393,1
1.0,28,CSI,1,-11.538136552019818,-8.435003658834319,True,7,-8.099415216692213,0.3355884421421056,1
1.0,28,CSI,2,21.352738543254574,15.32865359750143,True,5,14.396923909196166,0.9317296883052641,1
1.0,28,CSI,3,-22.391604539824694,-16.276634280023345,True,6,-15.74975450021323,0.5268797798101144,1
1.0,28,CSI,4,10.844387147484756,7.736369714057736,True,3,7.65001533382348,0.08635438023425657,1
1.0,29,CSI,1,21.352589677019814,15.328546041646817,True,5,14.396923909196166,0.9316221324506504,1
1.0,29,CSI,2,-11.539836604420731,-8.436231946693978,True,7,-8.099415216692213,0.3368167300017646,1
1.0,29,CSI,3,-22.384450028582318,-16.271465145650726,True,6,-15.74975450021323,0.521710645437496,1
1.0,29,CSI,4,10.81444121570122,7.714733778344132,True,3,7.65001533382348,0.06471844452065234,1
1.0,30,CSI,1,21.301885837461892,15.29191251756622,True,5,14.396923909196166,0.8949886083700527,1
1.0,30,CSI,2,-22.38654011051829,-16.272975229849465,True,6,-15.74975450021323,0.5232207296362343,1
1.0,30,CSI,3,-11.309900795541159,-8.270103324778487,True,7,-8.099415216692213,0.17068810808627433,1
1.0,30,CSI,4,10.812098061166157,7.713040849192549,True,3,7.65001533382348,0.06302551536906886,1
1.0,31,CSI,1,-22.415780416349087,-16.294101350812216,True,6,-15.74975450021323,0.5443468505989859,1
1.0,31,CSI,2,21.313789181592988,15.300512683700935,True,5,14.396923909196166,0.9035887745047688,1
1.0,31,CSI,3,-11.703023770960366,-8.554134674518863,True,7,-8.099415216692213,0.45471945782665024,1
1.0,31,CSI,4,10.861599061547256,7.748805321967893,True,3,7.65001533382348,0.09878998814441342,1
1.0,32,CSI,1,-22.410921422446645,-16.290590727717703,True,6,-15.74975450021323,0.5408362275044727,1
1.0,32,CSI,2,-11.401495212461889,-8.336280291003714,True,7,-8.099415216692213,0.23686507431150083,1
1.0,32,CSI,3,21.32051495807927,15.305372057212272,True,5,14.396923909196166,0.908448148016106,1
1.0,32,CSI,4,10.892691263338413,7.771269437762004,True,3,7.65001533382348,0.12125410393852398,1
1.0,33,CSI,1,-11.430932021722562,-8.35754838569455,True,7,-8.099415216692213,0.2581331690023365,1
1.0,33,CSI,2,-22.4095458984375,-16.289596911621096,True,6,-15.74975450021323,0.5398424114078662,1
1.0,33,CSI,3,21.31428341749238,15.300869769138245,True,5,14.396923909196166,0.9039458599420787,1
1.0,33,CSI,4,10.807521913109756,7.709734582221799,True,3,7.65001533382348,0.0597192483983191,1
1.0,33,CSI,5,-0.22314453125,-0.259921923828125,True,1,-0.00011884197075549416,0.2598030818573695,1
1.0,34,CSI,1,21.357722584794207,15.332254567513816,True,5,14.396923909196166,0.9353306583176497,1
1.0,34,CSI,2,-11.54982255144817,-8.443446793421302,True,7,-8.099415216692213,0.3440315767290887,1
1.0,34,CSI,3,-22.399637361852136,-16.28243799393817,True,6,-15.74975450021323,0.5326834937249405,1
1.0,34,CSI,4,10.789467416158535,7.696690208174542,True,3,7.65001533382348,0.0466748743510621,1
1.0,34,CSI,5,-0.25141720655487804,-0.28034893173589936,True,1,-0.00011884197075549416,0.28023008976514385,1
1.0,35,CSI,1,-11.44265672637195,-8.366019484803735,True,7,-8.099415216692213,0.2666042681115215,1
1.0,35,CSI,2,21.330494950457318,15.312582601705413,True,5,14.396923909196166,0.9156586925092469,1
1.0,35,CSI,3,-22.386114353086892,-16.27266762010528,True,6,-15.74975450021323,0.5229131198920509,1
1.0,35,CSI,4,10.81751083746189,7.716951580066216,True,3,7.65001533382348,0.06693624624273653,1
1.0,36,CSI,1,-11.377932664824694,-8.319256350335841,True,7,-8.099415216692213,0.21984113364362834,1
1.0,36,CSI,2,21.33071229516006,15.312739633253143,True,5,14.396923909196166,0.9158157240569764,1
1.0,36,CSI,3,10.850544254954269,7.740818224204459,True,3,7.65001533382348,0.09080289038097966,1
1.0,36,CSI,4,-22.333749166349083,-16.234833772687214,True,6,-15.74975450021323,0.48507927247398364,1
1.0,36,CSI,5,-0.2028659727515244,-0.24527066531297637,True,1,-0.00011884197075549416,0.24515182334222088,1
1.0,37,CSI,1,21.353896722560975,15.329490382050306,True,5,14.396923909196166,0.9325664728541394,1
1.0,37,CSI,2,-11.51231123761433,-8.416344869176353,True,7,-8.099415216692213,0.3169296524841396,1
1.0,37,CSI,3,-22.368720822217988,-16.260100794052498,True,6,-15.74975450021323,0.5103462938392678,1
1.0,37,CSI,4,10.822810475419207,7.720780568490377,True,3,7.65001533382348,0.07076523466689721,1
1.0,38,CSI,1,21.355552115091463,15.330686403153583,True,5,14.396923909196166,0.933762493957417,1
1.0,38,CSI,2,-11.481168421303353,-8.393844184391673,True,7,-8.099415216692213,0.29442896769946003,1
1.0,38,CSI,3,-22.377709365472562,-16.26659501655393,True,6,-15.74975450021323,0.5168405163406984,1
1.0,38,CSI,4,10.763651033727136,7.678037871867856,True,3,7.65001533382348,0.028022538044376155,1
1.0,38,CSI,5,-0.22870915110518292,-0.26394236167349466,True,1,-0.00011884197075549416,0.26382351970273915,1
1.0,39,CSI,1,21.309135623094512,15.297150487685787,True,5,14.396923909196166,0.9002265784896206,1
1.0,39,CSI,2,-11.2996826171875,-8.262720690917968,True,7,-8.099415216692213,0.16330547422575492,1
1.0,39,CSI,3,-22.38773997237043,-16.273842130037636,True,6,-15.74975450021323,0.5240876298244057,1
1.0,39,CSI,4,10.803651391006097,7.706938130001905,True,3,7.65001533382348,0.05692279617842555,1
1.0,39,CSI,5,-0.2169725371570122,-0.2554626580959413,True,1,-0.00011884197075549416,0.2553438161251858,1
1.0,40,CSI,1,-11.594839700838415,-8.475971683855754,True,7,-8.099415216692213,0.37655646716354063,1
1.0,40,CSI,2,21.346882145579265,15.32442235018102,True,5,14.396923909196166,0.9274984409848539,1
1.0,40,CSI,3,-22.381204744664632,-16.269120428020198,True,6,-15.74975450021323,0.5193659278069678,1
1.0,40,CSI,4,10.866097799161585,7.752055659894245,True,3,7.65001533382348,0.10204032607076563,1
1.0,40,CSI,5,-0.24090725038109756,-0.27275548840034297,True,1,-0.00011884197075549416,0.27263664642958746,1
1.0,41,CSI,1,-11.705140648818597,-8.555664118771436,True,7,-8.099415216692213,0.4562489020792224,1
1.0,41,CSI,2,21.350291182355182,15.326885379251621,True,5,14.396923909196166,0.9299614700554546,1
1.0,41,CSI,3,-22.396204506478657,-16.27995775593083,True,6,-15.74975450021323,0.5302032557176002,1
1.0,41,CSI,4,10.81863328887195,7.717762551209985,True,3,7.65001533382348,0.06774721738650502,1
1.0,41,CSI,5,-0.2612513100228659,-0.28745407149152064,True,1,-0.00011884197075549416,0.2873352295207651,1
1.0,42,CSI,1,-11.474010932736281,-8.388672898901962,True,7,-8.099415216692213,0.28925768220974923,1
1.0,42,CSI,2,21.349695717416157,15.326455155833175,True,5,14.396923909196166,0.9295312466370085,1
1.0,42,CSI,3,-22.353494783727132,-16.249099981242853,True,6,-15.74975450021323,0.4993454810296232,1
1.0,42,CSI,4,10.852771293826219,7.7424272597894435,True,3,7.65001533382348,0.0924119259659637,1
1.0,42,CSI,5,-0.2523193359375,-0.28100072021484374,True,1,-0.00011884197075549416,0.2808818782440882,1
1.0,43,CSI,1,-11.580459222560975,-8.465581788300304,True,7,-8.099415216692213,0.3661665716080904,1
1.0,43,CSI,2,21.34681366711128,15.324372874487903,True,5,14.396923909196166,0.9274489652917364,1
1.0,43,CSI,3,-22.353852062690546,-16.24935811529392,True,6,-15.74975450021323,0.49960361508068907,1
1.0,43,CSI,4,10.813417016006097,7.713993794064406,True,3,7.65001533382348,0.0639784602409259,1
1.0,43,CSI,5,-0.27826076600609756,-0.2997434034394055,True,1,-0.00011884197075549416,0.29962456146864996,1
1.0,44,CSI,1,-11.307911942644818,-8.26866637856088,True,7,-8.099415216692213,0.16925116186866696,1
1.0,44,CSI,2,21.32391804020579,15.307830784048685,True,5,14.396923909196166,0.9109068748525182,1
1.0,44,CSI,3,10.817049352134147,7.716618156916922,True,3,7.65001533382348,0.0666028230934419,1
1.0,44,CSI,4,-22.327615877477136,-16.230402471477234,True,6,-15.74975450021323,0.4806479712640037,1
1.0,44,CSI,5,-0.2581221417682927,-0.28519324742759145,True,1,-0.00011884197075549416,0.28507440545683593,1
1.0,45,CSI,1,-11.373246355754574,-8.31587049203268,True,7,-8.099415216692213,0.2164552753404667,1
1.0,45,CSI,2,21.35653463224085,15.331396271794016,True,5,14.396923909196166,0.9344723625978499,1
1.0,45,CSI,3,-22.361643721417682,-16.254987588724276,True,6,-15.74975450021323,0.5052330885110461,1
1.0,45,CSI,4,10.785579030106707,7.693880849252096,True,3,7.65001533382348,0.0438655154286165,1
1.0,45,CSI,5,-0.24795457793445122,-0.277847182557641,True,1,-0.00011884197075549416,0.2777283405868855,1
1.0,46,CSI,1,21.35781488185976,15.332321252143679,True,5,14.396923909196166,0.9353973429475122,1
1.0,46,CSI,2,-11.192007669588415,-8.184925541277629,True,7,-8.099415216692213,0.08551032458541563,1
1.0,46,CSI,3,-22.35061868807165,-16.247022002131768,True,6,-15.74975450021323,0.49726750191853775,1
1.0,46,CSI,4,10.803964010099085,7.707163997296589,True,3,7.65001533382348,0.057148663473109096,1
1.0,46,CSI,5,-0.25528772865853655,-0.28314538395579264,True,1,-0.00011884197075549416,0.28302654198503713,1
1.0,47,CSI,1,-11.323343416539636,-8.279815618449886,True,7,-8.099415216692213,0.18040040175767302,1
1.0,47,CSI,2,-22.35489114900915,-16.250108855159112,True,6,-15.74975450021323,0.5003543549458822,1
1.0,47,CSI,3,21.34397627667683,15.322322859899012,True,5,14.396923909196166,0.9253989507028457,1
1.0,47,CSI,4,10.838682593368903,7.732248173709032,True,3,7.65001533382348,0.08223283988555252,1
1.0,47,CSI,5,-0.25220322027439024,-0.28091682664824696,True,1,-0.00011884197075549416,0.28079798467749145,1
1.0,48,CSI,1,-11.598406535823171,-8.47854872213224,True,7,-8.099415216692213,0.3791335054400271,1
1.0,48,CSI,2,-22.36691358612805,-16.258795065977516,True,6,-15.74975450021323,0.5090405657642858,1
1.0,48,CSI,3,21.361277510480182,15.334823001321933,True,5,14.396923909196166,0.9378990921257664,1
1.0,48,CSI,4,10.872906940739329,7.756975264684165,True,3,7.65001533382348,0.10695993086068523,1
1.0,48,CSI,5,-0.2735774342606707,-0.2963596962533346,True,1,-0.00011884197075549416,0.29624085428257907,1
1.0,49,CSI,1,-11.415959055830793,-8.346730417837747,True,7,-8.099415216692213,0.2473152011455344,1
1.0,49,CSI,2,-22.364856254763723,-16.257308644066793,True,6,-15.74975450021323,0.5075541438535627,1
1.0,49,CSI,3,21.31824921398628,15.30373505710509,True,5,14.396923909196166,0.9068111479089236,1
1.0,49,CSI,4,10.816543206935975,7.716252467011242,True,3,7.65001533382348,0.06623713318776225,1
1.0,49,CSI,5,-0.24794564596036586,-0.2778407292063643,True,1,-0.00011884197075549416,0.2777218872356088,1
1.0,50,CSI,1,-11.481972298971037,-8.394424986006573,True,7,-8.099415216692213,0.29500976931436007,1
1.0,50,CSI,2,21.320610232469512,15.305440892959224,True,5,14.396923909196166,0.9085169837630573,1
1.0,50,CSI,3,-22.350514481707314,-16.246946713033537,True,6,-15.74975450021323,0.49719221282030723,1
1.0,50,CSI,4,10.895641792111281,7.7734011948004005,True,3,7.65001533382348,0.12338586097692072,1
1.0,50,CSI,5,-0.23685511147103658,-0.2698278180378239,True,1,-0.00011884197075549416,0.2697089760670684,1
1.0,51,CSI,1,-11.453041634908537,-8.373522581221417,True,7,-8.099415216692213,0.27410736452920403,1
1.0,51,CSI,2,21.330277605754574,15.312425570157682,True,5,14.396923909196166,0.9155016609615156,1
1.0,51,CSI,3,-22.381832960175302,-16.269574313726658,True,6,-15.74975450021323,0.5198198135134273,1
1.0,51,CSI,4,10.795058831935975,7.7007300060737425,True,3,7.65001533382348,0.050714672250262716,1
1.0,51,CSI,5,-0.25885158631859756,-0.2857202711151867,True,1,-0.00011884197075549416,0.2856014291444312,1
1.0,52,CSI,1,-11.505972513338413,-8.411765140887002,True,7,-8.099415216692213,0.31234992419478935,1
1.0,52,CSI,2,21.336830697408537,15.31716017887767,True,5,14.396923909196166,0.920236269681503,1
1.0,52,CSI,3,-22.3692031488186,-16.26044927502144,True,6,-15.74975450021323,0.5106947748082096,1
1.0,52,CSI,4,10.812383884336892,7.7132473564334045,True,3,7.65001533382348,0.06323202260992478,1
1.0,52,CSI,5,-0.23405940358231708,-0.2678079190882241,True,1,-0.00011884197075549416,0.2676890771174686,1
1.0,53,CSI,1,-11.410349776105182,-8.342677713235993,True,7,-8.099415216692213,0.24326249654377996,1
1.0,53,CSI,2,21.328559689405488,15.311184375595467,True,5,14.396923909196166,0.9142604663993001,1
1.0,53,CSI,3,-22.373940072408537,-16.26387170231517,True,6,-15.74975450021323,0.5141172021019411,1
1.0,53,CSI,4,10.809823385099085,7.711397395734089,True,3,7.65001533382348,0.06138206191060913,1
1.0,53,CSI,5,-0.2612453553734756,-0.2874497692573361,True,1,-0.00011884197075549416,0.2873309272865806,1
1.0,54,CSI,1,-11.25953339367378,-8.233712876929305,True,7,-8.099415216692213,0.13429766023709178,1
1.0,54,CSI,2,21.33375214367378,15.314935923804308,True,5,14.396923909196166,0.9180120146081414,1
1.0,54,CSI,3,-22.341287752477132,-16.24028040116473,True,6,-15.74975450021323,0.4905259009514982,1
1.0,54,CSI,4,10.824209818025913,7.721791593523723,True,3,7.65001533382348,0.07177625970024337,1
1.0,54,CSI,5,-0.23949004382621952,-0.2717315566644436,True,1,-0.00011884197075549416,0.2716127146936881,1
1.0,55,CSI,1,-11.613057950647864,-8.48913436934308,True,7,-8.099415216692213,0.38971915265086743,1
1.0,55,CSI,2,21.342038038300302,15.32092248267197,True,5,14.396923909196166,0.9239985734758029,1
1.0,55,CSI,3,-22.385093130716463,-16.271929786942646,True,6,-15.74975450021323,0.522175286729416,1
1.0,55,CSI,4,10.811240591653963,7.712421327469989,True,3,7.65001533382348,0.06240599364650912,1
1.0,55,CSI,5,-0.2537722703887195,-0.2820504653558499,True,1,-0.00011884197075549416,0.28193162338509437,1
1.0,56,CSI,1,-11.531247022675304,-8.430025973882907,True,7,-8.099415216692213,0.3306107571906942,1
1.0,56,CSI,2,21.316191882621954,15.302248635194363,True,5,14.396923909196166,0.9053247259981969,1
1.0,56,CSI,3,-22.356975276295728,-16.251614637123666,True,6,-15.74975450021323,0.5018601369104356,1
1.0,56,CSI,4,10.807408774771341,7.7096528397722945,True,3,7.65001533382348,0.059637505948814784,1
1.0,56,CSI,5,-0.24995534012957316,-0.2792927332436166,True,1,-0.00011884197075549416,0.2791738912728611,1
1.0,57,CSI,1,-11.4952392578125,-8.404010363769531,True,7,-8.099415216692213,0.3045951470773183,1
1.0,57,CSI,2,21.28585592130335,15.280330903141673,True,5,14.396923909196166,0.8834069939455063,1
1.0,57,CSI,3,-22.390955483041157,-16.276165336497236,True,6,-15.74975450021323,0.5264108362840059,1
1.0,57,CSI,4,10.81701064691311,7.7165901923947215,True,3,7.65001533382348,0.06657485857124179,1
1.0,57,CSI,5,-0.2189256621570122,-0.2568737909084413,True,1,-0.00011884197075549416,0.2567549489376858,1
1.0,58,CSI,1,-11.440399914253048,-8.364388938047826,True,7,-8.099415216692213,0.2649737213556129,1
1.0,58,CSI,2,21.323346393864327,15.307417769566978,True,5,14.396923909196166,0.9104938603708117,1
1.0,58,CSI,3,-22.388377119855182,-16.27430246909537,True,6,-15.74975450021323,0.5245479688821408,1
1.0,58,CSI,4,10.797265029535062,7.702323983839083,True,3,7.65001533382348,0.05230865001560314,1
1.0,58,CSI,5,-0.2750244140625,-0.29740513916015626,True,1,-0.00011884197075549416,0.29728629718940075,1
1.0,59,CSI,1,-11.467690072408537,-8.384106077315167,True,7,-8.099415216692213,0.2846908606229537,1
1.0,59,CSI,2,21.321664205411587,15.306202388409872,True,5,14.396923909196166,0.9092784792137056,1
1.0,59,CSI,3,-22.362066501524392,-16.255293047351376,True,6,-15.74975450021323,0.5055385471381459,1
1.0,59,CSI,4,10.805530082888719,7.7082954848871,True,3,7.65001533382348,0.05828015106362017,1
1.0,59,CSI,5,-0.24604909012957316,-0.2764704676186166,True,1,-0.00011884197075549416,0.2763516256478611,1
1.0,60,CSI,1,-11.424161585365853,-8.35265674542683,True,7,-8.099415216692213,0.25324152873461614,1
1.0,60,CSI,2,21.333350204839938,15.314645522996857,True,5,14.396923909196166,0.9177216138006905,1
1.0,60,CSI,3,-22.38468821455793,-16.271637235018105,True,6,-15.74975450021323,0.5218827348048745,1
1.0,60,CSI,4,10.850246522484756,7.740603112495236,True,3,7.65001533382348,0.0905877786717566,1
1.0,60,CSI,5,-0.2470703125,-0.27720830078125,True,1,-0.00011884197075549416,0.2770894588104945,1
1.0,61,CSI,1,-11.399434903772864,-8.334791717975893,True,7,-8.099415216692213,0.23537650128367993,1
1.0,61,CSI,2,21.361024437881095,15.334640156369092,True,5,14.396923909196166,0.9377162471729257,1
1.0,61,CSI,3,-22.356177353277438,-16.25103813774295,True,6,-15.74975450021323,0.5012836375297187,1
1.0,61,CSI,4,10.84255907012195,7.73504892816311,True,3,7.65001533382348,0.08503359433963009,1
1.0,61,CSI,5,-0.24265493997713414,-0.27401819413347944,True,1,-0.00011884197075549416,0.27389935216272393,1
1.0,62,CSI,1,-11.547521079458843,-8.441783979909014,True,7,-8.099415216692213,0.34236876321680043,1
1.0,62,CSI,2,21.325752072217988,15.309155872177497,True,5,14.396923909196166,0.9122319629813305,1
1.0,62,CSI,3,-22.346804735137194,-16.244266421136626,True,6,-15.74975450021323,0.49451192092339546,1
1.0,62,CSI,4,10.799441453887194,7.703896450433498,True,3,7.65001533382348,0.053881116610018154,1
1.0,62,CSI,5,-0.26401724466463417,-0.2894524592701982,True,1,-0.00011884197075549416,0.2893336172994427,1
1.0,63,CSI,1,-11.767074957126525,-8.600411656523914,True,7,-8.099415216692213,0.5009964398317006,1
1.0,63,CSI,2,21.32638624237805,15.309614060118141,True,5,14.396923909196166,0.9126901509219749,1
1.0,63,CSI,3,-22.386203672827744,-16.272732153618048,True,6,-15.74975450021323,0.5229776534048174,1
1.0,63,CSI,4,10.826418992949696,7.723387722406156,True,3,7.65001533382348,0.07337238858267625,1
1.0,63,CSI,5,-0.23224919016768292,-0.2665000398961509,True,1,-0.00011884197075549416,0.2663811979253954,1
1.0,64,CSI,1,-11.710961318597562,-8.559869552686738,True,7,-8.099415216692213,0.460454335994525,1
1.0,64,CSI,2,-22.382077100800302,-16.26975070532822,True,6,-15.74975450021323,0.5199962051149907,1
1.0,64,CSI,3,21.300400152439025,15.290839110137197,True,5,14.396923909196166,0.8939152009410307,1
1.0,64,CSI,4,10.784462533346037,7.693074180342512,True,3,7.65001533382348,0.043058846519032024,1
1.0,64,CSI,5,-0.23049256859756095,-0.2652308808117378,True,1,-0.00011884197075549416,0.2651120388409823,1
1.0,65,CSI,1,-11.745665015243903,-8.58494297351372,True,7,-8.099415216692213,0.4855277568215062,1
1.0,65,CSI,2,21.306292278010673,15.295096170862713,True,5,14.396923909196166,0.8981722616665468,1
1.0,65,CSI,3,-22.360583793826223,-16.25422179103945,True,6,-15.74975450021323,0.5044672908262182,1
1.0,65,CSI,4,10.822069121570122,7.720244940334413,True,3,7.65001533382348,0.07022960651093335,1
1.0,65,CSI,5,-0.23495260099085366,-0.2684532542158918,True,1,-0.00011884197075549416,0.26833441224513627,1
1.0,66,CSI,1,-11.707900628810977,-8.557658204315931,True,7,-8.099415216692213,0.4582429876237182,1
1.0,66,CSI,2,-22.364877096036583,-16.25732370188643,True,6,-15.74975450021323,0.507569201673201,1
1.0,66,CSI,3,21.271657059832314,15.270072225728848,True,5,14.396923909196166,0.8731483165326814,1
1.0,66,CSI,4,10.742976491044207,7.6631005147794395,True,3,7.65001533382348,0.013085180955959785,1
1.0,66,CSI,5,-0.24552805830792682,-0.27609402212747713,True,1,-0.00011884197075549416,0.2759751801567216,1
1.0,67,CSI,1,-11.775441239519818,-8.606456295553068,True,7,-8.099415216692213,0.5070410788608548,1
1.0,67,CSI,2,21.285513528963413,15.280083524676067,True,5,14.396923909196166,0.8831596154799009,1
1.0,67,CSI,3,-22.386885480182926,-16.273224759432164,True,6,-15.74975450021323,0.523470259218934,1
1.0,67,CSI,4,10.781690644054878,7.69107149032965,True,3,7.65001533382348,0.041056156506170005,1
1.0,67,CSI,5,-0.24975883669969512,-0.2791507595155297,True,1,-0.00011884197075549416,0.2790319175447742,1
1.0,68,CSI,1,-11.447447241806403,-8.369480632205125,True,7,-8.099415216692213,0.27006541551291185,1
1.0,68,CSI,2,21.347930163871954,15.32517954339749,True,5,14.396923909196166,0.9282556342013226,1
1.0,68,CSI,3,-22.368178949123475,-16.259709290741714,True,6,-15.74975450021323,0.509954790528484,1
1.0,68,CSI,4,10.824165158155488,7.72175932676734,True,3,7.65001533382348,0.07174399294386014,1
1.0,68,CSI,5,-0.23175495426829268,-0.26614295445884145,True,1,-0.00011884197075549416,0.26602411248808594,1
1.0,69,CSI,1,-11.620182688643293,-8.49428199254478,True,7,-8.099415216692213,0.3948667758525666,1
1.0,69,CSI,2,21.310764219702744,15.298327148735234,True,5,14.396923909196166,0.9014032395390679,1
1.0,69,CSI,3,-22.374190167682926,-16.264052396150916,True,6,-15.74975450021323,0.5142978959376858,1
1.0,69,CSI,4,10.860527224657012,7.748030919814692,True,3,7.65001533382348,0.09801558599121218,1
1.0,69,CSI,5,-0.24500107183689027,-0.2757132744021532,True,1,-0.00011884197075549416,0.2755944324313977,1
1.0,70,CSI,1,-11.529243283155488,-8.42857827207984,True,7,-8.099415216692213,0.32916305538762636,1
1.0,70,CSI,2,21.290396341463413,15.283611356707318,True,5,14.396923909196166,0.8866874475111519,1
1.0,70,CSI,3,-22.361444240663108,-16.254843463879098,True,6,-15.74975450021323,0.5050889636658678,1
1.0,70,CSI,4,10.787892411394818,7.695552267232756,True,3,7.65001533382348,0.04553693340927634,1
1.0,70,CSI,5,-0.23972822980182926,-0.27190364603182166,True,1,-0.00011884197075549416,0.27178480406106614,1
1.0,71,CSI,1,-11.583731302400915,-8.46794586598466,True,7,-8.099415216692213,0.36853064929244717,1
1.0,71,CSI,2,21.311050042873475,15.298533655976087,True,5,14.396923909196166,0.9016097467799202,1
1.0,71,CSI,3,-22.409614376905488,-16.289646387314217,True,6,-15.74975450021323,0.5398918871009872,1
1.0,71,CSI,4,10.822497856326219,7.720554701195693,True,3,7.65001533382348,0.07053936737221367,1
1.0,71,CSI,5,-0.2638773104039634,-0.2893513567668636,True,1,-0.00011884197075549416,0.28923251479610806,1
1.0,72,CSI,1,-11.654427877286587,-8.519024141339559,True,7,-8.099415216692213,0.41960892464734556,1
1.0,72,CSI,2,21.32754442168445,15.310450844667017,True,5,14.396923909196166,0.9135269354708502,1
1.0,72,CSI,3,-22.4046035394436,-16.286026057248,True,6,-15.74975450021323,0.5362715570347714,1
1.0,72,CSI,4,10.817320288681403,7.7168139085723135,True,3,7.65001533382348,0.06679857474883377,1
1.0,72,CSI,5,-0.2439917587652439,-0.2749840457078887,True,1,-0.00011884197075549416,0.2748652037371332,1
1.0,73,CSI,1,-11.638362233231707,-8.507416713509908,True,7,-8.099415216692213,0.40800149681769504,1
1.0,73,CSI,2,21.323751310022864,15.307710321491522,True,5,14.396923909196166,0.9107864122953551,1
1.0,73,CSI,3,-22.401370164824694,-16.283689944085843,True,6,-15.74975450021323,0.5339354438726129,1
1.0,73,CSI,4,10.815798875762194,7.715714687738186,True,3,7.65001533382348,0.06569935391470594,1
1.0,73,CSI,5,-0.23246355754573172,-0.26665492032679117,True,1,-0.00011884197075549416,0.26653607835603566,1
1.0,74,CSI,1,-11.680738495617378,-8.538033563083555,True,7,-8.099415216692213,0.43861834639134223,1
1.0,74,CSI,2,21.279517197027438,15.275751174852326,True,5,14.396923909196166,0.8788272656561595,1
1.0,74,CSI,3,-22.392834174923777,-16.27752269138243,True,6,-15.74975450021323,0.5277681911691996,1
1.0,74,CSI,4,10.772654463605182,7.684542849954744,True,3,7.65001533382348,0.03452751613126459,1
1.0,74,CSI,5,-0.25832162252286583,-0.28533737227277056,True,1,-0.00011884197075549416,0.28521853030201505,1
1.0,75,CSI,1,-11.572700314405488,-8.459975977157963,True,7,-8.099415216692213,0.36056076046575036,1
1.0,75,CSI,2,21.30322265625,15.292878369140627,True,5,14.396923909196166,0.8959544599444609,1
1.0,75,CSI,3,-22.403987233231707,-16.28558077600991,True,6,-15.74975450021323,0.5358262757966781,1
1.0,75,CSI,4,10.798080816501525,7.702913389922352,True,3,7.65001533382348,0.052898056098872104,1
1.0,75,CSI,5,-0.22934927591463414,-0.2644048518483232,True,1,-0.00011884197075549416,0.2642860098775677,1
1.0,76,CSI,1,-11.654159918064025,-8.518830540801257,True,7,-8.099415216692213,0.41941532410904436,1
1.0,76,CSI,2,21.280458031631095,15.276430927853468,True,5,14.396923909196166,0.8795070186573017,1
1.0,76,CSI,3,-22.41644733708079,-16.294583201040872,True,6,-15.74975450021323,0.544828700827642,1
1.0,76,CSI,4,10.81199980945122,7.7129698623285075,True,3,7.65001533382348,0.0629545285050277,1
1.0,76,CSI,5,-0.24276807831554878,-0.274099936582984,True,1,-0.00011884197075549416,0.27398109461222847,1
1.0,77,CSI,1,-11.510795779344512,-8.41524995057641,True,7,-8.099415216692213,0.3158347338841967,1
1.0,77,CSI,2,21.307295636432926,15.29582109732279,True,5,14.396923909196166,0.8988971881266234,1
1.0,77,CSI,3,-22.38289884241616,-16.270344413645677,True,6,-15.74975450021323,0.5205899134324472,1
1.0,77,CSI,4,10.827493807164634,7.724164275676449,True,3,7.65001533382348,0.07414894185296905,1
1.0,1,RGB,1,9.311031389236451,7.939568985671998,True,3,7.65001533382348,0.289553651848518,1
1.0,1,RGB,2,1.4132870435714722,0.24400689525604258,True,1,-0.00011884197075549416,0.24412573722679806,1
1.0,1,RGB,3,-15.43920042514801,-16.177056894264222,True,6,-15.74975450021323,0.4273023940509919,1
1.0,1,RGB,4,-6.872610926628113,-7.829772086906433,True,7,-8.099415216692213,0.26964312978577976,1
1.0,1,RGB,5,16.8950261592865,15.329413489608763,True,5,14.396923909196166,0.9324895804125966,1
1.0,2,RGB,1,9.305482506752014,7.934162154579163,True,3,7.65001533382348,0.28414682075568365,1
1.0,2,RGB,2,1.4214285850524901,0.25194001327514637,True,1,-0.00011884197075549416,0.2520588552459019,1
1.0,2,RGB,3,-15.354972732067107,-16.09498543012619,True,6,-15.74975450021323,0.3452309299129599,1
1.0,2,RGB,4,-6.875417447090149,-7.832506760444641,True,7,-8.099415216692213,0.2669084562475721,1
1.0,2,RGB,5,16.924989795684812,15.35861005691528,True,5,14.396923909196166,0.9616861477191136,1
1.0,3,RGB,1,9.311519980430603,7.940045068931581,True,3,7.65001533382348,0.29002973510810115,1
1.0,3,RGB,2,1.4333850860595703,0.2635904278564454,True,1,-0.00011884197075549416,0.2637092698272009,1
1.0,3,RGB,3,-15.228963088989257,-15.972201633911133,True,6,-15.74975450021323,0.22244713369790325,1
1.0,3,RGB,4,-6.851341581344604,-7.809047236862182,True,7,-8.099415216692213,0.29036797983003115,1
1.0,3,RGB,5,16.92392871379852,15.35757613872528,True,5,14.396923909196166,0.9606522295291136,1
1.0,4,RGB,1,9.314272212982178,7.942726844329836,True,3,7.65001533382348,0.292711510506356,1
1.0,4,RGB,2,-15.35009833574295,-16.09023581834793,True,6,-15.74975450021323,0.3404813181347013,1
1.0,4,RGB,3,1.4388105869293213,0.26887703590393075,True,1,-0.00011884197075549416,0.26899587787468626,1
1.0,4,RGB,4,-6.866721510887146,-7.824033440208435,True,7,-8.099415216692213,0.27538177648377804,1
1.0,4,RGB,5,16.94206416606903,15.375247323417662,True,5,14.396923909196166,0.9783234142214958,1
1.0,5,RGB,1,9.3140287399292,7.9424896041870126,True,3,7.65001533382348,0.2924742703635328,1
1.0,5,RGB,2,1.466319751739502,0.29568196609497077,True,1,-0.00011884197075549416,0.2958008080657263,1
1.0,5,RGB,3,-15.282873451709747,-16.02473189134598,True,6,-15.74975450021323,0.2749773911327491,1
1.0,5,RGB,4,-6.889746165275573,-7.846468663444519,True,7,-8.099415216692213,0.25294655324769444,1
1.0,5,RGB,5,16.919758415222166,15.353512599792479,True,5,14.396923909196166,0.9565886905963126,1
1.0,6,RGB,1,9.33495261669159,7.9628778297042855,True,3,7.65001533382348,0.3128624958808057,1
1.0,6,RGB,2,1.469522738456726,0.29880295635223386,True,1,-0.00011884197075549416,0.2989217983229894,1
1.0,6,RGB,3,-15.205138099193572,-15.948986563854218,True,6,-15.74975450021323,0.1992320636409879,1
1.0,6,RGB,4,-6.875159990787506,-7.832255895023346,True,7,-8.099415216692213,0.267159321668867,1
1.0,6,RGB,5,16.93255226612091,15.365978928108214,True,5,14.396923909196166,0.9690550189120479,1
1.0,7,RGB,1,9.320544934272766,7.948838983955384,True,3,7.65001533382348,0.2988236501319044,1
1.0,7,RGB,2,1.467408800125122,0.29674313484191894,True,1,-0.00011884197075549416,0.29686197681267446,1
1.0,7,RGB,3,-15.38648110628128,-16.12568718996048,True,6,-15.74975450021323,0.37593268974725014,1
1.0,7,RGB,4,-6.870482182502746,-7.827697838630676,True,7,-8.099415216692213,0.2717173780615374,1
1.0,7,RGB,5,16.92672700881958,15.360302797393798,True,5,14.396923909196166,0.9633788881976315,1
1.0,8,RGB,1,9.34241967201233,7.970153728408815,True,3,7.65001533382348,0.3201383945853351,1
1.0,8,RGB,2,-15.38330773115158,-16.1225950532341,True,6,-15.74975450021323,0.37284055302087005,1
1.0,8,RGB,3,1.4587210893630982,0.2882778294754029,True,1,-0.00011884197075549416,0.28839667144615844,1
1.0,8,RGB,4,-6.8751262664794925,-7.832223034057618,True,7,-8.099415216692213,0.2671921826345951,1
1.0,8,RGB,5,16.919009900093076,15.352783246650693,True,5,14.396923909196166,0.9558593374545268,1
1.0,9,RGB,1,9.342633533477784,7.970362115020753,True,3,7.65001533382348,0.3203467811972729,1
1.0,9,RGB,2,1.4817589044570922,0.31072587650299077,True,1,-0.00011884197075549416,0.3108447184737463,1
1.0,9,RGB,3,-15.418081605434418,-16.156478716335297,True,6,-15.74975450021323,0.40672421612206655,1
1.0,9,RGB,4,-6.890752136707306,-7.847448882007599,True,7,-8.099415216692213,0.2519663346846137,1
1.0,9,RGB,5,16.90898308753967,15.343013120498656,True,5,14.396923909196166,0.946089211302489,1
1.0,10,RGB,1,9.36015043258667,7.987430581512451,True,3,7.65001533382348,0.3374152476889716,1
1.0,10,RGB,2,1.5096678256988525,0.33792032936096184,True,1,-0.00011884197075549416,0.33803917133171735,1
1.0,10,RGB,3,-15.417202305793761,-16.15562192676544,True,6,-15.74975450021323,0.4058674265522111,1
1.0,10,RGB,4,-6.890397620201111,-7.847103441123963,True,7,-8.099415216692213,0.25231177556825024,1
1.0,10,RGB,5,16.911409592628477,15.345377507057188,True,5,14.396923909196166,0.9484535978610218,1
1.0,11,RGB,1,9.355177330970765,7.982584791297914,True,3,7.65001533382348,0.33256945747443467,1
1.0,11,RGB,2,1.477119755744934,0.3062054899978639,True,1,-0.00011884197075549416,0.3063243319686194,1
1.0,11,RGB,3,-15.331994140148163,-16.07259509016037,True,6,-15.74975450021323,0.3228405899471394,1
1.0,11,RGB,4,-6.87732081413269,-7.834361401290893,True,7,-8.099415216692213,0.2650538154013198,1
1.0,11,RGB,5,16.908820223808288,15.342854426078796,True,5,14.396923909196166,0.9459305168826297,1
1.0,12,RGB,1,9.363317227363586,7.990516306343079,True,3,7.65001533382348,0.34050097251959954,1
1.0,12,RGB,2,-15.445798873901367,-16.183486422729494,True,6,-15.74975450021323,0.43373192251626413,1
1.0,12,RGB,3,1.4573490858078002,0.28694094921112057,True,1,-0.00011884197075549416,0.2870597911818761,1
1.0,12,RGB,4,-6.8847985625267025,-7.841647719326019,True,7,-8.099415216692213,0.25776749736619387,1
1.0,12,RGB,5,16.914941596984864,15.348819092102053,True,5,14.396923909196166,0.9518951829058864,1
1.0,13,RGB,1,9.334682822227478,7.9626149419784555,True,3,7.65001533382348,0.3125996081549758,1
1.0,13,RGB,2,-15.427250504493713,-16.165412891578676,True,6,-15.74975450021323,0.41565839136544547,1
1.0,13,RGB,3,1.4278263330459595,0.25817397891998306,True,1,-0.00011884197075549416,0.2582928208907386,1
1.0,13,RGB,4,-6.876561605930329,-7.833621628818513,True,7,-8.099415216692213,0.26579358787370033,1
1.0,13,RGB,5,16.936855816841128,15.370172307929996,True,5,14.396923909196166,0.9732483987338298,1
1.0,14,RGB,1,9.333942532539368,7.96189360370636,True,3,7.65001533382348,0.3118782698828806,1
1.0,14,RGB,2,1.4405741214752197,0.2705954239654542,True,1,-0.00011884197075549416,0.27071426593620973,1
1.0,14,RGB,3,-15.371051001548768,-16.11065209590912,True,6,-15.74975450021323,0.3608975956958904,1
1.0,14,RGB,4,-6.894694590568543,-7.851290409049988,True,7,-8.099415216692213,0.2481248076422249,1
1.0,14,RGB,5,16.956583714485166,15.389395171394346,True,5,14.396923909196166,0.9924712621981797,1
1.0,15,RGB,1,9.349955821037293,7.977496952018739,True,3,7.65001533382348,0.3274816181952591,1
1.0,15,RGB,2,1.4636629343032836,0.2930931631851197,True,1,-0.00011884197075549416,0.2932120051558752,1
1.0,15,RGB,3,-15.386183345317841,-16.125397051677705,True,6,-15.74975450021323,0.375642551464475,1
1.0,15,RGB,4,-6.889495289325714,-7.846224209918976,True,7,-8.099415216692213,0.25319100677323725,1
1.0,15,RGB,5,16.95025177001953,15.383225324707032,True,5,14.396923909196166,0.9863014155108658,1
1.0,16,RGB,1,9.335225701332092,7.963143923377991,True,3,7.65001533382348,0.31312858955451084,1
1.0,16,RGB,2,1.4325526714324952,0.26277932304382334,True,1,-0.00011884197075549416,0.26289816501457886,1
1.0,16,RGB,3,-15.317709016799927,-16.05867566596985,True,6,-15.74975450021323,0.30892116575662065,1
1.0,16,RGB,4,-6.8846118450164795,-7.841465781784057,True,7,-8.099415216692213,0.2579494349081557,1
1.0,16,RGB,5,16.94628381729126,15.379358951568603,True,5,14.396923909196166,0.9824350423724368,1
1.0,17,RGB,1,9.35825035572052,7.985579146614074,True,3,7.65001533382348,0.33556381279059444,1
1.0,17,RGB,2,-15.403379452228545,-16.142152938251495,True,6,-15.74975450021323,0.39239843803826524,1
1.0,17,RGB,3,1.446394443511963,0.27626674575805676,True,1,-0.00011884197075549416,0.2763855877288123,1
1.0,17,RGB,4,-6.879104089736939,-7.836099025039673,True,7,-8.099415216692213,0.2633161916525397,1
1.0,17,RGB,5,16.938446617126463,15.371722383728025,True,5,14.396923909196166,0.974798474531859,1
1.0,18,RGB,1,9.362989854812621,7.990197314529419,True,3,7.65001533382348,0.34018198070593897,1
1.0,18,RGB,2,1.446524405479431,0.27639338069915764,True,1,-0.00011884197075549416,0.27651222266991315,1
1.0,18,RGB,3,-15.307364702224731,-16.04859616584778,True,6,-15.74975450021323,0.2988416656345496,1
1.0,18,RGB,4,-6.894191193580627,-7.850799899024963,True,7,-8.099415216692213,0.24861531766724987,1
1.0,18,RGB,5,16.914589548110964,15.348476055679322,True,5,14.396923909196166,0.9515521464831558,1
1.0,19,RGB,1,9.351410079002381,7.978913980979921,True,3,7.65001533382348,0.328898647156441,1
1.0,19,RGB,2,1.4414114713668824,0.27141133769989034,True,1,-0.00011884197075549416,0.27153017967064585,1
1.0,19,RGB,3,-15.255936777591705,-15.998484796085359,True,6,-15.74975450021323,0.2487302958721287,1
1.0,19,RGB,4,-6.867330193519592,-7.8246265405654905,True,7,-8.099415216692213,0.27478867612672264,1
1.0,19,RGB,5,16.91935865879059,15.35312307712555,True,5,14.396923909196166,0.956199167929384,1
1.0,20,RGB,1,9.336530256271363,7.9644150817108175,True,3,7.65001533382348,0.3143997478873377,1
1.0,20,RGB,2,1.4455718994140625,0.2754652587890625,True,1,-0.00011884197075549416,0.275584100759818,1
1.0,20,RGB,3,-15.284304678440094,-16.02612647867203,True,6,-15.74975450021323,0.27637197845879946,1
1.0,20,RGB,4,-6.874328398704529,-7.831445591697693,True,7,-8.099415216692213,0.26796962499452004,1
1.0,20,RGB,5,16.932420659065247,15.365850690193176,True,5,14.396923909196166,0.968926780997009,1
1.0,21,RGB,1,9.360523867607117,7.987794456596375,True,3,7.65001533382348,0.33777912277289524,1
1.0,21,RGB,2,1.447664451599121,0.27750424163818366,True,1,-0.00011884197075549416,0.27762308360893917,1
1.0,21,RGB,3,-15.405833101272583,-16.144543773880006,True,6,-15.74975450021323,0.39478927366677574,1
1.0,21,RGB,4,-6.88663694858551,-7.843439042701721,True,7,-8.099415216692213,0.2559761739904918,1
1.0,21,RGB,5,16.955989837646484,15.388816497802734,True,5,14.396923909196166,0.9918925886065679,1
1.0,22,RGB,1,9.358013463020324,7.985348318367005,True,3,7.65001533382348,0.3353329845435251,1
1.0,22,RGB,2,-15.411731564998627,-16.150291236934663,True,6,-15.74975450021323,0.400536736721433,1
1.0,22,RGB,3,1.4450964689254762,0.275001999320984,True,1,-0.00011884197075549416,0.2751208412917395,1
1.0,22,RGB,4,-6.881386649608612,-7.838323151378632,True,7,-8.099415216692213,0.26109206531358087,1
1.0,22,RGB,5,16.948488235473633,15.38150693664551,True,5,14.396923909196166,0.984583027449343,1
1.0,23,RGB,1,9.348210382461549,7.975796196670534,True,3,7.65001533382348,0.3257808628470542,1
1.0,23,RGB,2,-15.444092094898224,-16.18182333726883,True,6,-15.74975450021323,0.43206883705560095,1
1.0,23,RGB,3,1.4409031391143798,0.2709160187530517,True,1,-0.00011884197075549416,0.2710348607238072,1
1.0,23,RGB,4,-6.8982043862342834,-7.854710353946686,True,7,-8.099415216692213,0.24470486274552705,1
1.0,23,RGB,5,16.946171951293945,15.379249949340819,True,5,14.396923909196166,0.9823260401446525,1
1.0,24,RGB,1,9.370641160011292,7.997652746315004,True,3,7.65001533382348,0.34763741249152424,1
1.0,24,RGB,2,1.445609736442566,0.2755021271896363,True,1,-0.00011884197075549416,0.2756209691603918,1
1.0,24,RGB,3,-15.314487934112549,-16.05553704299927,True,6,-15.74975450021323,0.305782542786039,1
1.0,24,RGB,4,-6.888719630241394,-7.845468407707215,True,7,-8.099415216692213,0.2539468089849981,1
1.0,24,RGB,5,16.938097858428957,15.371382553253175,True,5,14.396923909196166,0.9744586440570089,1
1.0,25,RGB,1,9.350745463371277,7.978266379508972,True,3,7.65001533382348,0.32825104568549257,1
1.0,25,RGB,2,1.438267707824707,0.2683480545043946,True,1,-0.00011884197075549416,0.2684668964751501,1
1.0,25,RGB,3,-15.256059336662293,-15.99860421764374,True,6,-15.74975450021323,0.24884971743050954,1
1.0,25,RGB,4,-6.879421591758728,-7.836408399009705,True,7,-8.099415216692213,0.2630068176825082,1
1.0,25,RGB,5,16.947221517562866,15.380272646713257,True,5,14.396923909196166,0.9833487375170904,1
1.0,26,RGB,1,9.356690812110902,7.984059527320864,True,3,7.65001533382348,0.3340441934973839,1
1.0,26,RGB,2,1.4573161840438842,0.28690888973236084,True,1,-0.00011884197075549416,0.28702773170311635,1
1.0,26,RGB,3,-15.179133367538451,-15.923647553329468,True,6,-15.74975450021323,0.17389305311623815,1
1.0,26,RGB,4,-6.872761452198029,-7.829918759021759,True,7,-8.099415216692213,0.2694964576704537,1
1.0,26,RGB,5,16.92423963546753,15.35787910079956,True,5,14.396923909196166,0.9609551916033929,1
1.0,27,RGB,1,9.350171327590942,7.977706941604615,True,3,7.65001533382348,0.3276916077811354,1
1.0,27,RGB,2,1.4334624052047729,0.2636657676315308,True,1,-0.00011884197075549416,0.26378460960228634,1
1.0,27,RGB,3,-15.146012806892395,-15.89137487903595,True,6,-15.74975450021323,0.14162037882272038,1
1.0,27,RGB,4,-6.858855521678924,-7.816368820323944,True,7,-8.099415216692213,0.28304639636826945,1
1.0,27,RGB,5,16.923367738723755,15.357029524612427,True,5,14.396923909196166,0.9601056154162606,1
1.0,28,RGB,1,9.367158508300781,7.994259250488281,True,3,7.65001533382348,0.3442439166648015,1
1.0,28,RGB,2,1.426500391960144,0.25688198192596445,True,1,-0.00011884197075549416,0.25700082389671997,1
1.0,28,RGB,3,-15.059282112121583,-15.806864490051272,True,6,-15.74975450021323,0.057109989838041386,1
1.0,28,RGB,4,-6.830365061759949,-7.788607716178894,True,7,-8.099415216692213,0.3108075005133193,1
1.0,28,RGB,5,16.94064774513245,15.373867162857058,True,5,14.396923909196166,0.9769432536608917,1
1.0,29,RGB,1,9.375390529632568,8.002280532073975,True,3,7.65001533382348,0.3522651982504952,2
1.0,29,RGB,2,1.436484432220459,0.2666104307556154,True,1,-0.00011884197075549416,0.2667292727263709,1
1.0,29,RGB,3,-15.223740756511688,-15.96711299314499,True,6,-15.74975450021323,0.21735849293176024,1
1.0,29,RGB,4,-6.865802729129792,-7.823138179264069,True,7,-8.099415216692213,0.27627703742814447,1
1.0,29,RGB,5,16.956902861595154,15.389706148338318,True,5,14.396923909196166,0.9927822391421515,1
1.0,30,RGB,1,9.367665195465088,7.994752966461182,True,3,7.65001533382348,0.3447376326377025,1
1.0,30,RGB,2,1.4610571146011353,0.2905540524673462,True,1,-0.00011884197075549416,0.29067289443810174,1
1.0,30,RGB,3,-15.20233404636383,-15.946254294776917,True,6,-15.74975450021323,0.19649979456368705,1
1.0,30,RGB,4,-6.863395142555237,-7.820792226905823,True,7,-8.099415216692213,0.2786229897863901,1
1.0,30,RGB,5,16.94770188331604,15.38074071510315,True,5,14.396923909196166,0.983816805906983,1
1.0,31,RGB,1,9.37370924949646,8.000642292709351,True,3,7.65001533382348,0.35062695888587125,2
1.0,31,RGB,2,1.477226686477661,0.306309683303833,True,1,-0.00011884197075549416,0.3064285252745885,1
1.0,31,RGB,3,-15.215804028511048,-15.959379445381167,True,6,-15.74975450021323,0.20962494516793662,1
1.0,31,RGB,4,-6.856833708286286,-7.814398765354157,True,7,-8.099415216692213,0.2850164513380564,1
1.0,31,RGB,5,16.93277599811554,15.366196932563783,True,5,14.396923909196166,0.9692730233676166,1
1.0,32,RGB,1,9.375706386566161,8.002588303070068,True,3,7.65001533382348,0.3525729692465882,2
1.0,32,RGB,2,1.4769174098968505,0.3060083242034912,True,1,-0.00011884197075549416,0.30612716617424673,1
1.0,32,RGB,3,-15.237253510951996,-15.980279821071626,True,6,-15.74975450021323,0.23052532085839594,1
1.0,32,RGB,4,-6.8536027550697325,-7.811250524539948,True,7,-8.099415216692213,0.28816469215226537,1
1.0,32,RGB,5,16.936186265945434,15.369519897537232,True,5,14.396923909196166,0.972595988341066,1
1.0,33,RGB,1,9.367604327201843,7.9946936564254765,True,3,7.65001533382348,0.3446783226019967,1
1.0,33,RGB,2,1.454065489768982,0.2837414132308962,True,1,-0.00011884197075549416,0.2838602552016517,1
1.0,33,RGB,3,-15.319952917098998,-16.060862122421263,True,6,-15.74975450021323,0.31110762220803245,1
1.0,33,RGB,4,-6.877786374092102,-7.834815042915344,True,7,-8.099415216692213,0.26460017377686906,1
1.0,33,RGB,5,16.924206733703613,15.3578470413208,True,5,14.396923909196166,0.9609231321246341,1
1.0,34,RGB,1,9.391446590423584,8.01792555770874,True,3,7.65001533382348,0.36791022388525985,2
1.0,34,RGB,2,1.4428640842437743,0.27282676368713377,True,1,-0.00011884197075549416,0.2729456056578893,1
1.0,34,RGB,3,-15.252253425121307,-15.994895737438203,True,6,-15.74975450021323,0.24514123722497239,1
1.0,34,RGB,4,-6.875549876689911,-7.832635799846649,True,7,-8.099415216692213,0.26677941684556394,1
1.0,34,RGB,5,16.912844109535218,15.346775300331116,True,5,14.396923909196166,0.9498513911349491,1
1.0,35,RGB,1,9.390007138252258,8.016522955513,True,3,7.65001533382348,0.36650762168952067,2
1.0,35,RGB,2,1.4703058004379272,0.2995659719467163,True,1,-0.00011884197075549416,0.2996848139174718,1
1.0,35,RGB,3,-15.293971216678619,-16.035545553531648,True,6,-15.74975450021323,0.2857910533184178,1
1.0,35,RGB,4,-6.869444131851196,-7.826686362075805,True,7,-8.099415216692213,0.2727288546164077,1
1.0,35,RGB,5,16.914564871788027,15.348452011070252,True,5,14.396923909196166,0.9515281018740858,1
1.0,36,RGB,1,9.380857157707215,8.00760721446991,True,3,7.65001533382348,0.35759188064643066,2
1.0,36,RGB,2,1.447689127922058,0.27752828624725345,True,1,-0.00011884197075549416,0.27764712821800897,1
1.0,36,RGB,3,-15.249016714096069,-15.99174188621521,True,6,-15.74975450021323,0.24198738600198055,1
1.0,36,RGB,4,-6.872253119945526,-7.829423440074921,True,7,-8.099415216692213,0.26999177661729235,1
1.0,36,RGB,5,16.91068739891052,15.344673801498411,True,5,14.396923909196166,0.9477498923022445,1
1.0,37,RGB,1,9.376838207244873,8.003691149139405,True,3,7.65001533382348,0.35367581531592496,2
1.0,37,RGB,2,1.4545442104339599,0.2842078786468505,True,1,-0.00011884197075549416,0.284326720617606,1
1.0,37,RGB,3,-15.165651869773864,-15.910511181907655,True,6,-15.74975450021323,0.16075668169442459,1
1.0,37,RGB,4,-6.8604964971542355,-7.817967786827087,True,7,-8.099415216692213,0.2814474298651257,1
1.0,37,RGB,5,16.919439268112182,15.35320162284851,True,5,14.396923909196166,0.9562777136523444,1
1.0,38,RGB,1,9.380106997489928,8.006876258354186,True,3,7.65001533382348,0.3568609245307064,2
1.0,38,RGB,2,1.4804954767227172,0.3094947925186158,True,1,-0.00011884197075549416,0.3096136344893713,1
1.0,38,RGB,3,-15.113601279258727,-15.859793086509706,True,6,-15.74975450021323,0.11003858629647567,1
1.0,38,RGB,4,-6.865911304950714,-7.823243975543976,True,7,-8.099415216692213,0.2761712411482371,1
1.0,38,RGB,5,16.92262580394745,15.356306583366395,True,5,14.396923909196166,0.9593826741702287,1
1.0,39,RGB,1,9.379944133758546,8.006717563934327,True,3,7.65001533382348,0.3567022301108471,2
1.0,39,RGB,2,1.4616197347640991,0.2911022695541383,True,1,-0.00011884197075549416,0.2912211115248938,1
1.0,39,RGB,3,-15.258972787857056,-16.001443084487917,True,6,-15.74975450021323,0.251688584274687,1
1.0,39,RGB,4,-6.8766751170158384,-7.833732234020233,True,7,-8.099415216692213,0.2656829826719802,1
1.0,39,RGB,5,16.893377780914307,15.327807309722902,True,5,14.396923909196166,0.930883400526735,1
1.0,40,RGB,1,9.38199062347412,8.008711663513182,True,3,7.65001533382348,0.35869632968970233,2
1.0,40,RGB,2,1.4638356685638427,0.2932614754486085,True,1,-0.00011884197075549416,0.293380317419364,1
1.0,40,RGB,3,-15.207752966880799,-15.951534490928651,True,6,-15.74975450021323,0.20177999071542096,1
1.0,40,RGB,4,-6.876048338413239,-7.83312150094986,True,7,-8.099415216692213,0.2662937157423535,1
1.0,40,RGB,5,16.903583908081057,15.337752160034183,True,5,14.396923909196166,0.9408282508380168,1
1.0,41,RGB,1,9.367295050621033,7.994392297325136,True,3,7.65001533382348,0.3443769635016558,1
1.0,41,RGB,2,1.455750060081482,0.28538285854339596,True,1,-0.00011884197075549416,0.28550170051415147,1
1.0,41,RGB,3,-15.274981141090393,-16.01704162387848,True,6,-15.74975450021323,0.2672871236652501,1
1.0,41,RGB,4,-6.876957249641419,-7.834007144050599,True,7,-8.099415216692213,0.26540807264161437,1
1.0,41,RGB,5,16.891416835784913,15.325896564788819,True,5,14.396923909196166,0.9289726555926521,1
1.0,42,RGB,1,9.404722452163696,8.030861557388306,True,3,7.65001533382348,0.3808462235648262,2
1.0,42,RGB,2,1.4748380184173584,0.30398216514587406,True,1,-0.00011884197075549416,0.3041010071166296,1
1.0,42,RGB,3,-15.324219453334809,-16.06501943532944,True,6,-15.74975450021323,0.31526493511620934,1
1.0,42,RGB,4,-6.891531085968017,-7.848207890167236,True,7,-8.099415216692213,0.2512073265249768,1
1.0,42,RGB,5,16.90979905128479,15.343808195571897,True,5,14.396923909196166,0.946884286375731,1
1.0,43,RGB,1,9.375857734680176,8.002735776672363,True,3,7.65001533382348,0.3527204428488835,2
1.0,43,RGB,2,1.4413259267807006,0.27132798305511474,True,1,-0.00011884197075549416,0.27144682502587025,1
1.0,43,RGB,3,-15.260143268108369,-16.002583600444794,True,6,-15.74975450021323,0.2528291002315637,1
1.0,43,RGB,4,-6.899226808547974,-7.855706602249146,True,7,-8.099415216692213,0.2437086144430669,1
1.0,43,RGB,5,16.90390634536743,15.338066342926025,True,5,14.396923909196166,0.9411424337298584,1
1.0,44,RGB,1,9.37233395576477,7.999302206497192,True,3,7.65001533382348,0.34928687267371217,1
1.0,44,RGB,2,1.4433493852615356,0.2732996409988404,True,1,-0.00011884197075549416,0.2734184829695959,1
1.0,44,RGB,3,-15.113426899909973,-15.859623171272279,True,6,-15.74975450021323,0.10986867105904885,1
1.0,44,RGB,4,-6.872166752815247,-7.829339283943177,True,7,-8.099415216692213,0.2700759327490365,1
1.0,44,RGB,5,16.9085800409317,15.342620391883846,True,5,14.396923909196166,0.9456964826876799,1
1.0,45,RGB,1,9.390091037750244,8.016604707183838,True,3,7.65001533382348,0.366589373360358,2
1.0,45,RGB,2,1.4736371040344238,0.3028119941711427,True,1,-0.00011884197075549416,0.3029308361418982,1
1.0,45,RGB,3,-15.056014144420624,-15.803680182323458,True,6,-15.74975450021323,0.05392568211022741,1
1.0,45,RGB,4,-6.853916966915131,-7.811556692562104,True,7,-8.099415216692213,0.28785852413010904,1
1.0,45,RGB,5,16.88409948348999,15.318766536712646,True,5,14.396923909196166,0.9218426275164795,1
1.0,46,RGB,1,9.397903561592102,8.024217230415344,True,3,7.65001533382348,0.3742018965918641,2
1.0,46,RGB,2,1.4846904516220092,0.3135823760604859,True,1,-0.00011884197075549416,0.3137012180312414,1
1.0,46,RGB,3,-15.040903186798095,-15.788956065216066,True,6,-15.74975450021323,0.03920156500283589,1
1.0,46,RGB,4,-6.853869259357452,-7.811510206317902,True,7,-8.099415216692213,0.2879050103743115,1
1.0,46,RGB,5,16.901478195190432,15.335700353393557,True,5,14.396923909196166,0.9387764441973907,1
1.0,47,RGB,1,9.383089542388916,8.00978245010376,True,3,7.65001533382348,0.35976711628028024,2
1.0,47,RGB,2,1.4725381851196289,0.30174120758056633,True,1,-0.00011884197075549416,0.30186004955132184,1
1.0,47,RGB,3,-15.054763877391816,-15.802461922130586,True,6,-15.74975450021323,0.052707421917356,1
1.0,47,RGB,4,-6.867015159130096,-7.824319571056366,True,7,-8.099415216692213,0.2750956456358473,1
1.0,47,RGB,5,16.903927731513978,15.338087181587222,True,5,14.396923909196166,0.941163272391055,1
1.0,48,RGB,1,9.385789132118225,8.012412930335998,True,3,7.65001533382348,0.3623975965125181,2
1.0,48,RGB,2,1.458176565170288,0.28774724510192873,True,1,-0.00011884197075549416,0.28786608707268424,1
1.0,48,RGB,3,-15.034009444713593,-15.782238802928926,True,6,-15.74975450021323,0.032484302715696245,1
1.0,48,RGB,4,-6.839652407169342,-7.7976573055458065,True,7,-8.099415216692213,0.3017579111464066,1
1.0,48,RGB,5,16.906137084960935,15.340239975585936,True,5,14.396923909196166,0.9433160663897695,1
1.0,49,RGB,1,9.387490153312683,8.014070405387878,True,3,7.65001533382348,0.3640550715643984,2
1.0,49,RGB,2,1.4778567552566528,0.3069236223220826,True,1,-0.00011884197075549416,0.3070424642928381,1
1.0,49,RGB,3,-15.03251734972,-15.78078490556717,True,6,-15.74975450021323,0.031030405353940083,1
1.0,49,RGB,4,-6.841457891464233,-7.799416569442749,True,7,-8.099415216692213,0.29999864724946423,1
1.0,49,RGB,5,16.914045023918153,15.347945471305847,True,5,14.396923909196166,0.9510215621096805,1
1.0,50,RGB,1,9.390655303001404,8.017154527244568,True,3,7.65001533382348,0.3671391934210879,2
1.0,50,RGB,2,1.4683448553085328,0.29765522701263447,True,1,-0.00011884197075549416,0.29777406898339,1
1.0,50,RGB,3,-15.069964492321015,-15.817273401317598,True,6,-15.74975450021323,0.06751890110436776,1
1.0,50,RGB,4,-6.857851195335388,-7.815390204734802,True,7,-8.099415216692213,0.2840250119574108,1
1.0,50,RGB,5,16.902621531486513,15.33681442028046,True,5,14.396923909196166,0.9398905110842932,1
1.0,51,RGB,1,9.373625349998473,8.000560541038512,True,3,7.65001533382348,0.35054520721503213,2
1.0,51,RGB,2,1.4714491367340088,0.30068003883361816,True,1,-0.00011884197075549416,0.30079888080437367,1
1.0,51,RGB,3,-15.039445638656616,-15.787535830307009,True,6,-15.74975450021323,0.03778133009377882,1
1.0,51,RGB,4,-6.871780157089233,-7.828962585067749,True,7,-8.099415216692213,0.2704526316244644,1
1.0,51,RGB,5,16.90600547790527,15.340111737670897,True,5,14.396923909196166,0.9431878284747306,1
1.0,52,RGB,1,9.386134600639343,8.012749554862976,True,3,7.65001533382348,0.3627342210394966,2
1.0,52,RGB,2,1.4748314380645753,0.30397575325012216,True,1,-0.00011884197075549416,0.3040945952208777,1
1.0,52,RGB,3,-15.026683866977692,-15.775100759983063,True,6,-15.74975450021323,0.02534625976983307,1
1.0,52,RGB,4,-6.8400513410568236,-7.7980460267257685,True,7,-8.099415216692213,0.3013691899664446,1
1.0,52,RGB,5,16.90336511135101,15.337538964500427,True,5,14.396923909196166,0.94061505530426,1
1.0,53,RGB,1,9.384790563583374,8.01143992515564,True,3,7.65001533382348,0.36142459133216054,2
1.0,53,RGB,2,1.4639376640319823,0.2933608598327637,True,1,-0.00011884197075549416,0.29347970180351923,1
1.0,53,RGB,3,-15.050865018367768,-15.798662873897554,True,6,-15.74975450021323,0.048908373684323436,1
1.0,53,RGB,4,-6.8425691485404965,-7.80049937833786,True,7,-8.099415216692213,0.2989158383543531,1
1.0,53,RGB,5,16.897648429870603,15.331968630065917,True,5,14.396923909196166,0.935044720869751,1
1.0,54,RGB,1,9.378364849090577,8.005178708953858,True,3,7.65001533382348,0.35516337513037843,2
1.0,54,RGB,2,1.4973971128463746,0.3259637467575074,True,1,-0.00011884197075549416,0.3260825887282629,1
1.0,54,RGB,3,-15.059920406341552,-15.80748644393921,True,6,-15.74975450021323,0.05773194372597956,1
1.0,54,RGB,4,-6.855937957763672,-7.813525946044922,True,7,-8.099415216692213,0.2858892706472913,1
1.0,54,RGB,5,16.898095893859864,15.332404638977051,True,5,14.396923909196166,0.9354807297808847,1
1.0,55,RGB,1,9.379238390922547,8.006029888114929,True,3,7.65001533382348,0.35601455429144924,2
1.0,55,RGB,2,1.4826982498168946,0.31164117462158214,True,1,-0.00011884197075549416,0.31176001659233765,1
1.0,55,RGB,3,-15.096823024749757,-15.843444355316164,True,6,-15.74975450021323,0.0936898551029337,1
1.0,55,RGB,4,-6.862420427799225,-7.819842464847564,True,7,-8.099415216692213,0.2795727518446487,1
1.0,55,RGB,5,16.908056902885438,15.342110646171571,True,5,14.396923909196166,0.9451867369754048,1
1.0,56,RGB,1,9.372881770133972,7.999835996818542,True,3,7.65001533382348,0.34982066299506265,1
1.0,56,RGB,2,1.4641235589981079,0.2935419958877563,True,1,-0.00011884197075549416,0.2936608378585118,1
1.0,56,RGB,3,-15.19343740940094,-15.937585411720276,True,6,-15.74975450021323,0.18783091150704578,1
1.0,56,RGB,4,-6.87628687620163,-7.833353932170868,True,7,-8.099415216692213,0.2660612845213448,1
1.0,56,RGB,5,16.91122040748596,15.34519316505432,True,5,14.396923909196166,0.948269255858154,1
1.0,57,RGB,1,9.39750051498413,8.023824501800537,True,3,7.65001533382348,0.37380916797705677,2
1.0,57,RGB,2,1.498821759223938,0.3273519221878052,True,1,-0.00011884197075549416,0.3274707641585607,1
1.0,57,RGB,3,-15.11903418302536,-15.865086907939911,True,6,-15.74975450021323,0.1153324077266813,1
1.0,57,RGB,4,-6.869197368621826,-7.826445915985108,True,7,-8.099415216692213,0.27296930070710523,1
1.0,57,RGB,5,16.907775592803954,15.341836537628174,True,5,14.396923909196166,0.9449126284320073,1
1.0,58,RGB,1,9.395501732826233,8.021876888465881,True,3,7.65001533382348,0.37186155464240134,2
1.0,58,RGB,2,1.502381730079651,0.33082075778961184,True,1,-0.00011884197075549416,0.33093959976036735,1
1.0,58,RGB,3,-15.116493344306946,-15.862611114692688,True,6,-15.74975450021323,0.11285661447945827,1
1.0,58,RGB,4,-6.873389053344726,-7.830530293579102,True,7,-8.099415216692213,0.2688849231131112,1
1.0,58,RGB,5,16.894489860534666,15.32889092010498,True,5,14.396923909196166,0.9319670109088136,1
1.0,59,RGB,1,9.395723819732666,8.02209328994751,True,3,7.65001533382348,0.3720779561240297,2
1.0,59,RGB,2,1.5362820625305176,0.36385324172973643,True,1,-0.00011884197075549416,0.36397208370049194,1
1.0,59,RGB,3,-15.020110094547272,-15.768695276126863,True,6,-15.74975450021323,0.018940775913632635,1
1.0,59,RGB,4,-6.826434123516083,-7.784777409954071,True,7,-8.099415216692213,0.31463780673814234,1
1.0,59,RGB,5,16.90403137207031,15.33818816894531,True,5,14.396923909196166,0.9412642597491434,1
1.0,60,RGB,1,9.405505514144897,8.031624572982787,True,3,7.65001533382348,0.38160923915930756,2
1.0,60,RGB,2,1.519077730178833,0.34708934028625493,True,1,-0.00011884197075549416,0.34720818225701044,1
1.0,60,RGB,3,-15.078709781169891,-15.825794810771944,True,6,-15.74975450021323,0.07604031055871374,1
1.0,60,RGB,4,-6.8682136058807375,-7.82548733757019,True,7,-8.099415216692213,0.27392787912202277,1
1.0,60,RGB,5,16.90516154766083,15.339289412040712,True,5,14.396923909196166,0.9423655028445452,1
1.0,61,RGB,1,9.400103044509887,8.026360406570433,True,3,7.65001533382348,0.37634507274695306,2
1.0,61,RGB,2,1.486542820930481,0.3153873247146608,True,1,-0.00011884197075549416,0.3155061666854163,1
1.0,61,RGB,3,-15.18623274564743,-15.930565187358857,True,6,-15.74975450021323,0.18081068714562676,1
1.0,61,RGB,4,-6.892608618736267,-7.8492578380966185,True,7,-8.099415216692213,0.2501573785955946,1
1.0,61,RGB,5,16.92709221839905,15.360658657608033,True,5,14.396923909196166,0.9637347484118663,1
1.0,62,RGB,1,9.370957016944885,7.997960517311097,True,3,7.65001533382348,0.34794518348761727,1
1.0,62,RGB,2,1.4746422529220582,0.3037914112472535,True,1,-0.00011884197075549416,0.303910253218009,1
1.0,62,RGB,3,-15.077960443496703,-15.825064656143189,True,6,-15.74975450021323,0.07531015592995871,1
1.0,62,RGB,4,-6.849092745780945,-7.806855971488953,True,7,-8.099415216692213,0.29255924520326015,1
1.0,62,RGB,5,16.904904913902282,15.339039348106384,True,5,14.396923909196166,0.9421154389102178,1
1.0,63,RGB,1,9.384900784492492,8.011547324409484,True,3,7.65001533382348,0.3615319905860046,2
1.0,63,RGB,2,1.4949706077575684,0.3235993601989746,True,1,-0.00011884197075549416,0.32371820216973013,1
1.0,63,RGB,3,-15.078824937343597,-15.825907018947603,True,6,-15.74975450021323,0.07615251873437323,1
1.0,63,RGB,4,-6.828325152397156,-7.786620028495789,True,7,-8.099415216692213,0.31279518819642416,1
1.0,63,RGB,5,16.91779582500458,15.351600251884461,True,5,14.396923909196166,0.9546763426882947,1
1.0,64,RGB,1,9.380630135536194,8.007386004066467,True,3,7.65001533382348,0.35737067024298685,2
1.0,64,RGB,2,1.4655284643173219,0.2949109356307984,True,1,-0.00011884197075549416,0.2950297776015539,1
1.0,64,RGB,3,-15.126437902450562,-15.87230109214783,True,6,-15.74975450021323,0.12254659193459894,1
1.0,64,RGB,4,-6.868540155887604,-7.825805527896881,True,7,-8.099415216692213,0.2736096887953323,1
1.0,64,RGB,5,16.912531542778016,15.346470735282898,True,5,14.396923909196166,0.9495468260867312,1
1.0,65,RGB,1,9.378256273269653,8.005072912673949,True,3,7.65001533382348,0.3550575788504693,2
1.0,65,RGB,2,1.4712040185928346,0.300441195716858,True,1,-0.00011884197075549416,0.3005600376876135,1
1.0,65,RGB,3,-15.101031982898713,-15.847545564136507,True,6,-15.74975450021323,0.09779106392327641,1
1.0,65,RGB,4,-6.872659456729889,-7.829819374637604,True,7,-8.099415216692213,0.26959584205460896,1
1.0,65,RGB,5,16.918652915954592,15.352435401306154,True,5,14.396923909196166,0.9555114921099879,1
1.0,66,RGB,1,9.386896276474,8.013491731796265,True,3,7.65001533382348,0.36347639797278486,2
1.0,66,RGB,2,1.5051652193069458,0.33353298969268796,True,1,-0.00011884197075549416,0.3336518316634435,1
1.0,66,RGB,3,-15.203753757476807,-15.947637661285402,True,6,-15.74975450021323,0.19788316107217163,1
1.0,66,RGB,4,-6.884692454338074,-7.84154432750702,True,7,-8.099415216692213,0.2578708891851935,1
1.0,66,RGB,5,16.916170477867126,15.350016513633728,True,5,14.396923909196166,0.9530926044375612,1
1.0,67,RGB,1,9.38504226207733,8.01168518016815,True,3,7.65001533382348,0.3616698463446708,2
1.0,67,RGB,2,1.4850342750549317,0.31391739761352544,True,1,-0.00011884197075549416,0.31403623958428095,1
1.0,67,RGB,3,-15.157829475402831,-15.90288904083252,True,6,-15.74975450021323,0.15313454061928944,1
1.0,67,RGB,4,-6.877528095245362,-7.834563376007081,True,7,-8.099415216692213,0.26485184068513234,1
1.0,67,RGB,5,16.916652488708497,15.350486184997559,True,5,14.396923909196166,0.9535622758013922,1
1.0,68,RGB,1,9.372560977935791,7.999523416900636,True,3,7.65001533382348,0.349508083077156,1
1.0,68,RGB,2,1.4634819746017456,0.29291683605194097,True,1,-0.00011884197075549416,0.2930356780226965,1
1.0,68,RGB,3,-15.30696988105774,-16.048211452102663,True,6,-15.74975450021323,0.2984569518894329,1
1.0,68,RGB,4,-6.911919486522675,-7.868074347667695,True,7,-8.099415216692213,0.23134086902451845,1
1.0,68,RGB,5,16.901312041282655,15.335538453025817,True,5,14.396923909196166,0.9386145438296509,1
1.0,69,RGB,1,9.37599756717682,8.002872029457093,True,3,7.65001533382348,0.352856695633613,2
1.0,69,RGB,2,1.4507062196731568,0.2804681404495242,True,1,-0.00011884197075549416,0.2805869824202797,1
1.0,69,RGB,3,-15.202981388568878,-15.946885065021515,True,6,-15.74975450021323,0.19713056480828506,1
1.0,69,RGB,4,-6.887431526184082,-7.84421327911377,True,7,-8.099415216692213,0.2552019375784429,1
1.0,69,RGB,5,16.915681886672974,15.349540430374146,True,5,14.396923909196166,0.9526165211779798,1
1.0,70,RGB,1,9.381367135047913,8.008104136390687,True,3,7.65001533382348,0.3580888025672069,2
1.0,70,RGB,2,1.4458038568496705,0.27569127811431904,True,1,-0.00011884197075549416,0.27581012008507455,1
1.0,70,RGB,3,-15.30286374092102,-16.044210429153445,True,6,-15.74975450021323,0.29445592894021466,1
1.0,70,RGB,4,-6.898453617095948,-7.854953204498291,True,7,-8.099415216692213,0.24446201219392183,1
1.0,70,RGB,5,16.921260380744936,15.354976114997866,True,5,14.396923909196166,0.9580522058016996,1
1.0,71,RGB,1,9.39793152809143,8.024244480972289,True,3,7.65001533382348,0.3742291471488093,2
1.0,71,RGB,2,1.445897626876831,0.27578264762878435,True,1,-0.00011884197075549416,0.27590148959953986,1
1.0,71,RGB,3,-15.283147358894348,-16.024998786506654,True,6,-15.74975450021323,0.27524428629342346,1
1.0,71,RGB,4,-6.897549641132355,-7.854072370319367,True,7,-8.099415216692213,0.24534284637284642,1
1.0,71,RGB,5,16.90271530151367,15.33690578979492,True,5,14.396923909196166,0.9399818805987543,1
1.0,72,RGB,1,9.387263131141662,8.013849194984434,True,3,7.65001533382348,0.3638338611609546,2
1.0,72,RGB,2,1.44886372089386,0.2786728096389772,True,1,-0.00011884197075549416,0.27879165160973274,1
1.0,72,RGB,3,-15.318075048923493,-16.05903232767105,True,6,-15.74975450021323,0.3092778274578212,1
1.0,72,RGB,4,-6.88805912733078,-7.844824813671112,True,7,-8.099415216692213,0.25459040302110125,1
1.0,72,RGB,5,16.920962619781495,15.354685976715087,True,5,14.396923909196166,0.9577620675189209,1
1.0,73,RGB,1,9.39993360042572,8.026195300254821,True,3,7.65001533382348,0.37617996643134166,2
1.0,73,RGB,2,1.4450520515441894,0.2749587190246583,True,1,-0.00011884197075549416,0.2750775609954138,1
1.0,73,RGB,3,-15.251313257217408,-15.993979637832643,True,6,-15.74975450021323,0.2442251376194129,1
1.0,73,RGB,4,-6.908874428272247,-7.865107242908477,True,7,-8.099415216692213,0.2343079737837357,1
1.0,73,RGB,5,16.90228099822998,15.336482604675291,True,5,14.396923909196166,0.9395586954791249,1
1.0,74,RGB,1,9.409233283996581,8.035256911926268,True,3,7.65001533382348,0.3852415781027885,2
1.0,74,RGB,2,1.4651319980621338,0.2945246189117432,True,1,-0.00011884197075549416,0.2946434608824987,1
1.0,74,RGB,3,-15.243725287914277,-15.986585920543673,True,6,-15.74975450021323,0.2368314203304429,1
1.0,74,RGB,4,-6.9009607315063475,-7.857396136779785,True,7,-8.099415216692213,0.24201907991242777,1
1.0,74,RGB,5,16.90462853908539,15.338770048484806,True,5,14.396923909196166,0.9418461392886393,1
1.0,75,RGB,1,9.391568326950074,8.018044177780151,True,3,7.65001533382348,0.36802884395667146,2
1.0,75,RGB,2,1.4426765441894531,0.27264402465820314,True,1,-0.00011884197075549416,0.27276286662895866,1
1.0,75,RGB,3,-15.208776211738586,-15.952531540718079,True,6,-15.74975450021323,0.20277704050484857,1
1.0,75,RGB,4,-6.889218091964722,-7.8459541088104245,True,7,-8.099415216692213,0.25346110788178855,1
1.0,75,RGB,5,16.900257539749145,15.334510946731568,True,5,14.396923909196166,0.9375870375354012,1
1.0,76,RGB,1,9.391390657424926,8.017871056594847,True,3,7.65001533382348,0.3678557227713677,2
1.0,76,RGB,2,1.469662570953369,0.2989392091369629,True,1,-0.00011884197075549416,0.29905805110771844,1
1.0,76,RGB,3,-15.255031156539918,-15.997602358932497,True,6,-15.74975450021323,0.2478478587192665,1
1.0,76,RGB,4,-6.900228667259216,-7.85668281337738,True,7,-8.099415216692213,0.24273240331483326,1
1.0,76,RGB,5,16.90142061710358,15.335644249305728,True,5,14.396923909196166,0.9387203401095618,1
1.0,77,RGB,1,9.389386940002442,8.01591863433838,True,3,7.65001533382348,0.3659033005149004,2
1.0,77,RGB,2,1.4784210205078125,0.3074734423828127,True,1,-0.00011884197075549416,0.3075922843535682,1
1.0,77,RGB,3,-15.385767960548401,-16.12499230075836,True,6,-15.74975450021323,0.3752378005451309,1
1.0,77,RGB,4,-6.886549758911133,-7.843354085083008,True,7,-8.099415216692213,0.2560611316092052,1
1.0,77,RGB,5,16.910101747512815,15.344103142776488,True,5,14.396923909196166,0.9471792335803215,1
2.0,1,CSI,1,-22.382705316310975,-16.27020459103468,True,6,-15.74975450021323,0.5204500908214502,1
2.0,1,CSI,2,21.304422518102136,15.293745269328795,True,5,14.396923909196166,0.8968213601326287,1
2.0,1,CSI,3,-11.469518149771341,-8.385426863209794,True,7,-8.099415216692213,0.28601164651758104,1
2.0,1,CSI,4,10.84025759813262,7.733386114650818,True,3,7.65001533382348,0.08337078082733829,3
2.0,2,CSI,1,-22.410477801067074,-16.29027021127096,True,6,-15.74975450021323,0.540515711057731,1
2.0,2,CSI,2,-11.376786394817074,-8.318428170255336,True,7,-8.099415216692213,0.2190129535631229,1
2.0,2,CSI,3,21.29749130621189,15.288737468738091,True,5,14.396923909196166,0.8918135595419248,1
2.0,2,CSI,4,10.886703863376523,7.766943541289538,True,3,7.65001533382348,0.11692820746605825,3
2.0,3,CSI,1,-22.396037776295728,-16.279837293373664,True,6,-15.74975450021323,0.5300827931604335,1
2.0,3,CSI,2,-11.443740472560975,-8.366802491425304,True,7,-8.099415216692213,0.26738727473309076,1
2.0,3,CSI,3,21.29366842130335,15.285975434391673,True,5,14.396923909196166,0.8890515251955069,1
2.0,3,CSI,4,10.809236852134145,7.71097362566692,True,3,7.65001533382348,0.06095829184344037,3
2.0,3,CSI,5,-0.22686618711890244,-0.26261082019340704,True,1,-0.00011884197075549416,0.2624919782226515,1
2.0,4,CSI,1,-22.391714700838413,-16.276713871355756,True,6,-15.74975450021323,0.5269593711425262,1
2.0,4,CSI,2,-11.487277891577744,-8.398258276664919,True,7,-8.099415216692213,0.29884305997270566,1
2.0,4,CSI,3,21.305515196265247,15.294534729301644,True,5,14.396923909196166,0.8976108201054771,1
2.0,4,CSI,4,10.824305092416157,7.721860429270674,True,3,7.65001533382348,0.07184509544719386,3
2.0,5,CSI,1,-22.399711794969512,-16.282491771865473,True,6,-15.74975450021323,0.5327372716522429,1
2.0,5,CSI,2,-11.447170350609756,-8.369280578315548,True,7,-8.099415216692213,0.2698653616233351,1
2.0,5,CSI,3,21.292647198932926,15.28523760122904,True,5,14.396923909196166,0.8883136920328738,1
2.0,5,CSI,4,10.783962342797256,7.692712792671018,True,3,7.65001533382348,0.04269745884753817,3
2.0,6,CSI,1,-11.233984970464938,-8.215254141160917,True,7,-8.099415216692213,0.11583892446870436,1
2.0,6,CSI,2,-22.371340867949698,-16.261993777093657,True,6,-15.74975450021323,0.5122392768804271,1
2.0,6,CSI,3,21.295698956745426,15.287442496248572,True,5,14.396923909196166,0.890518587052405,1
2.0,6,CSI,4,10.726586318597562,7.651258615186738,True,3,7.65001533382348,0.0012432813632585749,3
2.0,7,CSI,1,-22.388144888528963,-16.274134681962177,True,6,-15.74975450021323,0.5243801817489473,1
2.0,7,CSI,2,-11.407187857278965,-8.340393226884052,True,7,-8.099415216692213,0.24097801019183862,1
2.0,7,CSI,3,21.285001429115855,15.279713532536206,True,5,14.396923909196166,0.8827896233400399,1
2.0,7,CSI,4,10.733922446646343,7.656558967701983,True,3,7.65001533382348,0.006543633878503208,3
2.0,8,CSI,1,-22.352542039824694,-16.248411623773343,True,6,-15.74975450021323,0.49865712356011294,1
2.0,8,CSI,2,21.25210794588415,15.2559479909013,True,5,14.396923909196166,0.8590240817051331,1
2.0,8,CSI,3,-11.229801829268293,-8.212231821646341,True,7,-8.099415216692213,0.11281660495412815,1
2.0,8,CSI,4,10.691043016387196,7.6255785793397495,True,3,7.65001533382348,0.024436754483730283,3
2.0,8,CSI,5,-0.2955828410823171,-0.3122586026819741,True,1,-0.00011884197075549416,0.3121397607112186,1
2.0,9,CSI,1,21.296026462461892,15.287679119128718,True,5,14.396923909196166,0.8907552099325518,1
2.0,9,CSI,2,-22.369101919778963,-16.260376137040303,True,6,-15.74975450021323,0.5106216368270733,1
2.0,9,CSI,3,-11.335550447789636,-8.288635198528011,True,7,-8.099415216692213,0.18921998183579802,1
2.0,9,CSI,4,10.76870653105945,7.681690468690453,True,3,7.65001533382348,0.03167513486697349,3
2.0,10,CSI,1,-22.404737519054876,-16.28612285751715,True,6,-15.74975450021323,0.5363683573039193,1
2.0,10,CSI,2,-11.56590010480183,-8.455062825719322,True,7,-8.099415216692213,0.355647609027109,1
2.0,10,CSI,3,21.294698575647864,15.286719720905584,True,5,14.396923909196166,0.8897958117094174,1
2.0,10,CSI,4,10.752253834794207,7.669803395638815,True,3,7.65001533382348,0.01978806181533521,3
2.0,11,CSI,1,-22.411368021150913,-16.290913395281535,True,6,-15.74975450021323,0.5411588950683051,1
2.0,11,CSI,2,21.3397842035061,15.319294087033159,True,5,14.396923909196166,0.9223701778369922,1
2.0,11,CSI,3,-11.456801995998475,-8.376239442108897,True,7,-8.099415216692213,0.27682422541668394,1
2.0,11,CSI,4,10.793037228467988,7.699269397568122,True,3,7.65001533382348,0.04925406374464192,3
2.0,12,CSI,1,21.323268983422253,15.30736184052258,True,5,14.396923909196166,0.9104379313264133,1
2.0,12,CSI,2,-22.38050507336128,-16.268614915503527,True,6,-15.74975450021323,0.5188604152902965,1
2.0,12,CSI,3,-11.571765434451219,-8.459300526391004,True,7,-8.099415216692213,0.3598853096987913,1
2.0,12,CSI,4,10.747195360137196,7.666148647699124,True,3,7.65001533382348,0.01613331387564454,3
2.0,13,CSI,1,-11.29297470464939,-8.257874224109184,True,7,-8.099415216692213,0.15845900741697072,1
2.0,13,CSI,2,21.30839724657012,15.296617010646914,True,5,14.396923909196166,0.8996931014507474,1
2.0,13,CSI,3,-22.338596250952744,-16.238335791313357,True,6,-15.74975450021323,0.48858129110012705,1
2.0,13,CSI,4,10.79812547637195,7.702945656678734,True,3,7.65001533382348,0.05293032285525445,3
2.0,13,CSI,5,-0.18285537347560973,-0.23081300733612803,True,1,-0.00011884197075549416,0.23069416536537254,1
2.0,14,CSI,1,-11.66538740948933,-8.52694240335604,True,7,-8.099415216692213,0.42752718666382705,1
2.0,14,CSI,2,-22.3607177734375,-16.254318591308596,True,6,-15.74975450021323,0.5045640910953662,1
2.0,14,CSI,3,21.326746498666157,15.3098743452863,True,5,14.396923909196166,0.9129504360901333,1
2.0,14,CSI,4,10.819764672256099,7.7185799757050315,True,3,7.65001533382348,0.06856464188155176,3
2.0,15,CSI,1,-11.543299233041157,-8.438733695872235,True,7,-8.099415216692213,0.33931847918002234,1
2.0,15,CSI,2,21.335639767530488,15.316299732040779,True,5,14.396923909196166,0.9193758228446125,1
2.0,15,CSI,3,-22.354355230564025,-16.24972165408251,True,6,-15.74975450021323,0.4999671538692798,1
2.0,15,CSI,4,10.837387457126525,7.731312437773915,True,3,7.65001533382348,0.0812971039504351,3
2.0,16,CSI,1,-22.4158935546875,-16.29418309326172,True,6,-15.74975450021323,0.5444285930484885,1
2.0,16,CSI,2,-11.661802710556401,-8.524352458376999,True,7,-8.099415216692213,0.42493724168478586,1
2.0,16,CSI,3,21.30856397675305,15.29673747320408,True,5,14.396923909196166,0.8998135640079141,1
2.0,16,CSI,4,10.818963771913111,7.718001325207223,True,3,7.65001533382348,0.06798599138374328,3
2.0,16,CSI,5,-0.23240103372713414,-0.26660974686785444,True,1,-0.00011884197075549416,0.2664909048970989,1
2.0,17,CSI,1,-22.425876524390244,-16.301395788871954,True,6,-15.74975450021323,0.5516412886587236,1
2.0,17,CSI,2,21.319371665396343,15.30454602824886,True,5,14.396923909196166,0.907622119052693,1
2.0,17,CSI,3,-11.629784560785062,-8.501219345167206,True,7,-8.099415216692213,0.4018041284749927,1
2.0,17,CSI,4,10.806384575076219,7.708912855492569,True,3,7.65001533382348,0.05889752166908924,3
2.0,18,CSI,1,-22.430934999047256,-16.305050536811645,True,6,-15.74975450021323,0.5552960365984152,1
2.0,18,CSI,2,-11.733047113185975,-8.575826539276866,True,7,-8.099415216692213,0.4764113225846529,1
2.0,18,CSI,3,21.33124225895579,15.31312253209556,True,5,14.396923909196166,0.9161986228993939,1
2.0,18,CSI,4,10.831114233993901,7.726780034060594,True,3,7.65001533382348,0.07676470023711435,3
2.0,18,CSI,5,-0.20818347465701217,-0.24911256043969132,True,1,-0.00011884197075549416,0.24899371846893584,1
2.0,19,CSI,1,-11.593717249428355,-8.475160712711986,True,7,-8.099415216692213,0.37574549601977303,1
2.0,19,CSI,2,-22.405937380907012,-16.286989757705317,True,6,-15.74975450021323,0.5372352574920871,1
2.0,19,CSI,3,21.287046851181405,15.281191349978567,True,5,14.396923909196166,0.8842674407824003,1
2.0,19,CSI,4,10.84645936547256,7.737866891553925,True,3,7.65001533382348,0.0878515577304455,3
2.0,19,CSI,5,-0.22100681211890244,-0.258377421755907,True,1,-0.00011884197075549416,0.2582585797851515,1
2.0,20,CSI,1,-11.624749904725608,-8.49758180616425,True,7,-8.099415216692213,0.3981665894720372,1
2.0,20,CSI,2,-22.415652391387194,-16.29400885277725,True,6,-15.74975450021323,0.5442543525640193,1
2.0,20,CSI,3,21.309909727515244,15.297709778129764,True,5,14.396923909196166,0.9007858689335979,1
2.0,20,CSI,4,10.83049197313262,7.726330450588319,True,3,7.65001533382348,0.07631511676483882,3
2.0,21,CSI,1,-11.555568788109756,-8.447598449409298,True,7,-8.099415216692213,0.3481832327170853,1
2.0,21,CSI,2,21.32136945026677,15.305989427817742,True,5,14.396923909196166,0.9090655186215759,1
2.0,21,CSI,3,-22.37137064119665,-16.26201528826458,True,6,-15.74975450021323,0.5122607880513481,1
2.0,21,CSI,4,10.855808165015244,7.744621399223514,True,3,7.65001533382348,0.09460606540003447,3
2.0,21,CSI,5,-0.2137064119664634,-0.2531028826457698,True,1,-0.00011884197075549416,0.2529840406750143,1
2.0,22,CSI,1,-22.368545160060975,-16.259973878144056,True,6,-15.74975450021323,0.5102193779308255,1
2.0,22,CSI,2,-11.543352824885671,-8.438772415979898,True,7,-8.099415216692213,0.3393571992876847,1
2.0,22,CSI,3,21.28750833650915,15.281524773127861,True,5,14.396923909196166,0.8846008639316949,1
2.0,22,CSI,4,10.819097751524392,7.718098125476374,True,3,7.65001533382348,0.06808279165289388,3
2.0,23,CSI,1,-11.635536752096037,-8.505375303389386,True,7,-8.099415216692213,0.40596008669717243,1
2.0,23,CSI,2,21.32126524390244,15.305914138719515,True,5,14.396923909196166,0.908990229523349,1
2.0,23,CSI,3,-22.381990758384145,-16.269688322932545,True,6,-15.74975450021323,0.5199338227193149,1
2.0,23,CSI,4,10.823706650152438,7.721428054735137,True,3,7.65001533382348,0.07141272091165707,3
2.0,24,CSI,1,-22.402811189977136,-16.284731084758484,True,6,-15.74975450021323,0.5349765845452534,1
2.0,24,CSI,2,21.355593797637194,15.330716518792874,True,5,14.396923909196166,0.9337926095967077,1
2.0,24,CSI,3,-11.313277081745428,-8.272542691561071,True,7,-8.099415216692213,0.17312747486885804,1
2.0,24,CSI,4,10.822084008193597,7.7202556959198745,True,3,7.65001533382348,0.07024036209639473,3
2.0,25,CSI,1,-11.516893340320122,-8.419655438381287,True,7,-8.099415216692213,0.3202402216890743,1
2.0,25,CSI,2,-22.399548042111277,-16.2823734604254,True,6,-15.74975450021323,0.5326189602121705,1
2.0,25,CSI,3,21.36210818407012,15.335423162990663,True,5,14.396923909196166,0.9384992537944967,1
2.0,25,CSI,4,10.830051329077744,7.72601208525867,True,3,7.65001533382348,0.07599675143519047,3
2.0,26,CSI,1,-22.388463462271343,-16.274364851491047,True,6,-15.74975450021323,0.5246103512778166,1
2.0,26,CSI,2,-11.524027010289634,-8.42480951493426,True,7,-8.099415216692213,0.32539429824204724,1
2.0,26,CSI,3,21.322438309832318,15.306761678853851,True,5,14.396923909196166,0.9098377696576847,1
2.0,26,CSI,4,10.815274866615853,7.715336091129954,True,3,7.65001533382348,0.06532075730647424,3
2.0,27,CSI,1,-11.473683427019816,-8.388436276021817,True,7,-8.099415216692213,0.2890210593296043,1
2.0,27,CSI,2,21.36062547637195,15.334351906678735,True,5,14.396923909196166,0.937427997482569,1
2.0,27,CSI,3,-22.361244759908537,-16.25469933903392,True,6,-15.74975450021323,0.5049448388206894,1
2.0,27,CSI,4,10.816745665015244,7.716398742973514,True,3,7.65001533382348,0.06638340915003393,3
2.0,28,CSI,1,-11.538136552019818,-8.435003658834319,True,7,-8.099415216692213,0.3355884421421056,1
2.0,28,CSI,2,21.352738543254574,15.32865359750143,True,5,14.396923909196166,0.9317296883052641,1
2.0,28,CSI,3,-22.391604539824694,-16.276634280023345,True,6,-15.74975450021323,0.5268797798101144,1
2.0,28,CSI,4,10.844387147484756,7.736369714057736,True,3,7.65001533382348,0.08635438023425657,3
2.0,29,CSI,1,21.352589677019814,15.328546041646817,True,5,14.396923909196166,0.9316221324506504,1
2.0,29,CSI,2,-11.539836604420731,-8.436231946693978,True,7,-8.099415216692213,0.3368167300017646,1
2.0,29,CSI,3,-22.384450028582318,-16.271465145650726,True,6,-15.74975450021323,0.521710645437496,1
2.0,29,CSI,4,10.81444121570122,7.714733778344132,True,3,7.65001533382348,0.06471844452065234,3
2.0,30,CSI,1,21.301885837461892,15.29191251756622,True,5,14.396923909196166,0.8949886083700527,1
2.0,30,CSI,2,-22.38654011051829,-16.272975229849465,True,6,-15.74975450021323,0.5232207296362343,1
2.0,30,CSI,3,-11.309900795541159,-8.270103324778487,True,7,-8.099415216692213,0.17068810808627433,1
2.0,30,CSI,4,10.812098061166157,7.713040849192549,True,3,7.65001533382348,0.06302551536906886,3
2.0,31,CSI,1,-22.415780416349087,-16.294101350812216,True,6,-15.74975450021323,0.5443468505989859,1
2.0,31,CSI,2,21.313789181592988,15.300512683700935,True,5,14.396923909196166,0.9035887745047688,1
2.0,31,CSI,3,-11.703023770960366,-8.554134674518863,True,7,-8.099415216692213,0.45471945782665024,1
2.0,31,CSI,4,10.861599061547256,7.748805321967893,True,3,7.65001533382348,0.09878998814441342,3
2.0,32,CSI,1,-22.410921422446645,-16.290590727717703,True,6,-15.74975450021323,0.5408362275044727,1
2.0,32,CSI,2,-11.401495212461889,-8.336280291003714,True,7,-8.099415216692213,0.23686507431150083,1
2.0,32,CSI,3,21.32051495807927,15.305372057212272,True,5,14.396923909196166,0.908448148016106,1
2.0,32,CSI,4,10.892691263338413,7.771269437762004,True,3,7.65001533382348,0.12125410393852398,3
2.0,33,CSI,1,-11.430932021722562,-8.35754838569455,True,7,-8.099415216692213,0.2581331690023365,1
2.0,33,CSI,2,-22.4095458984375,-16.289596911621096,True,6,-15.74975450021323,0.5398424114078662,1
2.0,33,CSI,3,21.31428341749238,15.300869769138245,True,5,14.396923909196166,0.9039458599420787,1
2.0,33,CSI,4,10.807521913109756,7.709734582221799,True,3,7.65001533382348,0.0597192483983191,3
2.0,33,CSI,5,-0.22314453125,-0.259921923828125,True,1,-0.00011884197075549416,0.2598030818573695,1
2.0,34,CSI,1,21.357722584794207,15.332254567513816,True,5,14.396923909196166,0.9353306583176497,1
2.0,34,CSI,2,-11.54982255144817,-8.443446793421302,True,7,-8.099415216692213,0.3440315767290887,1
2.0,34,CSI,3,-22.399637361852136,-16.28243799393817,True,6,-15.74975450021323,0.5326834937249405,1
2.0,34,CSI,4,10.789467416158535,7.696690208174542,True,3,7.65001533382348,0.0466748743510621,3
2.0,34,CSI,5,-0.25141720655487804,-0.28034893173589936,True,1,-0.00011884197075549416,0.28023008976514385,1
2.0,35,CSI,1,-11.44265672637195,-8.366019484803735,True,7,-8.099415216692213,0.2666042681115215,1
2.0,35,CSI,2,21.330494950457318,15.312582601705413,True,5,14.396923909196166,0.9156586925092469,1
2.0,35,CSI,3,-22.386114353086892,-16.27266762010528,True,6,-15.74975450021323,0.5229131198920509,1
2.0,35,CSI,4,10.81751083746189,7.716951580066216,True,3,7.65001533382348,0.06693624624273653,3
2.0,36,CSI,1,-11.377932664824694,-8.319256350335841,True,7,-8.099415216692213,0.21984113364362834,1
2.0,36,CSI,2,21.33071229516006,15.312739633253143,True,5,14.396923909196166,0.9158157240569764,1
2.0,36,CSI,3,10.850544254954269,7.740818224204459,True,3,7.65001533382348,0.09080289038097966,3
2.0,36,CSI,4,-22.333749166349083,-16.234833772687214,True,6,-15.74975450021323,0.48507927247398364,1
2.0,36,CSI,5,-0.2028659727515244,-0.24527066531297637,True,1,-0.00011884197075549416,0.24515182334222088,1
2.0,37,CSI,1,21.353896722560975,15.329490382050306,True,5,14.396923909196166,0.9325664728541394,1
2.0,37,CSI,2,-11.51231123761433,-8.416344869176353,True,7,-8.099415216692213,0.3169296524841396,1
2.0,37,CSI,3,-22.368720822217988,-16.260100794052498,True,6,-15.74975450021323,0.5103462938392678,1
2.0,37,CSI,4,10.822810475419207,7.720780568490377,True,3,7.65001533382348,0.07076523466689721,3
2.0,38,CSI,1,21.355552115091463,15.330686403153583,True,5,14.396923909196166,0.933762493957417,1
2.0,38,CSI,2,-11.481168421303353,-8.393844184391673,True,7,-8.099415216692213,0.29442896769946003,1
2.0,38,CSI,3,-22.377709365472562,-16.26659501655393,True,6,-15.74975450021323,0.5168405163406984,1
2.0,38,CSI,4,10.763651033727136,7.678037871867856,True,3,7.65001533382348,0.028022538044376155,3
2.0,38,CSI,5,-0.22870915110518292,-0.26394236167349466,True,1,-0.00011884197075549416,0.26382351970273915,1
2.0,39,CSI,1,21.309135623094512,15.297150487685787,True,5,14.396923909196166,0.9002265784896206,1
2.0,39,CSI,2,-11.2996826171875,-8.262720690917968,True,7,-8.099415216692213,0.16330547422575492,1
2.0,39,CSI,3,-22.38773997237043,-16.273842130037636,True,6,-15.74975450021323,0.5240876298244057,1
2.0,39,CSI,4,10.803651391006097,7.706938130001905,True,3,7.65001533382348,0.05692279617842555,3
2.0,39,CSI,5,-0.2169725371570122,-0.2554626580959413,True,1,-0.00011884197075549416,0.2553438161251858,1
2.0,40,CSI,1,-11.594839700838415,-8.475971683855754,True,7,-8.099415216692213,0.37655646716354063,1
2.0,40,CSI,2,21.346882145579265,15.32442235018102,True,5,14.396923909196166,0.9274984409848539,1
2.0,40,CSI,3,-22.381204744664632,-16.269120428020198,True,6,-15.74975450021323,0.5193659278069678,1
2.0,40,CSI,4,10.866097799161585,7.752055659894245,True,3,7.65001533382348,0.10204032607076563,3
2.0,40,CSI,5,-0.24090725038109756,-0.27275548840034297,True,1,-0.00011884197075549416,0.27263664642958746,1
2.0,41,CSI,1,-11.705140648818597,-8.555664118771436,True,7,-8.099415216692213,0.4562489020792224,1
2.0,41,CSI,2,21.350291182355182,15.326885379251621,True,5,14.396923909196166,0.9299614700554546,1
2.0,41,CSI,3,-22.396204506478657,-16.27995775593083,True,6,-15.74975450021323,0.5302032557176002,1
2.0,41,CSI,4,10.81863328887195,7.717762551209985,True,3,7.65001533382348,0.06774721738650502,3
2.0,41,CSI,5,-0.2612513100228659,-0.28745407149152064,True,1,-0.00011884197075549416,0.2873352295207651,1
2.0,42,CSI,1,-11.474010932736281,-8.388672898901962,True,7,-8.099415216692213,0.28925768220974923,1
2.0,42,CSI,2,21.349695717416157,15.326455155833175,True,5,14.396923909196166,0.9295312466370085,1
2.0,42,CSI,3,-22.353494783727132,-16.249099981242853,True,6,-15.74975450021323,0.4993454810296232,1
2.0,42,CSI,4,10.852771293826219,7.7424272597894435,True,3,7.65001533382348,0.0924119259659637,3
2.0,42,CSI,5,-0.2523193359375,-0.28100072021484374,True,1,-0.00011884197075549416,0.2808818782440882,1
2.0,43,CSI,1,-11.580459222560975,-8.465581788300304,True,7,-8.099415216692213,0.3661665716080904,1
2.0,43,CSI,2,21.34681366711128,15.324372874487903,True,5,14.396923909196166,0.9274489652917364,1
2.0,43,CSI,3,-22.353852062690546,-16.24935811529392,True,6,-15.74975450021323,0.49960361508068907,1
2.0,43,CSI,4,10.813417016006097,7.713993794064406,True,3,7.65001533382348,0.0639784602409259,3
2.0,43,CSI,5,-0.27826076600609756,-0.2997434034394055,True,1,-0.00011884197075549416,0.29962456146864996,1
2.0,44,CSI,1,-11.307911942644818,-8.26866637856088,True,7,-8.099415216692213,0.16925116186866696,1
2.0,44,CSI,2,21.32391804020579,15.307830784048685,True,5,14.396923909196166,0.9109068748525182,1
2.0,44,CSI,3,10.817049352134147,7.716618156916922,True,3,7.65001533382348,0.0666028230934419,3
2.0,44,CSI,4,-22.327615877477136,-16.230402471477234,True,6,-15.74975450021323,0.4806479712640037,1
2.0,44,CSI,5,-0.2581221417682927,-0.28519324742759145,True,1,-0.00011884197075549416,0.28507440545683593,1
2.0,45,CSI,1,-11.373246355754574,-8.31587049203268,True,7,-8.099415216692213,0.2164552753404667,1
2.0,45,CSI,2,21.35653463224085,15.331396271794016,True,5,14.396923909196166,0.9344723625978499,1
2.0,45,CSI,3,-22.361643721417682,-16.254987588724276,True,6,-15.74975450021323,0.5052330885110461,1
2.0,45,CSI,4,10.785579030106707,7.693880849252096,True,3,7.65001533382348,0.0438655154286165,3
2.0,45,CSI,5,-0.24795457793445122,-0.277847182557641,True,1,-0.00011884197075549416,0.2777283405868855,1
2.0,46,CSI,1,21.35781488185976,15.332321252143679,True,5,14.396923909196166,0.9353973429475122,1
2.0,46,CSI,2,-11.192007669588415,-8.184925541277629,True,7,-8.099415216692213,0.08551032458541563,1
2.0,46,CSI,3,-22.35061868807165,-16.247022002131768,True,6,-15.74975450021323,0.49726750191853775,1
2.0,46,CSI,4,10.803964010099085,7.707163997296589,True,3,7.65001533382348,0.057148663473109096,3
2.0,46,CSI,5,-0.25528772865853655,-0.28314538395579264,True,1,-0.00011884197075549416,0.28302654198503713,1
2.0,47,CSI,1,-11.323343416539636,-8.279815618449886,True,7,-8.099415216692213,0.18040040175767302,1
2.0,47,CSI,2,-22.35489114900915,-16.250108855159112,True,6,-15.74975450021323,0.5003543549458822,1
2.0,47,CSI,3,21.34397627667683,15.322322859899012,True,5,14.396923909196166,0.9253989507028457,1
2.0,47,CSI,4,10.838682593368903,7.732248173709032,True,3,7.65001533382348,0.08223283988555252,3
2.0,47,CSI,5,-0.25220322027439024,-0.28091682664824696,True,1,-0.00011884197075549416,0.28079798467749145,1
2.0,48,CSI,1,-11.598406535823171,-8.47854872213224,True,7,-8.099415216692213,0.3791335054400271,1
2.0,48,CSI,2,-22.36691358612805,-16.258795065977516,True,6,-15.74975450021323,0.5090405657642858,1
2.0,48,CSI,3,21.361277510480182,15.334823001321933,True,5,14.396923909196166,0.9378990921257664,1
2.0,48,CSI,4,10.872906940739329,7.756975264684165,True,3,7.65001533382348,0.10695993086068523,3
2.0,48,CSI,5,-0.2735774342606707,-0.2963596962533346,True,1,-0.00011884197075549416,0.29624085428257907,1
2.0,49,CSI,1,-11.415959055830793,-8.346730417837747,True,7,-8.099415216692213,0.2473152011455344,1
2.0,49,CSI,2,-22.364856254763723,-16.257308644066793,True,6,-15.74975450021323,0.5075541438535627,1
2.0,49,CSI,3,21.31824921398628,15.30373505710509,True,5,14.396923909196166,0.9068111479089236,1
2.0,49,CSI,4,10.816543206935975,7.716252467011242,True,3,7.65001533382348,0.06623713318776225,3
2.0,49,CSI,5,-0.24794564596036586,-0.2778407292063643,True,1,-0.00011884197075549416,0.2777218872356088,1
2.0,50,CSI,1,-11.481972298971037,-8.394424986006573,True,7,-8.099415216692213,0.29500976931436007,1
2.0,50,CSI,2,21.320610232469512,15.305440892959224,True,5,14.396923909196166,0.9085169837630573,1
2.0,50,CSI,3,-22.350514481707314,-16.246946713033537,True,6,-15.74975450021323,0.49719221282030723,1
2.0,50,CSI,4,10.895641792111281,7.7734011948004005,True,3,7.65001533382348,0.12338586097692072,3
2.0,50,CSI,5,-0.23685511147103658,-0.2698278180378239,True,1,-0.00011884197075549416,0.2697089760670684,1
2.0,51,CSI,1,-11.453041634908537,-8.373522581221417,True,7,-8.099415216692213,0.27410736452920403,1
2.0,51,CSI,2,21.330277605754574,15.312425570157682,True,5,14.396923909196166,0.9155016609615156,1
2.0,51,CSI,3,-22.381832960175302,-16.269574313726658,True,6,-15.74975450021323,0.5198198135134273,1
2.0,51,CSI,4,10.795058831935975,7.7007300060737425,True,3,7.65001533382348,0.050714672250262716,3
2.0,51,CSI,5,-0.25885158631859756,-0.2857202711151867,True,1,-0.00011884197075549416,0.2856014291444312,1
2.0,52,CSI,1,-11.505972513338413,-8.411765140887002,True,7,-8.099415216692213,0.31234992419478935,1
2.0,52,CSI,2,21.336830697408537,15.31716017887767,True,5,14.396923909196166,0.920236269681503,1
2.0,52,CSI,3,-22.3692031488186,-16.26044927502144,True,6,-15.74975450021323,0.5106947748082096,1
2.0,52,CSI,4,10.812383884336892,7.7132473564334045,True,3,7.65001533382348,0.06323202260992478,3
2.0,52,CSI,5,-0.23405940358231708,-0.2678079190882241,True,1,-0.00011884197075549416,0.2676890771174686,1
2.0,53,CSI,1,-11.410349776105182,-8.342677713235993,True,7,-8.099415216692213,0.24326249654377996,1
2.0,53,CSI,2,21.328559689405488,15.311184375595467,True,5,14.396923909196166,0.9142604663993001,1
2.0,53,CSI,3,-22.373940072408537,-16.26387170231517,True,6,-15.74975450021323,0.5141172021019411,1
2.0,53,CSI,4,10.809823385099085,7.711397395734089,True,3,7.65001533382348,0.06138206191060913,3
2.0,53,CSI,5,-0.2612453553734756,-0.2874497692573361,True,1,-0.00011884197075549416,0.2873309272865806,1
2.0,54,CSI,1,-11.25953339367378,-8.233712876929305,True,7,-8.099415216692213,0.13429766023709178,1
2.0,54,CSI,2,21.33375214367378,15.314935923804308,True,5,14.396923909196166,0.9180120146081414,1
2.0,54,CSI,3,-22.341287752477132,-16.24028040116473,True,6,-15.74975450021323,0.4905259009514982,1
2.0,54,CSI,4,10.824209818025913,7.721791593523723,True,3,7.65001533382348,0.07177625970024337,3
2.0,54,CSI,5,-0.23949004382621952,-0.2717315566644436,True,1,-0.00011884197075549416,0.2716127146936881,1
2.0,55,CSI,1,-11.613057950647864,-8.48913436934308,True,7,-8.099415216692213,0.38971915265086743,1
2.0,55,CSI,2,21.342038038300302,15.32092248267197,True,5,14.396923909196166,0.9239985734758029,1
2.0,55,CSI,3,-22.385093130716463,-16.271929786942646,True,6,-15.74975450021323,0.522175286729416,1
2.0,55,CSI,4,10.811240591653963,7.712421327469989,True,3,7.65001533382348,0.06240599364650912,3
2.0,55,CSI,5,-0.2537722703887195,-0.2820504653558499,True,1,-0.00011884197075549416,0.28193162338509437,1
2.0,56,CSI,1,-11.531247022675304,-8.430025973882907,True,7,-8.099415216692213,0.3306107571906942,1
2.0,56,CSI,2,21.316191882621954,15.302248635194363,True,5,14.396923909196166,0.9053247259981969,1
2.0,56,CSI,3,-22.356975276295728,-16.251614637123666,True,6,-15.74975450021323,0.5018601369104356,1
2.0,56,CSI,4,10.807408774771341,7.7096528397722945,True,3,7.65001533382348,0.059637505948814784,3
2.0,56,CSI,5,-0.24995534012957316,-0.2792927332436166,True,1,-0.00011884197075549416,0.2791738912728611,1
2.0,57,CSI,1,-11.4952392578125,-8.404010363769531,True,7,-8.099415216692213,0.3045951470773183,1
2.0,57,CSI,2,21.28585592130335,15.280330903141673,True,5,14.396923909196166,0.8834069939455063,1
2.0,57,CSI,3,-22.390955483041157,-16.276165336497236,True,6,-15.74975450021323,0.5264108362840059,1
2.0,57,CSI,4,10.81701064691311,7.7165901923947215,True,3,7.65001533382348,0.06657485857124179,3
2.0,57,CSI,5,-0.2189256621570122,-0.2568737909084413,True,1,-0.00011884197075549416,0.2567549489376858,1
2.0,58,CSI,1,-11.440399914253048,-8.364388938047826,True,7,-8.099415216692213,0.2649737213556129,1
2.0,58,CSI,2,21.323346393864327,15.307417769566978,True,5,14.396923909196166,0.9104938603708117,1
2.0,58,CSI,3,-22.388377119855182,-16.27430246909537,True,6,-15.74975450021323,0.5245479688821408,1
2.0,58,CSI,4,10.797265029535062,7.702323983839083,True,3,7.65001533382348,0.05230865001560314,3
2.0,58,CSI,5,-0.2750244140625,-0.29740513916015626,True,1,-0.00011884197075549416,0.29728629718940075,1
2.0,59,CSI,1,-11.467690072408537,-8.384106077315167,True,7,-8.099415216692213,0.2846908606229537,1
2.0,59,CSI,2,21.321664205411587,15.306202388409872,True,5,14.396923909196166,0.9092784792137056,1
2.0,59,CSI,3,-22.362066501524392,-16.255293047351376,True,6,-15.74975450021323,0.5055385471381459,1
2.0,59,CSI,4,10.805530082888719,7.7082954848871,True,3,7.65001533382348,0.05828015106362017,3
2.0,59,CSI,5,-0.24604909012957316,-0.2764704676186166,True,1,-0.00011884197075549416,0.2763516256478611,1
2.0,60,CSI,1,-11.424161585365853,-8.35265674542683,True,7,-8.099415216692213,0.25324152873461614,1
2.0,60,CSI,2,21.333350204839938,15.314645522996857,True,5,14.396923909196166,0.9177216138006905,1
2.0,60,CSI,3,-22.38468821455793,-16.271637235018105,True,6,-15.74975450021323,0.5218827348048745,1
2.0,60,CSI,4,10.850246522484756,7.740603112495236,True,3,7.65001533382348,0.0905877786717566,3
2.0,60,CSI,5,-0.2470703125,-0.27720830078125,True,1,-0.00011884197075549416,0.2770894588104945,1
2.0,61,CSI,1,-11.399434903772864,-8.334791717975893,True,7,-8.099415216692213,0.23537650128367993,1
2.0,61,CSI,2,21.361024437881095,15.334640156369092,True,5,14.396923909196166,0.9377162471729257,1
2.0,61,CSI,3,-22.356177353277438,-16.25103813774295,True,6,-15.74975450021323,0.5012836375297187,1
2.0,61,CSI,4,10.84255907012195,7.73504892816311,True,3,7.65001533382348,0.08503359433963009,3
2.0,61,CSI,5,-0.24265493997713414,-0.27401819413347944,True,1,-0.00011884197075549416,0.27389935216272393,1
2.0,62,CSI,1,-11.547521079458843,-8.441783979909014,True,7,-8.099415216692213,0.34236876321680043,1
2.0,62,CSI,2,21.325752072217988,15.309155872177497,True,5,14.396923909196166,0.9122319629813305,1
2.0,62,CSI,3,-22.346804735137194,-16.244266421136626,True,6,-15.74975450021323,0.49451192092339546,1
2.0,62,CSI,4,10.799441453887194,7.703896450433498,True,3,7.65001533382348,0.053881116610018154,3
2.0,62,CSI,5,-0.26401724466463417,-0.2894524592701982,True,1,-0.00011884197075549416,0.2893336172994427,1
2.0,63,CSI,1,-11.767074957126525,-8.600411656523914,True,7,-8.099415216692213,0.5009964398317006,1
2.0,63,CSI,2,21.32638624237805,15.309614060118141,True,5,14.396923909196166,0.9126901509219749,1
2.0,63,CSI,3,-22.386203672827744,-16.272732153618048,True,6,-15.74975450021323,0.5229776534048174,1
2.0,63,CSI,4,10.826418992949696,7.723387722406156,True,3,7.65001533382348,0.07337238858267625,3
2.0,63,CSI,5,-0.23224919016768292,-0.2665000398961509,True,1,-0.00011884197075549416,0.2663811979253954,1
2.0,64,CSI,1,-11.710961318597562,-8.559869552686738,True,7,-8.099415216692213,0.460454335994525,1
2.0,64,CSI,2,-22.382077100800302,-16.26975070532822,True,6,-15.74975450021323,0.5199962051149907,1
2.0,64,CSI,3,21.300400152439025,15.290839110137197,True,5,14.396923909196166,0.8939152009410307,1
2.0,64,CSI,4,10.784462533346037,7.693074180342512,True,3,7.65001533382348,0.043058846519032024,3
2.0,64,CSI,5,-0.23049256859756095,-0.2652308808117378,True,1,-0.00011884197075549416,0.2651120388409823,1
2.0,65,CSI,1,-11.745665015243903,-8.58494297351372,True,7,-8.099415216692213,0.4855277568215062,1
2.0,65,CSI,2,21.306292278010673,15.295096170862713,True,5,14.396923909196166,0.8981722616665468,1
2.0,65,CSI,3,-22.360583793826223,-16.25422179103945,True,6,-15.74975450021323,0.5044672908262182,1
2.0,65,CSI,4,10.822069121570122,7.720244940334413,True,3,7.65001533382348,0.07022960651093335,3
2.0,65,CSI,5,-0.23495260099085366,-0.2684532542158918,True,1,-0.00011884197075549416,0.26833441224513627,1
2.0,66,CSI,1,-11.707900628810977,-8.557658204315931,True,7,-8.099415216692213,0.4582429876237182,1
2.0,66,CSI,2,-22.364877096036583,-16.25732370188643,True,6,-15.74975450021323,0.507569201673201,1
2.0,66,CSI,3,21.271657059832314,15.270072225728848,True,5,14.396923909196166,0.8731483165326814,1
2.0,66,CSI,4,10.742976491044207,7.6631005147794395,True,3,7.65001533382348,0.013085180955959785,3
2.0,66,CSI,5,-0.24552805830792682,-0.27609402212747713,True,1,-0.00011884197075549416,0.2759751801567216,1
2.0,67,CSI,1,-11.775441239519818,-8.606456295553068,True,7,-8.099415216692213,0.5070410788608548,1
2.0,67,CSI,2,21.285513528963413,15.280083524676067,True,5,14.396923909196166,0.8831596154799009,1
2.0,67,CSI,3,-22.386885480182926,-16.273224759432164,True,6,-15.74975450021323,0.523470259218934,1
2.0,67,CSI,4,10.781690644054878,7.69107149032965,True,3,7.65001533382348,0.041056156506170005,3
2.0,67,CSI,5,-0.24975883669969512,-0.2791507595155297,True,1,-0.00011884197075549416,0.2790319175447742,1
2.0,68,CSI,1,-11.447447241806403,-8.369480632205125,True,7,-8.099415216692213,0.27006541551291185,1
2.0,68,CSI,2,21.347930163871954,15.32517954339749,True,5,14.396923909196166,0.9282556342013226,1
2.0,68,CSI,3,-22.368178949123475,-16.259709290741714,True,6,-15.74975450021323,0.509954790528484,1
2.0,68,CSI,4,10.824165158155488,7.72175932676734,True,3,7.65001533382348,0.07174399294386014,3
2.0,68,CSI,5,-0.23175495426829268,-0.26614295445884145,True,1,-0.00011884197075549416,0.26602411248808594,1
2.0,69,CSI,1,-11.620182688643293,-8.49428199254478,True,7,-8.099415216692213,0.3948667758525666,1
2.0,69,CSI,2,21.310764219702744,15.298327148735234,True,5,14.396923909196166,0.9014032395390679,1
2.0,69,CSI,3,-22.374190167682926,-16.264052396150916,True,6,-15.74975450021323,0.5142978959376858,1
2.0,69,CSI,4,10.860527224657012,7.748030919814692,True,3,7.65001533382348,0.09801558599121218,3
2.0,69,CSI,5,-0.24500107183689027,-0.2757132744021532,True,1,-0.00011884197075549416,0.2755944324313977,1
2.0,70,CSI,1,-11.529243283155488,-8.42857827207984,True,7,-8.099415216692213,0.32916305538762636,1
2.0,70,CSI,2,21.290396341463413,15.283611356707318,True,5,14.396923909196166,0.8866874475111519,1
2.0,70,CSI,3,-22.361444240663108,-16.254843463879098,True,6,-15.74975450021323,0.5050889636658678,1
2.0,70,CSI,4,10.787892411394818,7.695552267232756,True,3,7.65001533382348,0.04553693340927634,3
2.0,70,CSI,5,-0.23972822980182926,-0.27190364603182166,True,1,-0.00011884197075549416,0.27178480406106614,1
2.0,71,CSI,1,-11.583731302400915,-8.46794586598466,True,7,-8.099415216692213,0.36853064929244717,1
2.0,71,CSI,2,21.311050042873475,15.298533655976087,True,5,14.396923909196166,0.9016097467799202,1
2.0,71,CSI,3,-22.409614376905488,-16.289646387314217,True,6,-15.74975450021323,0.5398918871009872,1
2.0,71,CSI,4,10.822497856326219,7.720554701195693,True,3,7.65001533382348,0.07053936737221367,3
2.0,71,CSI,5,-0.2638773104039634,-0.2893513567668636,True,1,-0.00011884197075549416,0.28923251479610806,1
2.0,72,CSI,1,-11.654427877286587,-8.519024141339559,True,7,-8.099415216692213,0.41960892464734556,1
2.0,72,CSI,2,21.32754442168445,15.310450844667017,True,5,14.396923909196166,0.9135269354708502,1
2.0,72,CSI,3,-22.4046035394436,-16.286026057248,True,6,-15.74975450021323,0.5362715570347714,1
2.0,72,CSI,4,10.817320288681403,7.7168139085723135,True,3,7.65001533382348,0.06679857474883377,3
2.0,72,CSI,5,-0.2439917587652439,-0.2749840457078887,True,1,-0.00011884197075549416,0.2748652037371332,1
2.0,73,CSI,1,-11.638362233231707,-8.507416713509908,True,7,-8.099415216692213,0.40800149681769504,1
2.0,73,CSI,2,21.323751310022864,15.307710321491522,True,5,14.396923909196166,0.9107864122953551,1
2.0,73,CSI,3,-22.401370164824694,-16.283689944085843,True,6,-15.74975450021323,0.5339354438726129,1
2.0,73,CSI,4,10.815798875762194,7.715714687738186,True,3,7.65001533382348,0.06569935391470594,3
2.0,73,CSI,5,-0.23246355754573172,-0.26665492032679117,True,1,-0.00011884197075549416,0.26653607835603566,1
2.0,74,CSI,1,-11.680738495617378,-8.538033563083555,True,7,-8.099415216692213,0.43861834639134223,1
2.0,74,CSI,2,21.279517197027438,15.275751174852326,True,5,14.396923909196166,0.8788272656561595,1
2.0,74,CSI,3,-22.392834174923777,-16.27752269138243,True,6,-15.74975450021323,0.5277681911691996,1
2.0,74,CSI,4,10.772654463605182,7.684542849954744,True,3,7.65001533382348,0.03452751613126459,3
2.0,74,CSI,5,-0.25832162252286583,-0.28533737227277056,True,1,-0.00011884197075549416,0.28521853030201505,1
2.0,75,CSI,1,-11.572700314405488,-8.459975977157963,True,7,-8.099415216692213,0.36056076046575036,1
2.0,75,CSI,2,21.30322265625,15.292878369140627,True,5,14.396923909196166,0.8959544599444609,1
2.0,75,CSI,3,-22.403987233231707,-16.28558077600991,True,6,-15.74975450021323,0.5358262757966781,1
2.0,75,CSI,4,10.798080816501525,7.702913389922352,True,3,7.65001533382348,0.052898056098872104,3
2.0,75,CSI,5,-0.22934927591463414,-0.2644048518483232,True,1,-0.00011884197075549416,0.2642860098775677,1
2.0,76,CSI,1,-11.654159918064025,-8.518830540801257,True,7,-8.099415216692213,0.41941532410904436,1
2.0,76,CSI,2,21.280458031631095,15.276430927853468,True,5,14.396923909196166,0.8795070186573017,1
2.0,76,CSI,3,-22.41644733708079,-16.294583201040872,True,6,-15.74975450021323,0.544828700827642,1
2.0,76,CSI,4,10.81199980945122,7.7129698623285075,True,3,7.65001533382348,0.0629545285050277,3
2.0,76,CSI,5,-0.24276807831554878,-0.274099936582984,True,1,-0.00011884197075549416,0.27398109461222847,1
2.0,77,CSI,1,-11.510795779344512,-8.41524995057641,True,7,-8.099415216692213,0.3158347338841967,1
2.0,77,CSI,2,21.307295636432926,15.29582109732279,True,5,14.396923909196166,0.8988971881266234,1
2.0,77,CSI,3,-22.38289884241616,-16.270344413645677,True,6,-15.74975450021323,0.5205899134324472,1
2.0,77,CSI,4,10.827493807164634,7.724164275676449,True,3,7.65001533382348,0.07414894185296905,3
2.0,1,RGB,1,9.311031389236451,7.939568985671998,True,3,7.65001533382348,0.289553651848518,3
2.0,1,RGB,2,1.4132870435714722,0.24400689525604258,True,1,-0.00011884197075549416,0.24412573722679806,1
2.0,1,RGB,3,-15.43920042514801,-16.177056894264222,True,6,-15.74975450021323,0.4273023940509919,1
2.0,1,RGB,4,-6.872610926628113,-7.829772086906433,True,7,-8.099415216692213,0.26964312978577976,1
2.0,1,RGB,5,16.8950261592865,15.329413489608763,True,5,14.396923909196166,0.9324895804125966,1
2.0,2,RGB,1,9.305482506752014,7.934162154579163,True,3,7.65001533382348,0.28414682075568365,3
2.0,2,RGB,2,1.4214285850524901,0.25194001327514637,True,1,-0.00011884197075549416,0.2520588552459019,1
2.0,2,RGB,3,-15.354972732067107,-16.09498543012619,True,6,-15.74975450021323,0.3452309299129599,1
2.0,2,RGB,4,-6.875417447090149,-7.832506760444641,True,7,-8.099415216692213,0.2669084562475721,1
2.0,2,RGB,5,16.924989795684812,15.35861005691528,True,5,14.396923909196166,0.9616861477191136,1
2.0,3,RGB,1,9.311519980430603,7.940045068931581,True,3,7.65001533382348,0.29002973510810115,3
2.0,3,RGB,2,1.4333850860595703,0.2635904278564454,True,1,-0.00011884197075549416,0.2637092698272009,1
2.0,3,RGB,3,-15.228963088989257,-15.972201633911133,True,6,-15.74975450021323,0.22244713369790325,1
2.0,3,RGB,4,-6.851341581344604,-7.809047236862182,True,7,-8.099415216692213,0.29036797983003115,1
2.0,3,RGB,5,16.92392871379852,15.35757613872528,True,5,14.396923909196166,0.9606522295291136,1
2.0,4,RGB,1,9.314272212982178,7.942726844329836,True,3,7.65001533382348,0.292711510506356,3
2.0,4,RGB,2,-15.35009833574295,-16.09023581834793,True,6,-15.74975450021323,0.3404813181347013,1
2.0,4,RGB,3,1.4388105869293213,0.26887703590393075,True,1,-0.00011884197075549416,0.26899587787468626,1
2.0,4,RGB,4,-6.866721510887146,-7.824033440208435,True,7,-8.099415216692213,0.27538177648377804,1
2.0,4,RGB,5,16.94206416606903,15.375247323417662,True,5,14.396923909196166,0.9783234142214958,1
2.0,5,RGB,1,9.3140287399292,7.9424896041870126,True,3,7.65001533382348,0.2924742703635328,3
2.0,5,RGB,2,1.466319751739502,0.29568196609497077,True,1,-0.00011884197075549416,0.2958008080657263,1
2.0,5,RGB,3,-15.282873451709747,-16.02473189134598,True,6,-15.74975450021323,0.2749773911327491,1
2.0,5,RGB,4,-6.889746165275573,-7.846468663444519,True,7,-8.099415216692213,0.25294655324769444,1
2.0,5,RGB,5,16.919758415222166,15.353512599792479,True,5,14.396923909196166,0.9565886905963126,1
2.0,6,RGB,1,9.33495261669159,7.9628778297042855,True,3,7.65001533382348,0.3128624958808057,3
2.0,6,RGB,2,1.469522738456726,0.29880295635223386,True,1,-0.00011884197075549416,0.2989217983229894,1
2.0,6,RGB,3,-15.205138099193572,-15.948986563854218,True,6,-15.74975450021323,0.1992320636409879,1
2.0,6,RGB,4,-6.875159990787506,-7.832255895023346,True,7,-8.099415216692213,0.267159321668867,1
2.0,6,RGB,5,16.93255226612091,15.365978928108214,True,5,14.396923909196166,0.9690550189120479,1
2.0,7,RGB,1,9.320544934272766,7.948838983955384,True,3,7.65001533382348,0.2988236501319044,3
2.0,7,RGB,2,1.467408800125122,0.29674313484191894,True,1,-0.00011884197075549416,0.29686197681267446,1
2.0,7,RGB,3,-15.38648110628128,-16.12568718996048,True,6,-15.74975450021323,0.37593268974725014,1
2.0,7,RGB,4,-6.870482182502746,-7.827697838630676,True,7,-8.099415216692213,0.2717173780615374,1
2.0,7,RGB,5,16.92672700881958,15.360302797393798,True,5,14.396923909196166,0.9633788881976315,1
2.0,8,RGB,1,9.34241967201233,7.970153728408815,True,3,7.65001533382348,0.3201383945853351,3
2.0,8,RGB,2,-15.38330773115158,-16.1225950532341,True,6,-15.74975450021323,0.37284055302087005,1
2.0,8,RGB,3,1.4587210893630982,0.2882778294754029,True,1,-0.00011884197075549416,0.28839667144615844,1
2.0,8,RGB,4,-6.8751262664794925,-7.832223034057618,True,7,-8.099415216692213,0.2671921826345951,1
2.0,8,RGB,5,16.919009900093076,15.352783246650693,True,5,14.396923909196166,0.9558593374545268,1
2.0,9,RGB,1,9.342633533477784,7.970362115020753,True,3,7.65001533382348,0.3203467811972729,3
2.0,9,RGB,2,1.4817589044570922,0.31072587650299077,True,1,-0.00011884197075549416,0.3108447184737463,1
2.0,9,RGB,3,-15.418081605434418,-16.156478716335297,True,6,-15.74975450021323,0.40672421612206655,1
2.0,9,RGB,4,-6.890752136707306,-7.847448882007599,True,7,-8.099415216692213,0.2519663346846137,1
2.0,9,RGB,5,16.90898308753967,15.343013120498656,True,5,14.396923909196166,0.946089211302489,1
2.0,10,RGB,1,9.36015043258667,7.987430581512451,True,3,7.65001533382348,0.3374152476889716,3
2.0,10,RGB,2,1.5096678256988525,0.33792032936096184,True,1,-0.00011884197075549416,0.33803917133171735,1
2.0,10,RGB,3,-15.417202305793761,-16.15562192676544,True,6,-15.74975450021323,0.4058674265522111,1
2.0,10,RGB,4,-6.890397620201111,-7.847103441123963,True,7,-8.099415216692213,0.25231177556825024,1
2.0,10,RGB,5,16.911409592628477,15.345377507057188,True,5,14.396923909196166,0.9484535978610218,1
2.0,11,RGB,1,9.355177330970765,7.982584791297914,True,3,7.65001533382348,0.33256945747443467,3
2.0,11,RGB,2,1.477119755744934,0.3062054899978639,True,1,-0.00011884197075549416,0.3063243319686194,1
2.0,11,RGB,3,-15.331994140148163,-16.07259509016037,True,6,-15.74975450021323,0.3228405899471394,1
2.0,11,RGB,4,-6.87732081413269,-7.834361401290893,True,7,-8.099415216692213,0.2650538154013198,1
2.0,11,RGB,5,16.908820223808288,15.342854426078796,True,5,14.396923909196166,0.9459305168826297,1
2.0,12,RGB,1,9.363317227363586,7.990516306343079,True,3,7.65001533382348,0.34050097251959954,3
2.0,12,RGB,2,-15.445798873901367,-16.183486422729494,True,6,-15.74975450021323,0.43373192251626413,1
2.0,12,RGB,3,1.4573490858078002,0.28694094921112057,True,1,-0.00011884197075549416,0.2870597911818761,1
2.0,12,RGB,4,-6.8847985625267025,-7.841647719326019,True,7,-8.099415216692213,0.25776749736619387,1
2.0,12,RGB,5,16.914941596984864,15.348819092102053,True,5,14.396923909196166,0.9518951829058864,1
2.0,13,RGB,1,9.334682822227478,7.9626149419784555,True,3,7.65001533382348,0.3125996081549758,3
2.0,13,RGB,2,-15.427250504493713,-16.165412891578676,True,6,-15.74975450021323,0.41565839136544547,1
2.0,13,RGB,3,1.4278263330459595,0.25817397891998306,True,1,-0.00011884197075549416,0.2582928208907386,1
2.0,13,RGB,4,-6.876561605930329,-7.833621628818513,True,7,-8.099415216692213,0.26579358787370033,1
2.0,13,RGB,5,16.936855816841128,15.370172307929996,True,5,14.396923909196166,0.9732483987338298,1
2.0,14,RGB,1,9.333942532539368,7.96189360370636,True,3,7.65001533382348,0.3118782698828806,3
2.0,14,RGB,2,1.4405741214752197,0.2705954239654542,True,1,-0.00011884197075549416,0.27071426593620973,1
2.0,14,RGB,3,-15.371051001548768,-16.11065209590912,True,6,-15.74975450021323,0.3608975956958904,1
2.0,14,RGB,4,-6.894694590568543,-7.851290409049988,True,7,-8.099415216692213,0.2481248076422249,1
2.0,14,RGB,5,16.956583714485166,15.389395171394346,True,5,14.396923909196166,0.9924712621981797,1
2.0,15,RGB,1,9.349955821037293,7.977496952018739,True,3,7.65001533382348,0.3274816181952591,3
2.0,15,RGB,2,1.4636629343032836,0.2930931631851197,True,1,-0.00011884197075549416,0.2932120051558752,1
2.0,15,RGB,3,-15.386183345317841,-16.125397051677705,True,6,-15.74975450021323,0.375642551464475,1
2.0,15,RGB,4,-6.889495289325714,-7.846224209918976,True,7,-8.099415216692213,0.25319100677323725,1
2.0,15,RGB,5,16.95025177001953,15.383225324707032,True,5,14.396923909196166,0.9863014155108658,1
2.0,16,RGB,1,9.335225701332092,7.963143923377991,True,3,7.65001533382348,0.31312858955451084,3
2.0,16,RGB,2,1.4325526714324952,0.26277932304382334,True,1,-0.00011884197075549416,0.26289816501457886,1
2.0,16,RGB,3,-15.317709016799927,-16.05867566596985,True,6,-15.74975450021323,0.30892116575662065,1
2.0,16,RGB,4,-6.8846118450164795,-7.841465781784057,True,7,-8.099415216692213,0.2579494349081557,1
2.0,16,RGB,5,16.94628381729126,15.379358951568603,True,5,14.396923909196166,0.9824350423724368,1
2.0,17,RGB,1,9.35825035572052,7.985579146614074,True,3,7.65001533382348,0.33556381279059444,3
2.0,17,RGB,2,-15.403379452228545,-16.142152938251495,True,6,-15.74975450021323,0.39239843803826524,1
2.0,17,RGB,3,1.446394443511963,0.27626674575805676,True,1,-0.00011884197075549416,0.2763855877288123,1
2.0,17,RGB,4,-6.879104089736939,-7.836099025039673,True,7,-8.099415216692213,0.2633161916525397,1
2.0,17,RGB,5,16.938446617126463,15.371722383728025,True,5,14.396923909196166,0.974798474531859,1
2.0,18,RGB,1,9.362989854812621,7.990197314529419,True,3,7.65001533382348,0.34018198070593897,3
2.0,18,RGB,2,1.446524405479431,0.27639338069915764,True,1,-0.00011884197075549416,0.27651222266991315,1
2.0,18,RGB,3,-15.307364702224731,-16.04859616584778,True,6,-15.74975450021323,0.2988416656345496,1
2.0,18,RGB,4,-6.894191193580627,-7.850799899024963,True,7,-8.099415216692213,0.24861531766724987,1
2.0,18,RGB,5,16.914589548110964,15.348476055679322,True,5,14.396923909196166,0.9515521464831558,1
2.0,19,RGB,1,9.351410079002381,7.978913980979921,True,3,7.65001533382348,0.328898647156441,3
2.0,19,RGB,2,1.4414114713668824,0.27141133769989034,True,1,-0.00011884197075549416,0.27153017967064585,1
2.0,19,RGB,3,-15.255936777591705,-15.998484796085359,True,6,-15.74975450021323,0.2487302958721287,1
2.0,19,RGB,4,-6.867330193519592,-7.8246265405654905,True,7,-8.099415216692213,0.27478867612672264,1
2.0,19,RGB,5,16.91935865879059,15.35312307712555,True,5,14.396923909196166,0.956199167929384,1
2.0,20,RGB,1,9.336530256271363,7.9644150817108175,True,3,7.65001533382348,0.3143997478873377,3
2.0,20,RGB,2,1.4455718994140625,0.2754652587890625,True,1,-0.00011884197075549416,0.275584100759818,1
2.0,20,RGB,3,-15.284304678440094,-16.02612647867203,True,6,-15.74975450021323,0.27637197845879946,1
2.0,20,RGB,4,-6.874328398704529,-7.831445591697693,True,7,-8.099415216692213,0.26796962499452004,1
2.0,20,RGB,5,16.932420659065247,15.365850690193176,True,5,14.396923909196166,0.968926780997009,1
2.0,21,RGB,1,9.360523867607117,7.987794456596375,True,3,7.65001533382348,0.33777912277289524,3
2.0,21,RGB,2,1.447664451599121,0.27750424163818366,True,1,-0.00011884197075549416,0.27762308360893917,1
2.0,21,RGB,3,-15.405833101272583,-16.144543773880006,True,6,-15.74975450021323,0.39478927366677574,1
2.0,21,RGB,4,-6.88663694858551,-7.843439042701721,True,7,-8.099415216692213,0.2559761739904918,1
2.0,21,RGB,5,16.955989837646484,15.388816497802734,True,5,14.396923909196166,0.9918925886065679,1
2.0,22,RGB,1,9.358013463020324,7.985348318367005,True,3,7.65001533382348,0.3353329845435251,3
2.0,22,RGB,2,-15.411731564998627,-16.150291236934663,True,6,-15.74975450021323,0.400536736721433,1
2.0,22,RGB,3,1.4450964689254762,0.275001999320984,True,1,-0.00011884197075549416,0.2751208412917395,1
2.0,22,RGB,4,-6.881386649608612,-7.838323151378632,True,7,-8.099415216692213,0.26109206531358087,1
2.0,22,RGB,5,16.948488235473633,15.38150693664551,True,5,14.396923909196166,0.984583027449343,1
2.0,23,RGB,1,9.348210382461549,7.975796196670534,True,3,7.65001533382348,0.3257808628470542,3
2.0,23,RGB,2,-15.444092094898224,-16.18182333726883,True,6,-15.74975450021323,0.43206883705560095,1
2.0,23,RGB,3,1.4409031391143798,0.2709160187530517,True,1,-0.00011884197075549416,0.2710348607238072,1
2.0,23,RGB,4,-6.8982043862342834,-7.854710353946686,True,7,-8.099415216692213,0.24470486274552705,1
2.0,23,RGB,5,16.946171951293945,15.379249949340819,True,5,14.396923909196166,0.9823260401446525,1
2.0,24,RGB,1,9.370641160011292,7.997652746315004,True,3,7.65001533382348,0.34763741249152424,3
2.0,24,RGB,2,1.445609736442566,0.2755021271896363,True,1,-0.00011884197075549416,0.2756209691603918,1
2.0,24,RGB,3,-15.314487934112549,-16.05553704299927,True,6,-15.74975450021323,0.305782542786039,1
2.0,24,RGB,4,-6.888719630241394,-7.845468407707215,True,7,-8.099415216692213,0.2539468089849981,1
2.0,24,RGB,5,16.938097858428957,15.371382553253175,True,5,14.396923909196166,0.9744586440570089,1
2.0,25,RGB,1,9.350745463371277,7.978266379508972,True,3,7.65001533382348,0.32825104568549257,3
2.0,25,RGB,2,1.438267707824707,0.2683480545043946,True,1,-0.00011884197075549416,0.2684668964751501,1
2.0,25,RGB,3,-15.256059336662293,-15.99860421764374,True,6,-15.74975450021323,0.24884971743050954,1
2.0,25,RGB,4,-6.879421591758728,-7.836408399009705,True,7,-8.099415216692213,0.2630068176825082,1
2.0,25,RGB,5,16.947221517562866,15.380272646713257,True,5,14.396923909196166,0.9833487375170904,1
2.0,26,RGB,1,9.356690812110902,7.984059527320864,True,3,7.65001533382348,0.3340441934973839,3
2.0,26,RGB,2,1.4573161840438842,0.28690888973236084,True,1,-0.00011884197075549416,0.28702773170311635,1
2.0,26,RGB,3,-15.179133367538451,-15.923647553329468,True,6,-15.74975450021323,0.17389305311623815,1
2.0,26,RGB,4,-6.872761452198029,-7.829918759021759,True,7,-8.099415216692213,0.2694964576704537,1
2.0,26,RGB,5,16.92423963546753,15.35787910079956,True,5,14.396923909196166,0.9609551916033929,1
2.0,27,RGB,1,9.350171327590942,7.977706941604615,True,3,7.65001533382348,0.3276916077811354,3
2.0,27,RGB,2,1.4334624052047729,0.2636657676315308,True,1,-0.00011884197075549416,0.26378460960228634,1
2.0,27,RGB,3,-15.146012806892395,-15.89137487903595,True,6,-15.74975450021323,0.14162037882272038,1
2.0,27,RGB,4,-6.858855521678924,-7.816368820323944,True,7,-8.099415216692213,0.28304639636826945,1
2.0,27,RGB,5,16.923367738723755,15.357029524612427,True,5,14.396923909196166,0.9601056154162606,1
2.0,28,RGB,1,9.367158508300781,7.994259250488281,True,3,7.65001533382348,0.3442439166648015,3
2.0,28,RGB,2,1.426500391960144,0.25688198192596445,True,1,-0.00011884197075549416,0.25700082389671997,1
2.0,28,RGB,3,-15.059282112121583,-15.806864490051272,True,6,-15.74975450021323,0.057109989838041386,1
2.0,28,RGB,4,-6.830365061759949,-7.788607716178894,True,7,-8.099415216692213,0.3108075005133193,1
2.0,28,RGB,5,16.94064774513245,15.373867162857058,True,5,14.396923909196166,0.9769432536608917,1
2.0,29,RGB,1,9.375390529632568,8.002280532073975,True,3,7.65001533382348,0.3522651982504952,3
2.0,29,RGB,2,1.436484432220459,0.2666104307556154,True,1,-0.00011884197075549416,0.2667292727263709,1
2.0,29,RGB,3,-15.223740756511688,-15.96711299314499,True,6,-15.74975450021323,0.21735849293176024,1
2.0,29,RGB,4,-6.865802729129792,-7.823138179264069,True,7,-8.099415216692213,0.27627703742814447,1
2.0,29,RGB,5,16.956902861595154,15.389706148338318,True,5,14.396923909196166,0.9927822391421515,1
2.0,30,RGB,1,9.367665195465088,7.994752966461182,True,3,7.65001533382348,0.3447376326377025,3
2.0,30,RGB,2,1.4610571146011353,0.2905540524673462,True,1,-0.00011884197075549416,0.29067289443810174,1
2.0,30,RGB,3,-15.20233404636383,-15.946254294776917,True,6,-15.74975450021323,0.19649979456368705,1
2.0,30,RGB,4,-6.863395142555237,-7.820792226905823,True,7,-8.099415216692213,0.2786229897863901,1
2.0,30,RGB,5,16.94770188331604,15.38074071510315,True,5,14.396923909196166,0.983816805906983,1
2.0,31,RGB,1,9.37370924949646,8.000642292709351,True,3,7.65001533382348,0.35062695888587125,3
2.0,31,RGB,2,1.477226686477661,0.306309683303833,True,1,-0.00011884197075549416,0.3064285252745885,1
2.0,31,RGB,3,-15.215804028511048,-15.959379445381167,True,6,-15.74975450021323,0.20962494516793662,1
2.0,31,RGB,4,-6.856833708286286,-7.814398765354157,True,7,-8.099415216692213,0.2850164513380564,1
2.0,31,RGB,5,16.93277599811554,15.366196932563783,True,5,14.396923909196166,0.9692730233676166,1
2.0,32,RGB,1,9.375706386566161,8.002588303070068,True,3,7.65001533382348,0.3525729692465882,3
2.0,32,RGB,2,1.4769174098968505,0.3060083242034912,True,1,-0.00011884197075549416,0.30612716617424673,1
2.0,32,RGB,3,-15.237253510951996,-15.980279821071626,True,6,-15.74975450021323,0.23052532085839594,1
2.0,32,RGB,4,-6.8536027550697325,-7.811250524539948,True,7,-8.099415216692213,0.28816469215226537,1
2.0,32,RGB,5,16.936186265945434,15.369519897537232,True,5,14.396923909196166,0.972595988341066,1
2.0,33,RGB,1,9.367604327201843,7.9946936564254765,True,3,7.65001533382348,0.3446783226019967,3
2.0,33,RGB,2,1.454065489768982,0.2837414132308962,True,1,-0.00011884197075549416,0.2838602552016517,1
2.0,33,RGB,3,-15.319952917098998,-16.060862122421263,True,6,-15.74975450021323,0.31110762220803245,1
2.0,33,RGB,4,-6.877786374092102,-7.834815042915344,True,7,-8.099415216692213,0.26460017377686906,1
2.0,33,RGB,5,16.924206733703613,15.3578470413208,True,5,14.396923909196166,0.9609231321246341,1
2.0,34,RGB,1,9.391446590423584,8.01792555770874,True,3,7.65001533382348,0.36791022388525985,3
2.0,34,RGB,2,1.4428640842437743,0.27282676368713377,True,1,-0.00011884197075549416,0.2729456056578893,1
2.0,34,RGB,3,-15.252253425121307,-15.994895737438203,True,6,-15.74975450021323,0.24514123722497239,1
2.0,34,RGB,4,-6.875549876689911,-7.832635799846649,True,7,-8.099415216692213,0.26677941684556394,1
2.0,34,RGB,5,16.912844109535218,15.346775300331116,True,5,14.396923909196166,0.9498513911349491,1
2.0,35,RGB,1,9.390007138252258,8.016522955513,True,3,7.65001533382348,0.36650762168952067,3
2.0,35,RGB,2,1.4703058004379272,0.2995659719467163,True,1,-0.00011884197075549416,0.2996848139174718,1
2.0,35,RGB,3,-15.293971216678619,-16.035545553531648,True,6,-15.74975450021323,0.2857910533184178,1
2.0,35,RGB,4,-6.869444131851196,-7.826686362075805,True,7,-8.099415216692213,0.2727288546164077,1
2.0,35,RGB,5,16.914564871788027,15.348452011070252,True,5,14.396923909196166,0.9515281018740858,1
2.0,36,RGB,1,9.380857157707215,8.00760721446991,True,3,7.65001533382348,0.35759188064643066,3
2.0,36,RGB,2,1.447689127922058,0.27752828624725345,True,1,-0.00011884197075549416,0.27764712821800897,1
2.0,36,RGB,3,-15.249016714096069,-15.99174188621521,True,6,-15.74975450021323,0.24198738600198055,1
2.0,36,RGB,4,-6.872253119945526,-7.829423440074921,True,7,-8.099415216692213,0.26999177661729235,1
2.0,36,RGB,5,16.91068739891052,15.344673801498411,True,5,14.396923909196166,0.9477498923022445,1
2.0,37,RGB,1,9.376838207244873,8.003691149139405,True,3,7.65001533382348,0.35367581531592496,3
2.0,37,RGB,2,1.4545442104339599,0.2842078786468505,True,1,-0.00011884197075549416,0.284326720617606,1
2.0,37,RGB,3,-15.165651869773864,-15.910511181907655,True,6,-15.74975450021323,0.16075668169442459,1
2.0,37,RGB,4,-6.8604964971542355,-7.817967786827087,True,7,-8.099415216692213,0.2814474298651257,1
2.0,37,RGB,5,16.919439268112182,15.35320162284851,True,5,14.396923909196166,0.9562777136523444,1
2.0,38,RGB,1,9.380106997489928,8.006876258354186,True,3,7.65001533382348,0.3568609245307064,3
2.0,38,RGB,2,1.4804954767227172,0.3094947925186158,True,1,-0.00011884197075549416,0.3096136344893713,1
2.0,38,RGB,3,-15.113601279258727,-15.859793086509706,True,6,-15.74975450021323,0.11003858629647567,1
2.0,38,RGB,4,-6.865911304950714,-7.823243975543976,True,7,-8.099415216692213,0.2761712411482371,1
2.0,38,RGB,5,16.92262580394745,15.356306583366395,True,5,14.396923909196166,0.9593826741702287,1
2.0,39,RGB,1,9.379944133758546,8.006717563934327,True,3,7.65001533382348,0.3567022301108471,3
2.0,39,RGB,2,1.4616197347640991,0.2911022695541383,True,1,-0.00011884197075549416,0.2912211115248938,1
2.0,39,RGB,3,-15.258972787857056,-16.001443084487917,True,6,-15.74975450021323,0.251688584274687,1
2.0,39,RGB,4,-6.8766751170158384,-7.833732234020233,True,7,-8.099415216692213,0.2656829826719802,1
2.0,39,RGB,5,16.893377780914307,15.327807309722902,True,5,14.396923909196166,0.930883400526735,1
2.0,40,RGB,1,9.38199062347412,8.008711663513182,True,3,7.65001533382348,0.35869632968970233,3
2.0,40,RGB,2,1.4638356685638427,0.2932614754486085,True,1,-0.00011884197075549416,0.293380317419364,1
2.0,40,RGB,3,-15.207752966880799,-15.951534490928651,True,6,-15.74975450021323,0.20177999071542096,1
2.0,40,RGB,4,-6.876048338413239,-7.83312150094986,True,7,-8.099415216692213,0.2662937157423535,1
2.0,40,RGB,5,16.903583908081057,15.337752160034183,True,5,14.396923909196166,0.9408282508380168,1
2.0,41,RGB,1,9.367295050621033,7.994392297325136,True,3,7.65001533382348,0.3443769635016558,3
2.0,41,RGB,2,1.455750060081482,0.28538285854339596,True,1,-0.00011884197075549416,0.28550170051415147,1
2.0,41,RGB,3,-15.274981141090393,-16.01704162387848,True,6,-15.74975450021323,0.2672871236652501,1
2.0,41,RGB,4,-6.876957249641419,-7.834007144050599,True,7,-8.099415216692213,0.26540807264161437,1
2.0,41,RGB,5,16.891416835784913,15.325896564788819,True,5,14.396923909196166,0.9289726555926521,1
2.0,42,RGB,1,9.404722452163696,8.030861557388306,True,3,7.65001533382348,0.3808462235648262,3
2.0,42,RGB,2,1.4748380184173584,0.30398216514587406,True,1,-0.00011884197075549416,0.3041010071166296,1
2.0,42,RGB,3,-15.324219453334809,-16.06501943532944,True,6,-15.74975450021323,0.31526493511620934,1
2.0,42,RGB,4,-6.891531085968017,-7.848207890167236,True,7,-8.099415216692213,0.2512073265249768,1
2.0,42,RGB,5,16.90979905128479,15.343808195571897,True,5,14.396923909196166,0.946884286375731,1
2.0,43,RGB,1,9.375857734680176,8.002735776672363,True,3,7.65001533382348,0.3527204428488835,3
2.0,43,RGB,2,1.4413259267807006,0.27132798305511474,True,1,-0.00011884197075549416,0.27144682502587025,1
2.0,43,RGB,3,-15.260143268108369,-16.002583600444794,True,6,-15.74975450021323,0.2528291002315637,1
2.0,43,RGB,4,-6.899226808547974,-7.855706602249146,True,7,-8.099415216692213,0.2437086144430669,1
2.0,43,RGB,5,16.90390634536743,15.338066342926025,True,5,14.396923909196166,0.9411424337298584,1
2.0,44,RGB,1,9.37233395576477,7.999302206497192,True,3,7.65001533382348,0.34928687267371217,3
2.0,44,RGB,2,1.4433493852615356,0.2732996409988404,True,1,-0.00011884197075549416,0.2734184829695959,1
2.0,44,RGB,3,-15.113426899909973,-15.859623171272279,True,6,-15.74975450021323,0.10986867105904885,1
2.0,44,RGB,4,-6.872166752815247,-7.829339283943177,True,7,-8.099415216692213,0.2700759327490365,1
2.0,44,RGB,5,16.9085800409317,15.342620391883846,True,5,14.396923909196166,0.9456964826876799,1
2.0,45,RGB,1,9.390091037750244,8.016604707183838,True,3,7.65001533382348,0.366589373360358,3
2.0,45,RGB,2,1.4736371040344238,0.3028119941711427,True,1,-0.00011884197075549416,0.3029308361418982,1
2.0,45,RGB,3,-15.056014144420624,-15.803680182323458,True,6,-15.74975450021323,0.05392568211022741,1
2.0,45,RGB,4,-6.853916966915131,-7.811556692562104,True,7,-8.099415216692213,0.28785852413010904,1
2.0,45,RGB,5,16.88409948348999,15.318766536712646,True,5,14.396923909196166,0.9218426275164795,1
2.0,46,RGB,1,9.397903561592102,8.024217230415344,True,3,7.65001533382348,0.3742018965918641,3
2.0,46,RGB,2,1.4846904516220092,0.3135823760604859,True,1,-0.00011884197075549416,0.3137012180312414,1
2.0,46,RGB,3,-15.040903186798095,-15.788956065216066,True,6,-15.74975450021323,0.03920156500283589,1
2.0,46,RGB,4,-6.853869259357452,-7.811510206317902,True,7,-8.099415216692213,0.2879050103743115,1
2.0,46,RGB,5,16.901478195190432,15.335700353393557,True,5,14.396923909196166,0.9387764441973907,1
2.0,47,RGB,1,9.383089542388916,8.00978245010376,True,3,7.65001533382348,0.35976711628028024,3
2.0,47,RGB,2,1.4725381851196289,0.30174120758056633,True,1,-0.00011884197075549416,0.30186004955132184,1
2.0,47,RGB,3,-15.054763877391816,-15.802461922130586,True,6,-15.74975450021323,0.052707421917356,1
2.0,47,RGB,4,-6.867015159130096,-7.824319571056366,True,7,-8.099415216692213,0.2750956456358473,1
2.0,47,RGB,5,16.903927731513978,15.338087181587222,True,5,14.396923909196166,0.941163272391055,1
2.0,48,RGB,1,9.385789132118225,8.012412930335998,True,3,7.65001533382348,0.3623975965125181,3
2.0,48,RGB,2,1.458176565170288,0.28774724510192873,True,1,-0.00011884197075549416,0.28786608707268424,1
2.0,48,RGB,3,-15.034009444713593,-15.782238802928926,True,6,-15.74975450021323,0.032484302715696245,1
2.0,48,RGB,4,-6.839652407169342,-7.7976573055458065,True,7,-8.099415216692213,0.3017579111464066,1
2.0,48,RGB,5,16.906137084960935,15.340239975585936,True,5,14.396923909196166,0.9433160663897695,1
2.0,49,RGB,1,9.387490153312683,8.014070405387878,True,3,7.65001533382348,0.3640550715643984,3
2.0,49,RGB,2,1.4778567552566528,0.3069236223220826,True,1,-0.00011884197075549416,0.3070424642928381,1
2.0,49,RGB,3,-15.03251734972,-15.78078490556717,True,6,-15.74975450021323,0.031030405353940083,1
2.0,49,RGB,4,-6.841457891464233,-7.799416569442749,True,7,-8.099415216692213,0.29999864724946423,1
2.0,49,RGB,5,16.914045023918153,15.347945471305847,True,5,14.396923909196166,0.9510215621096805,1
2.0,50,RGB,1,9.390655303001404,8.017154527244568,True,3,7.65001533382348,0.3671391934210879,3
2.0,50,RGB,2,1.4683448553085328,0.29765522701263447,True,1,-0.00011884197075549416,0.29777406898339,1
2.0,50,RGB,3,-15.069964492321015,-15.817273401317598,True,6,-15.74975450021323,0.06751890110436776,1
2.0,50,RGB,4,-6.857851195335388,-7.815390204734802,True,7,-8.099415216692213,0.2840250119574108,1
2.0,50,RGB,5,16.902621531486513,15.33681442028046,True,5,14.396923909196166,0.9398905110842932,1
2.0,51,RGB,1,9.373625349998473,8.000560541038512,True,3,7.65001533382348,0.35054520721503213,3
2.0,51,RGB,2,1.4714491367340088,0.30068003883361816,True,1,-0.00011884197075549416,0.30079888080437367,1
2.0,51,RGB,3,-15.039445638656616,-15.787535830307009,True,6,-15.74975450021323,0.03778133009377882,1
2.0,51,RGB,4,-6.871780157089233,-7.828962585067749,True,7,-8.099415216692213,0.2704526316244644,1
2.0,51,RGB,5,16.90600547790527,15.340111737670897,True,5,14.396923909196166,0.9431878284747306,1
2.0,52,RGB,1,9.386134600639343,8.012749554862976,True,3,7.65001533382348,0.3627342210394966,3
2.0,52,RGB,2,1.4748314380645753,0.30397575325012216,True,1,-0.00011884197075549416,0.3040945952208777,1
2.0,52,RGB,3,-15.026683866977692,-15.775100759983063,True,6,-15.74975450021323,0.02534625976983307,1
2.0,52,RGB,4,-6.8400513410568236,-7.7980460267257685,True,7,-8.099415216692213,0.3013691899664446,1
2.0,52,RGB,5,16.90336511135101,15.337538964500427,True,5,14.396923909196166,0.94061505530426,1
2.0,53,RGB,1,9.384790563583374,8.01143992515564,True,3,7.65001533382348,0.36142459133216054,3
2.0,53,RGB,2,1.4639376640319823,0.2933608598327637,True,1,-0.00011884197075549416,0.29347970180351923,1
2.0,53,RGB,3,-15.050865018367768,-15.798662873897554,True,6,-15.74975450021323,0.048908373684323436,1
2.0,53,RGB,4,-6.8425691485404965,-7.80049937833786,True,7,-8.099415216692213,0.2989158383543531,1
2.0,53,RGB,5,16.897648429870603,15.331968630065917,True,5,14.396923909196166,0.935044720869751,1
2.0,54,RGB,1,9.378364849090577,8.005178708953858,True,3,7.65001533382348,0.35516337513037843,3
2.0,54,RGB,2,1.4973971128463746,0.3259637467575074,True,1,-0.00011884197075549416,0.3260825887282629,1
2.0,54,RGB,3,-15.059920406341552,-15.80748644393921,True,6,-15.74975450021323,0.05773194372597956,1
2.0,54,RGB,4,-6.855937957763672,-7.813525946044922,True,7,-8.099415216692213,0.2858892706472913,1
2.0,54,RGB,5,16.898095893859864,15.332404638977051,True,5,14.396923909196166,0.9354807297808847,1
2.0,55,RGB,1,9.379238390922547,8.006029888114929,True,3,7.65001533382348,0.35601455429144924,3
2.0,55,RGB,2,1.4826982498168946,0.31164117462158214,True,1,-0.00011884197075549416,0.31176001659233765,1
2.0,55,RGB,3,-15.096823024749757,-15.843444355316164,True,6,-15.74975450021323,0.0936898551029337,1
2.0,55,RGB,4,-6.862420427799225,-7.819842464847564,True,7,-8.099415216692213,0.2795727518446487,1
2.0,55,RGB,5,16.908056902885438,15.342110646171571,True,5,14.396923909196166,0.9451867369754048,1
2.0,56,RGB,1,9.372881770133972,7.999835996818542,True,3,7.65001533382348,0.34982066299506265,3
2.0,56,RGB,2,1.4641235589981079,0.2935419958877563,True,1,-0.00011884197075549416,0.2936608378585118,1
2.0,56,RGB,3,-15.19343740940094,-15.937585411720276,True,6,-15.74975450021323,0.18783091150704578,1
2.0,56,RGB,4,-6.87628687620163,-7.833353932170868,True,7,-8.099415216692213,0.2660612845213448,1
2.0,56,RGB,5,16.91122040748596,15.34519316505432,True,5,14.396923909196166,0.948269255858154,1
2.0,57,RGB,1,9.39750051498413,8.023824501800537,True,3,7.65001533382348,0.37380916797705677,3
2.0,57,RGB,2,1.498821759223938,0.3273519221878052,True,1,-0.00011884197075549416,0.3274707641585607,1
2.0,57,RGB,3,-15.11903418302536,-15.865086907939911,True,6,-15.74975450021323,0.1153324077266813,1
2.0,57,RGB,4,-6.869197368621826,-7.826445915985108,True,7,-8.099415216692213,0.27296930070710523,1
2.0,57,RGB,5,16.907775592803954,15.341836537628174,True,5,14.396923909196166,0.9449126284320073,1
2.0,58,RGB,1,9.395501732826233,8.021876888465881,True,3,7.65001533382348,0.37186155464240134,3
2.0,58,RGB,2,1.502381730079651,0.33082075778961184,True,1,-0.00011884197075549416,0.33093959976036735,1
2.0,58,RGB,3,-15.116493344306946,-15.862611114692688,True,6,-15.74975450021323,0.11285661447945827,1
2.0,58,RGB,4,-6.873389053344726,-7.830530293579102,True,7,-8.099415216692213,0.2688849231131112,1
2.0,58,RGB,5,16.894489860534666,15.32889092010498,True,5,14.396923909196166,0.9319670109088136,1
2.0,59,RGB,1,9.395723819732666,8.02209328994751,True,3,7.65001533382348,0.3720779561240297,3
2.0,59,RGB,2,1.5362820625305176,0.36385324172973643,True,1,-0.00011884197075549416,0.36397208370049194,1
2.0,59,RGB,3,-15.020110094547272,-15.768695276126863,True,6,-15.74975450021323,0.018940775913632635,1
2.0,59,RGB,4,-6.826434123516083,-7.784777409954071,True,7,-8.099415216692213,0.31463780673814234,1
2.0,59,RGB,5,16.90403137207031,15.33818816894531,True,5,14.396923909196166,0.9412642597491434,1
2.0,60,RGB,1,9.405505514144897,8.031624572982787,True,3,7.65001533382348,0.38160923915930756,3
2.0,60,RGB,2,1.519077730178833,0.34708934028625493,True,1,-0.00011884197075549416,0.34720818225701044,1
2.0,60,RGB,3,-15.078709781169891,-15.825794810771944,True,6,-15.74975450021323,0.07604031055871374,1
2.0,60,RGB,4,-6.8682136058807375,-7.82548733757019,True,7,-8.099415216692213,0.27392787912202277,1
2.0,60,RGB,5,16.90516154766083,15.339289412040712,True,5,14.396923909196166,0.9423655028445452,1
2.0,61,RGB,1,9.400103044509887,8.026360406570433,True,3,7.65001533382348,0.37634507274695306,3
2.0,61,RGB,2,1.486542820930481,0.3153873247146608,True,1,-0.00011884197075549416,0.3155061666854163,1
2.0,61,RGB,3,-15.18623274564743,-15.930565187358857,True,6,-15.74975450021323,0.18081068714562676,1
2.0,61,RGB,4,-6.892608618736267,-7.8492578380966185,True,7,-8.099415216692213,0.2501573785955946,1
2.0,61,RGB,5,16.92709221839905,15.360658657608033,True,5,14.396923909196166,0.9637347484118663,1
2.0,62,RGB,1,9.370957016944885,7.997960517311097,True,3,7.65001533382348,0.34794518348761727,3
2.0,62,RGB,2,1.4746422529220582,0.3037914112472535,True,1,-0.00011884197075549416,0.303910253218009,1
2.0,62,RGB,3,-15.077960443496703,-15.825064656143189,True,6,-15.74975450021323,0.07531015592995871,1
2.0,62,RGB,4,-6.849092745780945,-7.806855971488953,True,7,-8.099415216692213,0.29255924520326015,1
2.0,62,RGB,5,16.904904913902282,15.339039348106384,True,5,14.396923909196166,0.9421154389102178,1
2.0,63,RGB,1,9.384900784492492,8.011547324409484,True,3,7.65001533382348,0.3615319905860046,3
2.0,63,RGB,2,1.4949706077575684,0.3235993601989746,True,1,-0.00011884197075549416,0.32371820216973013,1
2.0,63,RGB,3,-15.078824937343597,-15.825907018947603,True,6,-15.74975450021323,0.07615251873437323,1
2.0,63,RGB,4,-6.828325152397156,-7.786620028495789,True,7,-8.099415216692213,0.31279518819642416,1
2.0,63,RGB,5,16.91779582500458,15.351600251884461,True,5,14.396923909196166,0.9546763426882947,1
2.0,64,RGB,1,9.380630135536194,8.007386004066467,True,3,7.65001533382348,0.35737067024298685,3
2.0,64,RGB,2,1.4655284643173219,0.2949109356307984,True,1,-0.00011884197075549416,0.2950297776015539,1
2.0,64,RGB,3,-15.126437902450562,-15.87230109214783,True,6,-15.74975450021323,0.12254659193459894,1
2.0,64,RGB,4,-6.868540155887604,-7.825805527896881,True,7,-8.099415216692213,0.2736096887953323,1
2.0,64,RGB,5,16.912531542778016,15.346470735282898,True,5,14.396923909196166,0.9495468260867312,1
2.0,65,RGB,1,9.378256273269653,8.005072912673949,True,3,7.65001533382348,0.3550575788504693,3
2.0,65,RGB,2,1.4712040185928346,0.300441195716858,True,1,-0.00011884197075549416,0.3005600376876135,1
2.0,65,RGB,3,-15.101031982898713,-15.847545564136507,True,6,-15.74975450021323,0.09779106392327641,1
2.0,65,RGB,4,-6.872659456729889,-7.829819374637604,True,7,-8.099415216692213,0.26959584205460896,1
2.0,65,RGB,5,16.918652915954592,15.352435401306154,True,5,14.396923909196166,0.9555114921099879,1
2.0,66,RGB,1,9.386896276474,8.013491731796265,True,3,7.65001533382348,0.36347639797278486,3
2.0,66,RGB,2,1.5051652193069458,0.33353298969268796,True,1,-0.00011884197075549416,0.3336518316634435,1
2.0,66,RGB,3,-15.203753757476807,-15.947637661285402,True,6,-15.74975450021323,0.19788316107217163,1
2.0,66,RGB,4,-6.884692454338074,-7.84154432750702,True,7,-8.099415216692213,0.2578708891851935,1
2.0,66,RGB,5,16.916170477867126,15.350016513633728,True,5,14.396923909196166,0.9530926044375612,1
2.0,67,RGB,1,9.38504226207733,8.01168518016815,True,3,7.65001533382348,0.3616698463446708,3
2.0,67,RGB,2,1.4850342750549317,0.31391739761352544,True,1,-0.00011884197075549416,0.31403623958428095,1
2.0,67,RGB,3,-15.157829475402831,-15.90288904083252,True,6,-15.74975450021323,0.15313454061928944,1
2.0,67,RGB,4,-6.877528095245362,-7.834563376007081,True,7,-8.099415216692213,0.26485184068513234,1
2.0,67,RGB,5,16.916652488708497,15.350486184997559,True,5,14.396923909196166,0.9535622758013922,1
2.0,68,RGB,1,9.372560977935791,7.999523416900636,True,3,7.65001533382348,0.349508083077156,3
2.0,68,RGB,2,1.4634819746017456,0.29291683605194097,True,1,-0.00011884197075549416,0.2930356780226965,1
2.0,68,RGB,3,-15.30696988105774,-16.048211452102663,True,6,-15.74975450021323,0.2984569518894329,1
2.0,68,RGB,4,-6.911919486522675,-7.868074347667695,True,7,-8.099415216692213,0.23134086902451845,1
2.0,68,RGB,5,16.901312041282655,15.335538453025817,True,5,14.396923909196166,0.9386145438296509,1
2.0,69,RGB,1,9.37599756717682,8.002872029457093,True,3,7.65001533382348,0.352856695633613,3
2.0,69,RGB,2,1.4507062196731568,0.2804681404495242,True,1,-0.00011884197075549416,0.2805869824202797,1
2.0,69,RGB,3,-15.202981388568878,-15.946885065021515,True,6,-15.74975450021323,0.19713056480828506,1
2.0,69,RGB,4,-6.887431526184082,-7.84421327911377,True,7,-8.099415216692213,0.2552019375784429,1
2.0,69,RGB,5,16.915681886672974,15.349540430374146,True,5,14.396923909196166,0.9526165211779798,1
2.0,70,RGB,1,9.381367135047913,8.008104136390687,True,3,7.65001533382348,0.3580888025672069,3
2.0,70,RGB,2,1.4458038568496705,0.27569127811431904,True,1,-0.00011884197075549416,0.27581012008507455,1
2.0,70,RGB,3,-15.30286374092102,-16.044210429153445,True,6,-15.74975450021323,0.29445592894021466,1
2.0,70,RGB,4,-6.898453617095948,-7.854953204498291,True,7,-8.099415216692213,0.24446201219392183,1
2.0,70,RGB,5,16.921260380744936,15.354976114997866,True,5,14.396923909196166,0.9580522058016996,1
2.0,71,RGB,1,9.39793152809143,8.024244480972289,True,3,7.65001533382348,0.3742291471488093,3
2.0,71,RGB,2,1.445897626876831,0.27578264762878435,True,1,-0.00011884197075549416,0.27590148959953986,1
2.0,71,RGB,3,-15.283147358894348,-16.024998786506654,True,6,-15.74975450021323,0.27524428629342346,1
2.0,71,RGB,4,-6.897549641132355,-7.854072370319367,True,7,-8.099415216692213,0.24534284637284642,1
2.0,71,RGB,5,16.90271530151367,15.33690578979492,True,5,14.396923909196166,0.9399818805987543,1
2.0,72,RGB,1,9.387263131141662,8.013849194984434,True,3,7.65001533382348,0.3638338611609546,3
2.0,72,RGB,2,1.44886372089386,0.2786728096389772,True,1,-0.00011884197075549416,0.27879165160973274,1
2.0,72,RGB,3,-15.318075048923493,-16.05903232767105,True,6,-15.74975450021323,0.3092778274578212,1
2.0,72,RGB,4,-6.88805912733078,-7.844824813671112,True,7,-8.099415216692213,0.25459040302110125,1
2.0,72,RGB,5,16.920962619781495,15.354685976715087,True,5,14.396923909196166,0.9577620675189209,1
2.0,73,RGB,1,9.39993360042572,8.026195300254821,True,3,7.65001533382348,0.37617996643134166,3
2.0,73,RGB,2,1.4450520515441894,0.2749587190246583,True,1,-0.00011884197075549416,0.2750775609954138,1
2.0,73,RGB,3,-15.251313257217408,-15.993979637832643,True,6,-15.74975450021323,0.2442251376194129,1
2.0,73,RGB,4,-6.908874428272247,-7.865107242908477,True,7,-8.099415216692213,0.2343079737837357,1
2.0,73,RGB,5,16.90228099822998,15.336482604675291,True,5,14.396923909196166,0.9395586954791249,1
2.0,74,RGB,1,9.409233283996581,8.035256911926268,True,3,7.65001533382348,0.3852415781027885,3
2.0,74,RGB,2,1.4651319980621338,0.2945246189117432,True,1,-0.00011884197075549416,0.2946434608824987,1
2.0,74,RGB,3,-15.243725287914277,-15.986585920543673,True,6,-15.74975450021323,0.2368314203304429,1
2.0,74,RGB,4,-6.9009607315063475,-7.857396136779785,True,7,-8.099415216692213,0.24201907991242777,1
2.0,74,RGB,5,16.90462853908539,15.338770048484806,True,5,14.396923909196166,0.9418461392886393,1
2.0,75,RGB,1,9.391568326950074,8.018044177780151,True,3,7.65001533382348,0.36802884395667146,3
2.0,75,RGB,2,1.4426765441894531,0.27264402465820314,True,1,-0.00011884197075549416,0.27276286662895866,1
2.0,75,RGB,3,-15.208776211738586,-15.952531540718079,True,6,-15.74975450021323,0.20277704050484857,1
2.0,75,RGB,4,-6.889218091964722,-7.8459541088104245,True,7,-8.099415216692213,0.25346110788178855,1
2.0,75,RGB,5,16.900257539749145,15.334510946731568,True,5,14.396923909196166,0.9375870375354012,1
2.0,76,RGB,1,9.391390657424926,8.017871056594847,True,3,7.65001533382348,0.3678557227713677,3
2.0,76,RGB,2,1.469662570953369,0.2989392091369629,True,1,-0.00011884197075549416,0.29905805110771844,1
2.0,76,RGB,3,-15.255031156539918,-15.997602358932497,True,6,-15.74975450021323,0.2478478587192665,1
2.0,76,RGB,4,-6.900228667259216,-7.85668281337738,True,7,-8.099415216692213,0.24273240331483326,1
2.0,76,RGB,5,16.90142061710358,15.335644249305728,True,5,14.396923909196166,0.9387203401095618,1
2.0,77,RGB,1,9.389386940002442,8.01591863433838,True,3,7.65001533382348,0.3659033005149004,3
2.0,77,RGB,2,1.4784210205078125,0.3074734423828127,True,1,-0.00011884197075549416,0.3075922843535682,1
2.0,77,RGB,3,-15.385767960548401,-16.12499230075836,True,6,-15.74975450021323,0.3752378005451309,1
2.0,77,RGB,4,-6.886549758911133,-7.843354085083008,True,7,-8.099415216692213,0.2560611316092052,1
2.0,77,RGB,5,16.910101747512815,15.344103142776488,True,5,14.396923909196166,0.9471792335803215,1
3.0,1,CSI,1,-22.382705316310975,-16.27020459103468,True,6,-15.74975450021323,0.5204500908214502,1
3.0,1,CSI,2,21.304422518102136,15.293745269328795,True,5,14.396923909196166,0.8968213601326287,1
3.0,1,CSI,3,-11.469518149771341,-8.385426863209794,True,7,-8.099415216692213,0.28601164651758104,1
3.0,1,CSI,4,10.84025759813262,7.733386114650818,True,3,7.65001533382348,0.08337078082733829,3
3.0,2,CSI,1,-22.410477801067074,-16.29027021127096,True,6,-15.74975450021323,0.540515711057731,1
3.0,2,CSI,2,-11.376786394817074,-8.318428170255336,True,7,-8.099415216692213,0.2190129535631229,1
3.0,2,CSI,3,21.29749130621189,15.288737468738091,True,5,14.396923909196166,0.8918135595419248,1
3.0,2,CSI,4,10.886703863376523,7.766943541289538,True,3,7.65001533382348,0.11692820746605825,3
3.0,3,CSI,1,-22.396037776295728,-16.279837293373664,True,6,-15.74975450021323,0.5300827931604335,1
3.0,3,CSI,2,-11.443740472560975,-8.366802491425304,True,7,-8.099415216692213,0.26738727473309076,1
3.0,3,CSI,3,21.29366842130335,15.285975434391673,True,5,14.396923909196166,0.8890515251955069,1
3.0,3,CSI,4,10.809236852134145,7.71097362566692,True,3,7.65001533382348,0.06095829184344037,3
3.0,3,CSI,5,-0.22686618711890244,-0.26261082019340704,True,1,-0.00011884197075549416,0.2624919782226515,1
3.0,4,CSI,1,-22.391714700838413,-16.276713871355756,True,6,-15.74975450021323,0.5269593711425262,1
3.0,4,CSI,2,-11.487277891577744,-8.398258276664919,True,7,-8.099415216692213,0.29884305997270566,1
3.0,4,CSI,3,21.305515196265247,15.294534729301644,True,5,14.396923909196166,0.8976108201054771,1
3.0,4,CSI,4,10.824305092416157,7.721860429270674,True,3,7.65001533382348,0.07184509544719386,3
3.0,5,CSI,1,-22.399711794969512,-16.282491771865473,True,6,-15.74975450021323,0.5327372716522429,1
3.0,5,CSI,2,-11.447170350609756,-8.369280578315548,True,7,-8.099415216692213,0.2698653616233351,1
3.0,5,CSI,3,21.292647198932926,15.28523760122904,True,5,14.396923909196166,0.8883136920328738,1
3.0,5,CSI,4,10.783962342797256,7.692712792671018,True,3,7.65001533382348,0.04269745884753817,3
3.0,6,CSI,1,-11.233984970464938,-8.215254141160917,True,7,-8.099415216692213,0.11583892446870436,1
3.0,6,CSI,2,-22.371340867949698,-16.261993777093657,True,6,-15.74975450021323,0.5122392768804271,1
3.0,6,CSI,3,21.295698956745426,15.287442496248572,True,5,14.396923909196166,0.890518587052405,1
3.0,6,CSI,4,10.726586318597562,7.651258615186738,True,3,7.65001533382348,0.0012432813632585749,3
3.0,7,CSI,1,-22.388144888528963,-16.274134681962177,True,6,-15.74975450021323,0.5243801817489473,1
3.0,7,CSI,2,-11.407187857278965,-8.340393226884052,True,7,-8.099415216692213,0.24097801019183862,1
3.0,7,CSI,3,21.285001429115855,15.279713532536206,True,5,14.396923909196166,0.8827896233400399,1
3.0,7,CSI,4,10.733922446646343,7.656558967701983,True,3,7.65001533382348,0.006543633878503208,3
3.0,8,CSI,1,-22.352542039824694,-16.248411623773343,True,6,-15.74975450021323,0.49865712356011294,1
3.0,8,CSI,2,21.25210794588415,15.2559479909013,True,5,14.396923909196166,0.8590240817051331,1
3.0,8,CSI,3,-11.229801829268293,-8.212231821646341,True,7,-8.099415216692213,0.11281660495412815,1
3.0,8,CSI,4,10.691043016387196,7.6255785793397495,True,3,7.65001533382348,0.024436754483730283,3
3.0,8,CSI,5,-0.2955828410823171,-0.3122586026819741,True,1,-0.00011884197075549416,0.3121397607112186,1
3.0,9,CSI,1,21.296026462461892,15.287679119128718,True,5,14.396923909196166,0.8907552099325518,1
3.0,9,CSI,2,-22.369101919778963,-16.260376137040303,True,6,-15.74975450021323,0.5106216368270733,1
3.0,9,CSI,3,-11.335550447789636,-8.288635198528011,True,7,-8.099415216692213,0.18921998183579802,1
3.0,9,CSI,4,10.76870653105945,7.681690468690453,True,3,7.65001533382348,0.03167513486697349,3
3.0,10,CSI,1,-22.404737519054876,-16.28612285751715,True,6,-15.74975450021323,0.5363683573039193,1
3.0,10,CSI,2,-11.56590010480183,-8.455062825719322,True,7,-8.099415216692213,0.355647609027109,1
3.0,10,CSI,3,21.294698575647864,15.286719720905584,True,5,14.396923909196166,0.8897958117094174,1
3.0,10,CSI,4,10.752253834794207,7.669803395638815,True,3,7.65001533382348,0.01978806181533521,3
3.0,11,CSI,1,-22.411368021150913,-16.290913395281535,True,6,-15.74975450021323,0.5411588950683051,1
3.0,11,CSI,2,21.3397842035061,15.319294087033159,True,5,14.396923909196166,0.9223701778369922,1
3.0,11,CSI,3,-11.456801995998475,-8.376239442108897,True,7,-8.099415216692213,0.27682422541668394,1
3.0,11,CSI,4,10.793037228467988,7.699269397568122,True,3,7.65001533382348,0.04925406374464192,3
3.0,12,CSI,1,21.323268983422253,15.30736184052258,True,5,14.396923909196166,0.9104379313264133,1
3.0,12,CSI,2,-22.38050507336128,-16.268614915503527,True,6,-15.74975450021323,0.5188604152902965,1
3.0,12,CSI,3,-11.571765434451219,-8.459300526391004,True,7,-8.099415216692213,0.3598853096987913,1
3.0,12,CSI,4,10.747195360137196,7.666148647699124,True,3,7.65001533382348,0.01613331387564454,3
3.0,13,CSI,1,-11.29297470464939,-8.257874224109184,True,7,-8.099415216692213,0.15845900741697072,1
3.0,13,CSI,2,21.30839724657012,15.296617010646914,True,5,14.396923909196166,0.8996931014507474,1
3.0,13,CSI,3,-22.338596250952744,-16.238335791313357,True,6,-15.74975450021323,0.48858129110012705,1
3.0,13,CSI,4,10.79812547637195,7.702945656678734,True,3,7.65001533382348,0.05293032285525445,3
3.0,13,CSI,5,-0.18285537347560973,-0.23081300733612803,True,1,-0.00011884197075549416,0.23069416536537254,1
3.0,14,CSI,1,-11.66538740948933,-8.52694240335604,True,7,-8.099415216692213,0.42752718666382705,1
3.0,14,CSI,2,-22.3607177734375,-16.254318591308596,True,6,-15.74975450021323,0.5045640910953662,1
3.0,14,CSI,3,21.326746498666157,15.3098743452863,True,5,14.396923909196166,0.9129504360901333,1
3.0,14,CSI,4,10.819764672256099,7.7185799757050315,True,3,7.65001533382348,0.06856464188155176,3
3.0,15,CSI,1,-11.543299233041157,-8.438733695872235,True,7,-8.099415216692213,0.33931847918002234,1
3.0,15,CSI,2,21.335639767530488,15.316299732040779,True,5,14.396923909196166,0.9193758228446125,1
3.0,15,CSI,3,-22.354355230564025,-16.24972165408251,True,6,-15.74975450021323,0.4999671538692798,1
3.0,15,CSI,4,10.837387457126525,7.731312437773915,True,3,7.65001533382348,0.0812971039504351,3
3.0,16,CSI,1,-22.4158935546875,-16.29418309326172,True,6,-15.74975450021323,0.5444285930484885,1
3.0,16,CSI,2,-11.661802710556401,-8.524352458376999,True,7,-8.099415216692213,0.42493724168478586,1
3.0,16,CSI,3,21.30856397675305,15.29673747320408,True,5,14.396923909196166,0.8998135640079141,1
3.0,16,CSI,4,10.818963771913111,7.718001325207223,True,3,7.65001533382348,0.06798599138374328,3
3.0,16,CSI,5,-0.23240103372713414,-0.26660974686785444,True,1,-0.00011884197075549416,0.2664909048970989,1
3.0,17,CSI,1,-22.425876524390244,-16.301395788871954,True,6,-15.74975450021323,0.5516412886587236,1
3.0,17,CSI,2,21.319371665396343,15.30454602824886,True,5,14.396923909196166,0.907622119052693,1
3.0,17,CSI,3,-11.629784560785062,-8.501219345167206,True,7,-8.099415216692213,0.4018041284749927,1
3.0,17,CSI,4,10.806384575076219,7.708912855492569,True,3,7.65001533382348,0.05889752166908924,3
3.0,18,CSI,1,-22.430934999047256,-16.305050536811645,True,6,-15.74975450021323,0.5552960365984152,1
3.0,18,CSI,2,-11.733047113185975,-8.575826539276866,True,7,-8.099415216692213,0.4764113225846529,1
3.0,18,CSI,3,21.33124225895579,15.31312253209556,True,5,14.396923909196166,0.9161986228993939,1
3.0,18,CSI,4,10.831114233993901,7.726780034060594,True,3,7.65001533382348,0.07676470023711435,3
3.0,18,CSI,5,-0.20818347465701217,-0.24911256043969132,True,1,-0.00011884197075549416,0.24899371846893584,1
3.0,19,CSI,1,-11.593717249428355,-8.475160712711986,True,7,-8.099415216692213,0.37574549601977303,1
3.0,19,CSI,2,-22.405937380907012,-16.286989757705317,True,6,-15.74975450021323,0.5372352574920871,1
3.0,19,CSI,3,21.287046851181405,15.281191349978567,True,5,14.396923909196166,0.8842674407824003,1
3.0,19,CSI,4,10.84645936547256,7.737866891553925,True,3,7.65001533382348,0.0878515577304455,3
3.0,19,CSI,5,-0.22100681211890244,-0.258377421755907,True,1,-0.00011884197075549416,0.2582585797851515,1
3.0,20,CSI,1,-11.624749904725608,-8.49758180616425,True,7,-8.099415216692213,0.3981665894720372,1
3.0,20,CSI,2,-22.415652391387194,-16.29400885277725,True,6,-15.74975450021323,0.5442543525640193,1
3.0,20,CSI,3,21.309909727515244,15.297709778129764,True,5,14.396923909196166,0.9007858689335979,1
3.0,20,CSI,4,10.83049197313262,7.726330450588319,True,3,7.65001533382348,0.07631511676483882,3
3.0,21,CSI,1,-11.555568788109756,-8.447598449409298,True,7,-8.099415216692213,0.3481832327170853,1
3.0,21,CSI,2,21.32136945026677,15.305989427817742,True,5,14.396923909196166,0.9090655186215759,1
3.0,21,CSI,3,-22.37137064119665,-16.26201528826458,True,6,-15.74975450021323,0.5122607880513481,1
3.0,21,CSI,4,10.855808165015244,7.744621399223514,True,3,7.65001533382348,0.09460606540003447,3
3.0,21,CSI,5,-0.2137064119664634,-0.2531028826457698,True,1,-0.00011884197075549416,0.2529840406750143,1
3.0,22,CSI,1,-22.368545160060975,-16.259973878144056,True,6,-15.74975450021323,0.5102193779308255,1
3.0,22,CSI,2,-11.543352824885671,-8.438772415979898,True,7,-8.099415216692213,0.3393571992876847,1
3.0,22,CSI,3,21.28750833650915,15.281524773127861,True,5,14.396923909196166,0.8846008639316949,1
3.0,22,CSI,4,10.819097751524392,7.718098125476374,True,3,7.65001533382348,0.06808279165289388,3
3.0,23,CSI,1,-11.635536752096037,-8.505375303389386,True,7,-8.099415216692213,0.40596008669717243,1
3.0,23,CSI,2,21.32126524390244,15.305914138719515,True,5,14.396923909196166,0.908990229523349,1
3.0,23,CSI,3,-22.381990758384145,-16.269688322932545,True,6,-15.74975450021323,0.5199338227193149,1
3.0,23,CSI,4,10.823706650152438,7.721428054735137,True,3,7.65001533382348,0.07141272091165707,3
3.0,24,CSI,1,-22.402811189977136,-16.284731084758484,True,6,-15.74975450021323,0.5349765845452534,1
3.0,24,CSI,2,21.355593797637194,15.330716518792874,True,5,14.396923909196166,0.9337926095967077,1
3.0,24,CSI,3,-11.313277081745428,-8.272542691561071,True,7,-8.099415216692213,0.17312747486885804,1
3.0,24,CSI,4,10.822084008193597,7.7202556959198745,True,3,7.65001533382348,0.07024036209639473,3
3.0,25,CSI,1,-11.516893340320122,-8.419655438381287,True,7,-8.099415216692213,0.3202402216890743,1
3.0,25,CSI,2,-22.399548042111277,-16.2823734604254,True,6,-15.74975450021323,0.5326189602121705,1
3.0,25,CSI,3,21.36210818407012,15.335423162990663,True,5,14.396923909196166,0.9384992537944967,1
3.0,25,CSI,4,10.830051329077744,7.72601208525867,True,3,7.65001533382348,0.07599675143519047,3
3.0,26,CSI,1,-22.388463462271343,-16.274364851491047,True,6,-15.74975450021323,0.5246103512778166,1
3.0,26,CSI,2,-11.524027010289634,-8.42480951493426,True,7,-8.099415216692213,0.32539429824204724,1
3.0,26,CSI,3,21.322438309832318,15.306761678853851,True,5,14.396923909196166,0.9098377696576847,1
3.0,26,CSI,4,10.815274866615853,7.715336091129954,True,3,7.65001533382348,0.06532075730647424,3
3.0,27,CSI,1,-11.473683427019816,-8.388436276021817,True,7,-8.099415216692213,0.2890210593296043,1
3.0,27,CSI,2,21.36062547637195,15.334351906678735,True,5,14.396923909196166,0.937427997482569,1
3.0,27,CSI,3,-22.361244759908537,-16.25469933903392,True,6,-15.74975450021323,0.5049448388206894,1
3.0,27,CSI,4,10.816745665015244,7.716398742973514,True,3,7.65001533382348,0.06638340915003393,3
3.0,28,CSI,1,-11.538136552019818,-8.435003658834319,True,7,-8.099415216692213,0.3355884421421056,1
3.0,28,CSI,2,21.352738543254574,15.32865359750143,True,5,14.396923909196166,0.9317296883052641,1
3.0,28,CSI,3,-22.391604539824694,-16.276634280023345,True,6,-15.74975450021323,0.5268797798101144,1
3.0,28,CSI,4,10.844387147484756,7.736369714057736,True,3,7.65001533382348,0.08635438023425657,3
3.0,29,CSI,1,21.352589677019814,15.328546041646817,True,5,14.396923909196166,0.9316221324506504,1
3.0,29,CSI,2,-11.539836604420731,-8.436231946693978,True,7,-8.099415216692213,0.3368167300017646,1
3.0,29,CSI,3,-22.384450028582318,-16.271465145650726,True,6,-15.74975450021323,0.521710645437496,1
3.0,29,CSI,4,10.81444121570122,7.714733778344132,True,3,7.65001533382348,0.06471844452065234,3
3.0,30,CSI,1,21.301885837461892,15.29191251756622,True,5,14.396923909196166,0.8949886083700527,1
3.0,30,CSI,2,-22.38654011051829,-16.272975229849465,True,6,-15.74975450021323,0.5232207296362343,1
3.0,30,CSI,3,-11.309900795541159,-8.270103324778487,True,7,-8.099415216692213,0.17068810808627433,1
3.0,30,CSI,4,10.812098061166157,7.713040849192549,True,3,7.65001533382348,0.06302551536906886,3
3.0,31,CSI,1,-22.415780416349087,-16.294101350812216,True,6,-15.74975450021323,0.5443468505989859,1
3.0,31,CSI,2,21.313789181592988,15.300512683700935,True,5,14.396923909196166,0.9035887745047688,1
3.0,31,CSI,3,-11.703023770960366,-8.554134674518863,True,7,-8.099415216692213,0.45471945782665024,1
3.0,31,CSI,4,10.861599061547256,7.748805321967893,True,3,7.65001533382348,0.09878998814441342,3
3.0,32,CSI,1,-22.410921422446645,-16.290590727717703,True,6,-15.74975450021323,0.5408362275044727,1
3.0,32,CSI,2,-11.401495212461889,-8.336280291003714,True,7,-8.099415216692213,0.23686507431150083,1
3.0,32,CSI,3,21.32051495807927,15.305372057212272,True,5,14.396923909196166,0.908448148016106,1
3.0,32,CSI,4,10.892691263338413,7.771269437762004,True,3,7.65001533382348,0.12125410393852398,3
3.0,33,CSI,1,-11.430932021722562,-8.35754838569455,True,7,-8.099415216692213,0.2581331690023365,1
3.0,33,CSI,2,-22.4095458984375,-16.289596911621096,True,6,-15.74975450021323,0.5398424114078662,1
3.0,33,CSI,3,21.31428341749238,15.300869769138245,True,5,14.396923909196166,0.9039458599420787,1
3.0,33,CSI,4,10.807521913109756,7.709734582221799,True,3,7.65001533382348,0.0597192483983191,3
3.0,33,CSI,5,-0.22314453125,-0.259921923828125,True,1,-0.00011884197075549416,0.2598030818573695,1
3.0,34,CSI,1,21.357722584794207,15.332254567513816,True,5,14.396923909196166,0.9353306583176497,1
3.0,34,CSI,2,-11.54982255144817,-8.443446793421302,True,7,-8.099415216692213,0.3440315767290887,1
3.0,34,CSI,3,-22.399637361852136,-16.28243799393817,True,6,-15.74975450021323,0.5326834937249405,1
3.0,34,CSI,4,10.789467416158535,7.696690208174542,True,3,7.65001533382348,0.0466748743510621,3
3.0,34,CSI,5,-0.25141720655487804,-0.28034893173589936,True,1,-0.00011884197075549416,0.28023008976514385,1
3.0,35,CSI,1,-11.44265672637195,-8.366019484803735,True,7,-8.099415216692213,0.2666042681115215,1
3.0,35,CSI,2,21.330494950457318,15.312582601705413,True,5,14.396923909196166,0.9156586925092469,1
3.0,35,CSI,3,-22.386114353086892,-16.27266762010528,True,6,-15.74975450021323,0.5229131198920509,1
3.0,35,CSI,4,10.81751083746189,7.716951580066216,True,3,7.65001533382348,0.06693624624273653,3
3.0,36,CSI,1,-11.377932664824694,-8.319256350335841,True,7,-8.099415216692213,0.21984113364362834,1
3.0,36,CSI,2,21.33071229516006,15.312739633253143,True,5,14.396923909196166,0.9158157240569764,1
3.0,36,CSI,3,10.850544254954269,7.740818224204459,True,3,7.65001533382348,0.09080289038097966,3
3.0,36,CSI,4,-22.333749166349083,-16.234833772687214,True,6,-15.74975450021323,0.48507927247398364,1
3.0,36,CSI,5,-0.2028659727515244,-0.24527066531297637,True,1,-0.00011884197075549416,0.24515182334222088,1
3.0,37,CSI,1,21.353896722560975,15.329490382050306,True,5,14.396923909196166,0.9325664728541394,1
3.0,37,CSI,2,-11.51231123761433,-8.416344869176353,True,7,-8.099415216692213,0.3169296524841396,1
3.0,37,CSI,3,-22.368720822217988,-16.260100794052498,True,6,-15.74975450021323,0.5103462938392678,1
3.0,37,CSI,4,10.822810475419207,7.720780568490377,True,3,7.65001533382348,0.07076523466689721,3
3.0,38,CSI,1,21.355552115091463,15.330686403153583,True,5,14.396923909196166,0.933762493957417,1
3.0,38,CSI,2,-11.481168421303353,-8.393844184391673,True,7,-8.099415216692213,0.29442896769946003,1
3.0,38,CSI,3,-22.377709365472562,-16.26659501655393,True,6,-15.74975450021323,0.5168405163406984,1
3.0,38,CSI,4,10.763651033727136,7.678037871867856,True,3,7.65001533382348,0.028022538044376155,3
3.0,38,CSI,5,-0.22870915110518292,-0.26394236167349466,True,1,-0.00011884197075549416,0.26382351970273915,1
3.0,39,CSI,1,21.309135623094512,15.297150487685787,True,5,14.396923909196166,0.9002265784896206,1
3.0,39,CSI,2,-11.2996826171875,-8.262720690917968,True,7,-8.099415216692213,0.16330547422575492,1
3.0,39,CSI,3,-22.38773997237043,-16.273842130037636,True,6,-15.74975450021323,0.5240876298244057,1
3.0,39,CSI,4,10.803651391006097,7.706938130001905,True,3,7.65001533382348,0.05692279617842555,3
3.0,39,CSI,5,-0.2169725371570122,-0.2554626580959413,True,1,-0.00011884197075549416,0.2553438161251858,1
3.0,40,CSI,1,-11.594839700838415,-8.475971683855754,True,7,-8.099415216692213,0.37655646716354063,1
3.0,40,CSI,2,21.346882145579265,15.32442235018102,True,5,14.396923909196166,0.9274984409848539,1
3.0,40,CSI,3,-22.381204744664632,-16.269120428020198,True,6,-15.74975450021323,0.5193659278069678,1
3.0,40,CSI,4,10.866097799161585,7.752055659894245,True,3,7.65001533382348,0.10204032607076563,3
3.0,40,CSI,5,-0.24090725038109756,-0.27275548840034297,True,1,-0.00011884197075549416,0.27263664642958746,1
3.0,41,CSI,1,-11.705140648818597,-8.555664118771436,True,7,-8.099415216692213,0.4562489020792224,1
3.0,41,CSI,2,21.350291182355182,15.326885379251621,True,5,14.396923909196166,0.9299614700554546,1
3.0,41,CSI,3,-22.396204506478657,-16.27995775593083,True,6,-15.74975450021323,0.5302032557176002,1
3.0,41,CSI,4,10.81863328887195,7.717762551209985,True,3,7.65001533382348,0.06774721738650502,3
3.0,41,CSI,5,-0.2612513100228659,-0.28745407149152064,True,1,-0.00011884197075549416,0.2873352295207651,1
3.0,42,CSI,1,-11.474010932736281,-8.388672898901962,True,7,-8.099415216692213,0.28925768220974923,1
3.0,42,CSI,2,21.349695717416157,15.326455155833175,True,5,14.396923909196166,0.9295312466370085,1
3.0,42,CSI,3,-22.353494783727132,-16.249099981242853,True,6,-15.74975450021323,0.4993454810296232,1
3.0,42,CSI,4,10.852771293826219,7.7424272597894435,True,3,7.65001533382348,0.0924119259659637,3
3.0,42,CSI,5,-0.2523193359375,-0.28100072021484374,True,1,-0.00011884197075549416,0.2808818782440882,1
3.0,43,CSI,1,-11.580459222560975,-8.465581788300304,True,7,-8.099415216692213,0.3661665716080904,1
3.0,43,CSI,2,21.34681366711128,15.324372874487903,True,5,14.396923909196166,0.9274489652917364,1
3.0,43,CSI,3,-22.353852062690546,-16.24935811529392,True,6,-15.74975450021323,0.49960361508068907,1
3.0,43,CSI,4,10.813417016006097,7.713993794064406,True,3,7.65001533382348,0.0639784602409259,3
3.0,43,CSI,5,-0.27826076600609756,-0.2997434034394055,True,1,-0.00011884197075549416,0.29962456146864996,1
3.0,44,CSI,1,-11.307911942644818,-8.26866637856088,True,7,-8.099415216692213,0.16925116186866696,1
3.0,44,CSI,2,21.32391804020579,15.307830784048685,True,5,14.396923909196166,0.9109068748525182,1
3.0,44,CSI,3,10.817049352134147,7.716618156916922,True,3,7.65001533382348,0.0666028230934419,3
3.0,44,CSI,4,-22.327615877477136,-16.230402471477234,True,6,-15.74975450021323,0.4806479712640037,1
3.0,44,CSI,5,-0.2581221417682927,-0.28519324742759145,True,1,-0.00011884197075549416,0.28507440545683593,1
3.0,45,CSI,1,-11.373246355754574,-8.31587049203268,True,7,-8.099415216692213,0.2164552753404667,1
3.0,45,CSI,2,21.35653463224085,15.331396271794016,True,5,14.396923909196166,0.9344723625978499,1
3.0,45,CSI,3,-22.361643721417682,-16.254987588724276,True,6,-15.74975450021323,0.5052330885110461,1
3.0,45,CSI,4,10.785579030106707,7.693880849252096,True,3,7.65001533382348,0.0438655154286165,3
3.0,45,CSI,5,-0.24795457793445122,-0.277847182557641,True,1,-0.00011884197075549416,0.2777283405868855,1
3.0,46,CSI,1,21.35781488185976,15.332321252143679,True,5,14.396923909196166,0.9353973429475122,1
3.0,46,CSI,2,-11.192007669588415,-8.184925541277629,True,7,-8.099415216692213,0.08551032458541563,1
3.0,46,CSI,3,-22.35061868807165,-16.247022002131768,True,6,-15.74975450021323,0.49726750191853775,1
3.0,46,CSI,4,10.803964010099085,7.707163997296589,True,3,7.65001533382348,0.057148663473109096,3
3.0,46,CSI,5,-0.25528772865853655,-0.28314538395579264,True,1,-0.00011884197075549416,0.28302654198503713,1
3.0,47,CSI,1,-11.323343416539636,-8.279815618449886,True,7,-8.099415216692213,0.18040040175767302,1
3.0,47,CSI,2,-22.35489114900915,-16.250108855159112,True,6,-15.74975450021323,0.5003543549458822,1
3.0,47,CSI,3,21.34397627667683,15.322322859899012,True,5,14.396923909196166,0.9253989507028457,1
3.0,47,CSI,4,10.838682593368903,7.732248173709032,True,3,7.65001533382348,0.08223283988555252,3
3.0,47,CSI,5,-0.25220322027439024,-0.28091682664824696,True,1,-0.00011884197075549416,0.28079798467749145,1
3.0,48,CSI,1,-11.598406535823171,-8.47854872213224,True,7,-8.099415216692213,0.3791335054400271,1
3.0,48,CSI,2,-22.36691358612805,-16.258795065977516,True,6,-15.74975450021323,0.5090405657642858,1
3.0,48,CSI,3,21.361277510480182,15.334823001321933,True,5,14.396923909196166,0.9378990921257664,1
3.0,48,CSI,4,10.872906940739329,7.756975264684165,True,3,7.65001533382348,0.10695993086068523,3
3.0,48,CSI,5,-0.2735774342606707,-0.2963596962533346,True,1,-0.00011884197075549416,0.29624085428257907,1
3.0,49,CSI,1,-11.415959055830793,-8.346730417837747,True,7,-8.099415216692213,0.2473152011455344,1
3.0,49,CSI,2,-22.364856254763723,-16.257308644066793,True,6,-15.74975450021323,0.5075541438535627,1
3.0,49,CSI,3,21.31824921398628,15.30373505710509,True,5,14.396923909196166,0.9068111479089236,1
3.0,49,CSI,4,10.816543206935975,7.716252467011242,True,3,7.65001533382348,0.06623713318776225,3
3.0,49,CSI,5,-0.24794564596036586,-0.2778407292063643,True,1,-0.00011884197075549416,0.2777218872356088,1
3.0,50,CSI,1,-11.481972298971037,-8.394424986006573,True,7,-8.099415216692213,0.29500976931436007,1
3.0,50,CSI,2,21.320610232469512,15.305440892959224,True,5,14.396923909196166,0.9085169837630573,1
3.0,50,CSI,3,-22.350514481707314,-16.246946713033537,True,6,-15.74975450021323,0.49719221282030723,1
3.0,50,CSI,4,10.895641792111281,7.7734011948004005,True,3,7.65001533382348,0.12338586097692072,3
3.0,50,CSI,5,-0.23685511147103658,-0.2698278180378239,True,1,-0.00011884197075549416,0.2697089760670684,1
3.0,51,CSI,1,-11.453041634908537,-8.373522581221417,True,7,-8.099415216692213,0.27410736452920403,1
3.0,51,CSI,2,21.330277605754574,15.312425570157682,True,5,14.396923909196166,0.9155016609615156,1
3.0,51,CSI,3,-22.381832960175302,-16.269574313726658,True,6,-15.74975450021323,0.5198198135134273,1
3.0,51,CSI,4,10.795058831935975,7.7007300060737425,True,3,7.65001533382348,0.050714672250262716,3
3.0,51,CSI,5,-0.25885158631859756,-0.2857202711151867,True,1,-0.00011884197075549416,0.2856014291444312,1
3.0,52,CSI,1,-11.505972513338413,-8.411765140887002,True,7,-8.099415216692213,0.31234992419478935,1
3.0,52,CSI,2,21.336830697408537,15.31716017887767,True,5,14.396923909196166,0.920236269681503,1
3.0,52,CSI,3,-22.3692031488186,-16.26044927502144,True,6,-15.74975450021323,0.5106947748082096,1
3.0,52,CSI,4,10.812383884336892,7.7132473564334045,True,3,7.65001533382348,0.06323202260992478,3
3.0,52,CSI,5,-0.23405940358231708,-0.2678079190882241,True,1,-0.00011884197075549416,0.2676890771174686,1
3.0,53,CSI,1,-11.410349776105182,-8.342677713235993,True,7,-8.099415216692213,0.24326249654377996,1
3.0,53,CSI,2,21.328559689405488,15.311184375595467,True,5,14.396923909196166,0.9142604663993001,1
3.0,53,CSI,3,-22.373940072408537,-16.26387170231517,True,6,-15.74975450021323,0.5141172021019411,1
3.0,53,CSI,4,10.809823385099085,7.711397395734089,True,3,7.65001533382348,0.06138206191060913,3
3.0,53,CSI,5,-0.2612453553734756,-0.2874497692573361,True,1,-0.00011884197075549416,0.2873309272865806,1
3.0,54,CSI,1,-11.25953339367378,-8.233712876929305,True,7,-8.099415216692213,0.13429766023709178,1
3.0,54,CSI,2,21.33375214367378,15.314935923804308,True,5,14.396923909196166,0.9180120146081414,1
3.0,54,CSI,3,-22.341287752477132,-16.24028040116473,True,6,-15.74975450021323,0.4905259009514982,1
3.0,54,CSI,4,10.824209818025913,7.721791593523723,True,3,7.65001533382348,0.07177625970024337,3
3.0,54,CSI,5,-0.23949004382621952,-0.2717315566644436,True,1,-0.00011884197075549416,0.2716127146936881,1
3.0,55,CSI,1,-11.613057950647864,-8.48913436934308,True,7,-8.099415216692213,0.38971915265086743,1
3.0,55,CSI,2,21.342038038300302,15.32092248267197,True,5,14.396923909196166,0.9239985734758029,1
3.0,55,CSI,3,-22.385093130716463,-16.271929786942646,True,6,-15.74975450021323,0.522175286729416,1
3.0,55,CSI,4,10.811240591653963,7.712421327469989,True,3,7.65001533382348,0.06240599364650912,3
3.0,55,CSI,5,-0.2537722703887195,-0.2820504653558499,True,1,-0.00011884197075549416,0.28193162338509437,1
3.0,56,CSI,1,-11.531247022675304,-8.430025973882907,True,7,-8.099415216692213,0.3306107571906942,1
3.0,56,CSI,2,21.316191882621954,15.302248635194363,True,5,14.396923909196166,0.9053247259981969,1
3.0,56,CSI,3,-22.356975276295728,-16.251614637123666,True,6,-15.74975450021323,0.5018601369104356,1
3.0,56,CSI,4,10.807408774771341,7.7096528397722945,True,3,7.65001533382348,0.059637505948814784,3
3.0,56,CSI,5,-0.24995534012957316,-0.2792927332436166,True,1,-0.00011884197075549416,0.2791738912728611,1
3.0,57,CSI,1,-11.4952392578125,-8.404010363769531,True,7,-8.099415216692213,0.3045951470773183,1
3.0,57,CSI,2,21.28585592130335,15.280330903141673,True,5,14.396923909196166,0.8834069939455063,1
3.0,57,CSI,3,-22.390955483041157,-16.276165336497236,True,6,-15.74975450021323,0.5264108362840059,1
3.0,57,CSI,4,10.81701064691311,7.7165901923947215,True,3,7.65001533382348,0.06657485857124179,3
3.0,57,CSI,5,-0.2189256621570122,-0.2568737909084413,True,1,-0.00011884197075549416,0.2567549489376858,1
3.0,58,CSI,1,-11.440399914253048,-8.364388938047826,True,7,-8.099415216692213,0.2649737213556129,1
3.0,58,CSI,2,21.323346393864327,15.307417769566978,True,5,14.396923909196166,0.9104938603708117,1
3.0,58,CSI,3,-22.388377119855182,-16.27430246909537,True,6,-15.74975450021323,0.5245479688821408,1
3.0,58,CSI,4,10.797265029535062,7.702323983839083,True,3,7.65001533382348,0.05230865001560314,3
3.0,58,CSI,5,-0.2750244140625,-0.29740513916015626,True,1,-0.00011884197075549416,0.29728629718940075,1
3.0,59,CSI,1,-11.467690072408537,-8.384106077315167,True,7,-8.099415216692213,0.2846908606229537,1
3.0,59,CSI,2,21.321664205411587,15.306202388409872,True,5,14.396923909196166,0.9092784792137056,1
3.0,59,CSI,3,-22.362066501524392,-16.255293047351376,True,6,-15.74975450021323,0.5055385471381459,1
3.0,59,CSI,4,10.805530082888719,7.7082954848871,True,3,7.65001533382348,0.05828015106362017,3
3.0,59,CSI,5,-0.24604909012957316,-0.2764704676186166,True,1,-0.00011884197075549416,0.2763516256478611,1
3.0,60,CSI,1,-11.424161585365853,-8.35265674542683,True,7,-8.099415216692213,0.25324152873461614,1
3.0,60,CSI,2,21.333350204839938,15.314645522996857,True,5,14.396923909196166,0.9177216138006905,1
3.0,60,CSI,3,-22.38468821455793,-16.271637235018105,True,6,-15.74975450021323,0.5218827348048745,1
3.0,60,CSI,4,10.850246522484756,7.740603112495236,True,3,7.65001533382348,0.0905877786717566,3
3.0,60,CSI,5,-0.2470703125,-0.27720830078125,True,1,-0.00011884197075549416,0.2770894588104945,1
3.0,61,CSI,1,-11.399434903772864,-8.334791717975893,True,7,-8.099415216692213,0.23537650128367993,1
3.0,61,CSI,2,21.361024437881095,15.334640156369092,True,5,14.396923909196166,0.9377162471729257,1
3.0,61,CSI,3,-22.356177353277438,-16.25103813774295,True,6,-15.74975450021323,0.5012836375297187,1
3.0,61,CSI,4,10.84255907012195,7.73504892816311,True,3,7.65001533382348,0.08503359433963009,3
3.0,61,CSI,5,-0.24265493997713414,-0.27401819413347944,True,1,-0.00011884197075549416,0.27389935216272393,1
3.0,62,CSI,1,-11.547521079458843,-8.441783979909014,True,7,-8.099415216692213,0.34236876321680043,1
3.0,62,CSI,2,21.325752072217988,15.309155872177497,True,5,14.396923909196166,0.9122319629813305,1
3.0,62,CSI,3,-22.346804735137194,-16.244266421136626,True,6,-15.74975450021323,0.49451192092339546,1
3.0,62,CSI,4,10.799441453887194,7.703896450433498,True,3,7.65001533382348,0.053881116610018154,3
3.0,62,CSI,5,-0.26401724466463417,-0.2894524592701982,True,1,-0.00011884197075549416,0.2893336172994427,1
3.0,63,CSI,1,-11.767074957126525,-8.600411656523914,True,7,-8.099415216692213,0.5009964398317006,1
3.0,63,CSI,2,21.32638624237805,15.309614060118141,True,5,14.396923909196166,0.9126901509219749,1
3.0,63,CSI,3,-22.386203672827744,-16.272732153618048,True,6,-15.74975450021323,0.5229776534048174,1
3.0,63,CSI,4,10.826418992949696,7.723387722406156,True,3,7.65001533382348,0.07337238858267625,3
3.0,63,CSI,5,-0.23224919016768292,-0.2665000398961509,True,1,-0.00011884197075549416,0.2663811979253954,1
3.0,64,CSI,1,-11.710961318597562,-8.559869552686738,True,7,-8.099415216692213,0.460454335994525,1
3.0,64,CSI,2,-22.382077100800302,-16.26975070532822,True,6,-15.74975450021323,0.5199962051149907,1
3.0,64,CSI,3,21.300400152439025,15.290839110137197,True,5,14.396923909196166,0.8939152009410307,1
3.0,64,CSI,4,10.784462533346037,7.693074180342512,True,3,7.65001533382348,0.043058846519032024,3
3.0,64,CSI,5,-0.23049256859756095,-0.2652308808117378,True,1,-0.00011884197075549416,0.2651120388409823,1
3.0,65,CSI,1,-11.745665015243903,-8.58494297351372,True,7,-8.099415216692213,0.4855277568215062,1
3.0,65,CSI,2,21.306292278010673,15.295096170862713,True,5,14.396923909196166,0.8981722616665468,1
3.0,65,CSI,3,-22.360583793826223,-16.25422179103945,True,6,-15.74975450021323,0.5044672908262182,1
3.0,65,CSI,4,10.822069121570122,7.720244940334413,True,3,7.65001533382348,0.07022960651093335,3
3.0,65,CSI,5,-0.23495260099085366,-0.2684532542158918,True,1,-0.00011884197075549416,0.26833441224513627,1
3.0,66,CSI,1,-11.707900628810977,-8.557658204315931,True,7,-8.099415216692213,0.4582429876237182,1
3.0,66,CSI,2,-22.364877096036583,-16.25732370188643,True,6,-15.74975450021323,0.507569201673201,1
3.0,66,CSI,3,21.271657059832314,15.270072225728848,True,5,14.396923909196166,0.8731483165326814,1
3.0,66,CSI,4,10.742976491044207,7.6631005147794395,True,3,7.65001533382348,0.013085180955959785,3
3.0,66,CSI,5,-0.24552805830792682,-0.27609402212747713,True,1,-0.00011884197075549416,0.2759751801567216,1
3.0,67,CSI,1,-11.775441239519818,-8.606456295553068,True,7,-8.099415216692213,0.5070410788608548,1
3.0,67,CSI,2,21.285513528963413,15.280083524676067,True,5,14.396923909196166,0.8831596154799009,1
3.0,67,CSI,3,-22.386885480182926,-16.273224759432164,True,6,-15.74975450021323,0.523470259218934,1
3.0,67,CSI,4,10.781690644054878,7.69107149032965,True,3,7.65001533382348,0.041056156506170005,3
3.0,67,CSI,5,-0.24975883669969512,-0.2791507595155297,True,1,-0.00011884197075549416,0.2790319175447742,1
3.0,68,CSI,1,-11.447447241806403,-8.369480632205125,True,7,-8.099415216692213,0.27006541551291185,1
3.0,68,CSI,2,21.347930163871954,15.32517954339749,True,5,14.396923909196166,0.9282556342013226,1
3.0,68,CSI,3,-22.368178949123475,-16.259709290741714,True,6,-15.74975450021323,0.509954790528484,1
3.0,68,CSI,4,10.824165158155488,7.72175932676734,True,3,7.65001533382348,0.07174399294386014,3
3.0,68,CSI,5,-0.23175495426829268,-0.26614295445884145,True,1,-0.00011884197075549416,0.26602411248808594,1
3.0,69,CSI,1,-11.620182688643293,-8.49428199254478,True,7,-8.099415216692213,0.3948667758525666,1
3.0,69,CSI,2,21.310764219702744,15.298327148735234,True,5,14.396923909196166,0.9014032395390679,1
3.0,69,CSI,3,-22.374190167682926,-16.264052396150916,True,6,-15.74975450021323,0.5142978959376858,1
3.0,69,CSI,4,10.860527224657012,7.748030919814692,True,3,7.65001533382348,0.09801558599121218,3
3.0,69,CSI,5,-0.24500107183689027,-0.2757132744021532,True,1,-0.00011884197075549416,0.2755944324313977,1
3.0,70,CSI,1,-11.529243283155488,-8.42857827207984,True,7,-8.099415216692213,0.32916305538762636,1
3.0,70,CSI,2,21.290396341463413,15.283611356707318,True,5,14.396923909196166,0.8866874475111519,1
3.0,70,CSI,3,-22.361444240663108,-16.254843463879098,True,6,-15.74975450021323,0.5050889636658678,1
3.0,70,CSI,4,10.787892411394818,7.695552267232756,True,3,7.65001533382348,0.04553693340927634,3
3.0,70,CSI,5,-0.23972822980182926,-0.27190364603182166,True,1,-0.00011884197075549416,0.27178480406106614,1
3.0,71,CSI,1,-11.583731302400915,-8.46794586598466,True,7,-8.099415216692213,0.36853064929244717,1
3.0,71,CSI,2,21.311050042873475,15.298533655976087,True,5,14.396923909196166,0.9016097467799202,1
3.0,71,CSI,3,-22.409614376905488,-16.289646387314217,True,6,-15.74975450021323,0.5398918871009872,1
3.0,71,CSI,4,10.822497856326219,7.720554701195693,True,3,7.65001533382348,0.07053936737221367,3
3.0,71,CSI,5,-0.2638773104039634,-0.2893513567668636,True,1,-0.00011884197075549416,0.28923251479610806,1
3.0,72,CSI,1,-11.654427877286587,-8.519024141339559,True,7,-8.099415216692213,0.41960892464734556,1
3.0,72,CSI,2,21.32754442168445,15.310450844667017,True,5,14.396923909196166,0.9135269354708502,1
3.0,72,CSI,3,-22.4046035394436,-16.286026057248,True,6,-15.74975450021323,0.5362715570347714,1
3.0,72,CSI,4,10.817320288681403,7.7168139085723135,True,3,7.65001533382348,0.06679857474883377,3
3.0,72,CSI,5,-0.2439917587652439,-0.2749840457078887,True,1,-0.00011884197075549416,0.2748652037371332,1
3.0,73,CSI,1,-11.638362233231707,-8.507416713509908,True,7,-8.099415216692213,0.40800149681769504,1
3.0,73,CSI,2,21.323751310022864,15.307710321491522,True,5,14.396923909196166,0.9107864122953551,1
3.0,73,CSI,3,-22.401370164824694,-16.283689944085843,True,6,-15.74975450021323,0.5339354438726129,1
3.0,73,CSI,4,10.815798875762194,7.715714687738186,True,3,7.65001533382348,0.06569935391470594,3
3.0,73,CSI,5,-0.23246355754573172,-0.26665492032679117,True,1,-0.00011884197075549416,0.26653607835603566,1
3.0,74,CSI,1,-11.680738495617378,-8.538033563083555,True,7,-8.099415216692213,0.43861834639134223,1
3.0,74,CSI,2,21.279517197027438,15.275751174852326,True,5,14.396923909196166,0.8788272656561595,1
3.0,74,CSI,3,-22.392834174923777,-16.27752269138243,True,6,-15.74975450021323,0.5277681911691996,1
3.0,74,CSI,4,10.772654463605182,7.684542849954744,True,3,7.65001533382348,0.03452751613126459,3
3.0,74,CSI,5,-0.25832162252286583,-0.28533737227277056,True,1,-0.00011884197075549416,0.28521853030201505,1
3.0,75,CSI,1,-11.572700314405488,-8.459975977157963,True,7,-8.099415216692213,0.36056076046575036,1
3.0,75,CSI,2,21.30322265625,15.292878369140627,True,5,14.396923909196166,0.8959544599444609,1
3.0,75,CSI,3,-22.403987233231707,-16.28558077600991,True,6,-15.74975450021323,0.5358262757966781,1
3.0,75,CSI,4,10.798080816501525,7.702913389922352,True,3,7.65001533382348,0.052898056098872104,3
3.0,75,CSI,5,-0.22934927591463414,-0.2644048518483232,True,1,-0.00011884197075549416,0.2642860098775677,1
3.0,76,CSI,1,-11.654159918064025,-8.518830540801257,True,7,-8.099415216692213,0.41941532410904436,1
3.0,76,CSI,2,21.280458031631095,15.276430927853468,True,5,14.396923909196166,0.8795070186573017,1
3.0,76,CSI,3,-22.41644733708079,-16.294583201040872,True,6,-15.74975450021323,0.544828700827642,1
3.0,76,CSI,4,10.81199980945122,7.7129698623285075,True,3,7.65001533382348,0.0629545285050277,3
3.0,76,CSI,5,-0.24276807831554878,-0.274099936582984,True,1,-0.00011884197075549416,0.27398109461222847,1
3.0,77,CSI,1,-11.510795779344512,-8.41524995057641,True,7,-8.099415216692213,0.3158347338841967,1
3.0,77,CSI,2,21.307295636432926,15.29582109732279,True,5,14.396923909196166,0.8988971881266234,1
3.0,77,CSI,3,-22.38289884241616,-16.270344413645677,True,6,-15.74975450021323,0.5205899134324472,1
3.0,77,CSI,4,10.827493807164634,7.724164275676449,True,3,7.65001533382348,0.07414894185296905,3
3.0,1,RGB,1,9.311031389236451,7.939568985671998,True,3,7.65001533382348,0.289553651848518,3
3.0,1,RGB,2,1.4132870435714722,0.24400689525604258,True,1,-0.00011884197075549416,0.24412573722679806,1
3.0,1,RGB,3,-15.43920042514801,-16.177056894264222,True,6,-15.74975450021323,0.4273023940509919,1
3.0,1,RGB,4,-6.872610926628113,-7.829772086906433,True,7,-8.099415216692213,0.26964312978577976,1
3.0,1,RGB,5,16.8950261592865,15.329413489608763,True,5,14.396923909196166,0.9324895804125966,1
3.0,2,RGB,1,9.305482506752014,7.934162154579163,True,3,7.65001533382348,0.28414682075568365,3
3.0,2,RGB,2,1.4214285850524901,0.25194001327514637,True,1,-0.00011884197075549416,0.2520588552459019,1
3.0,2,RGB,3,-15.354972732067107,-16.09498543012619,True,6,-15.74975450021323,0.3452309299129599,1
3.0,2,RGB,4,-6.875417447090149,-7.832506760444641,True,7,-8.099415216692213,0.2669084562475721,1
3.0,2,RGB,5,16.924989795684812,15.35861005691528,True,5,14.396923909196166,0.9616861477191136,1
3.0,3,RGB,1,9.311519980430603,7.940045068931581,True,3,7.65001533382348,0.29002973510810115,3
3.0,3,RGB,2,1.4333850860595703,0.2635904278564454,True,1,-0.00011884197075549416,0.2637092698272009,1
3.0,3,RGB,3,-15.228963088989257,-15.972201633911133,True,6,-15.74975450021323,0.22244713369790325,1
3.0,3,RGB,4,-6.851341581344604,-7.809047236862182,True,7,-8.099415216692213,0.29036797983003115,1
3.0,3,RGB,5,16.92392871379852,15.35757613872528,True,5,14.396923909196166,0.9606522295291136,1
3.0,4,RGB,1,9.314272212982178,7.942726844329836,True,3,7.65001533382348,0.292711510506356,3
3.0,4,RGB,2,-15.35009833574295,-16.09023581834793,True,6,-15.74975450021323,0.3404813181347013,1
3.0,4,RGB,3,1.4388105869293213,0.26887703590393075,True,1,-0.00011884197075549416,0.26899587787468626,1
3.0,4,RGB,4,-6.866721510887146,-7.824033440208435,True,7,-8.099415216692213,0.27538177648377804,1
3.0,4,RGB,5,16.94206416606903,15.375247323417662,True,5,14.396923909196166,0.9783234142214958,1
3.0,5,RGB,1,9.3140287399292,7.9424896041870126,True,3,7.65001533382348,0.2924742703635328,3
3.0,5,RGB,2,1.466319751739502,0.29568196609497077,True,1,-0.00011884197075549416,0.2958008080657263,1
3.0,5,RGB,3,-15.282873451709747,-16.02473189134598,True,6,-15.74975450021323,0.2749773911327491,1
3.0,5,RGB,4,-6.889746165275573,-7.846468663444519,True,7,-8.099415216692213,0.25294655324769444,1
3.0,5,RGB,5,16.919758415222166,15.353512599792479,True,5,14.396923909196166,0.9565886905963126,1
3.0,6,RGB,1,9.33495261669159,7.9628778297042855,True,3,7.65001533382348,0.3128624958808057,3
3.0,6,RGB,2,1.469522738456726,0.29880295635223386,True,1,-0.00011884197075549416,0.2989217983229894,1
3.0,6,RGB,3,-15.205138099193572,-15.948986563854218,True,6,-15.74975450021323,0.1992320636409879,1
3.0,6,RGB,4,-6.875159990787506,-7.832255895023346,True,7,-8.099415216692213,0.267159321668867,1
3.0,6,RGB,5,16.93255226612091,15.365978928108214,True,5,14.396923909196166,0.9690550189120479,1
3.0,7,RGB,1,9.320544934272766,7.948838983955384,True,3,7.65001533382348,0.2988236501319044,3
3.0,7,RGB,2,1.467408800125122,0.29674313484191894,True,1,-0.00011884197075549416,0.29686197681267446,1
3.0,7,RGB,3,-15.38648110628128,-16.12568718996048,True,6,-15.74975450021323,0.37593268974725014,1
3.0,7,RGB,4,-6.870482182502746,-7.827697838630676,True,7,-8.099415216692213,0.2717173780615374,1
3.0,7,RGB,5,16.92672700881958,15.360302797393798,True,5,14.396923909196166,0.9633788881976315,1
3.0,8,RGB,1,9.34241967201233,7.970153728408815,True,3,7.65001533382348,0.3201383945853351,3
3.0,8,RGB,2,-15.38330773115158,-16.1225950532341,True,6,-15.74975450021323,0.37284055302087005,1
3.0,8,RGB,3,1.4587210893630982,0.2882778294754029,True,1,-0.00011884197075549416,0.28839667144615844,1
3.0,8,RGB,4,-6.8751262664794925,-7.832223034057618,True,7,-8.099415216692213,0.2671921826345951,1
3.0,8,RGB,5,16.919009900093076,15.352783246650693,True,5,14.396923909196166,0.9558593374545268,1
3.0,9,RGB,1,9.342633533477784,7.970362115020753,True,3,7.65001533382348,0.3203467811972729,3
3.0,9,RGB,2,1.4817589044570922,0.31072587650299077,True,1,-0.00011884197075549416,0.3108447184737463,1
3.0,9,RGB,3,-15.418081605434418,-16.156478716335297,True,6,-15.74975450021323,0.40672421612206655,1
3.0,9,RGB,4,-6.890752136707306,-7.847448882007599,True,7,-8.099415216692213,0.2519663346846137,1
3.0,9,RGB,5,16.90898308753967,15.343013120498656,True,5,14.396923909196166,0.946089211302489,1
3.0,10,RGB,1,9.36015043258667,7.987430581512451,True,3,7.65001533382348,0.3374152476889716,3
3.0,10,RGB,2,1.5096678256988525,0.33792032936096184,True,1,-0.00011884197075549416,0.33803917133171735,1
3.0,10,RGB,3,-15.417202305793761,-16.15562192676544,True,6,-15.74975450021323,0.4058674265522111,1
3.0,10,RGB,4,-6.890397620201111,-7.847103441123963,True,7,-8.099415216692213,0.25231177556825024,1
3.0,10,RGB,5,16.911409592628477,15.345377507057188,True,5,14.396923909196166,0.9484535978610218,1
3.0,11,RGB,1,9.355177330970765,7.982584791297914,True,3,7.65001533382348,0.33256945747443467,3
3.0,11,RGB,2,1.477119755744934,0.3062054899978639,True,1,-0.00011884197075549416,0.3063243319686194,1
3.0,11,RGB,3,-15.331994140148163,-16.07259509016037,True,6,-15.74975450021323,0.3228405899471394,1
3.0,11,RGB,4,-6.87732081413269,-7.834361401290893,True,7,-8.099415216692213,0.2650538154013198,1
3.0,11,RGB,5,16.908820223808288,15.342854426078796,True,5,14.396923909196166,0.9459305168826297,1
3.0,12,RGB,1,9.363317227363586,7.990516306343079,True,3,7.65001533382348,0.34050097251959954,3
3.0,12,RGB,2,-15.445798873901367,-16.183486422729494,True,6,-15.74975450021323,0.43373192251626413,1
3.0,12,RGB,3,1.4573490858078002,0.28694094921112057,True,1,-0.00011884197075549416,0.2870597911818761,1
3.0,12,RGB,4,-6.8847985625267025,-7.841647719326019,True,7,-8.099415216692213,0.25776749736619387,1
3.0,12,RGB,5,16.914941596984864,15.348819092102053,True,5,14.396923909196166,0.9518951829058864,1
3.0,13,RGB,1,9.334682822227478,7.9626149419784555,True,3,7.65001533382348,0.3125996081549758,3
3.0,13,RGB,2,-15.427250504493713,-16.165412891578676,True,6,-15.74975450021323,0.41565839136544547,1
3.0,13,RGB,3,1.4278263330459595,0.25817397891998306,True,1,-0.00011884197075549416,0.2582928208907386,1
3.0,13,RGB,4,-6.876561605930329,-7.833621628818513,True,7,-8.099415216692213,0.26579358787370033,1
3.0,13,RGB,5,16.936855816841128,15.370172307929996,True,5,14.396923909196166,0.9732483987338298,1
3.0,14,RGB,1,9.333942532539368,7.96189360370636,True,3,7.65001533382348,0.3118782698828806,3
3.0,14,RGB,2,1.4405741214752197,0.2705954239654542,True,1,-0.00011884197075549416,0.27071426593620973,1
3.0,14,RGB,3,-15.371051001548768,-16.11065209590912,True,6,-15.74975450021323,0.3608975956958904,1
3.0,14,RGB,4,-6.894694590568543,-7.851290409049988,True,7,-8.099415216692213,0.2481248076422249,1
3.0,14,RGB,5,16.956583714485166,15.389395171394346,True,5,14.396923909196166,0.9924712621981797,1
3.0,15,RGB,1,9.349955821037293,7.977496952018739,True,3,7.65001533382348,0.3274816181952591,3
3.0,15,RGB,2,1.4636629343032836,0.2930931631851197,True,1,-0.00011884197075549416,0.2932120051558752,1
3.0,15,RGB,3,-15.386183345317841,-16.125397051677705,True,6,-15.74975450021323,0.375642551464475,1
3.0,15,RGB,4,-6.889495289325714,-7.846224209918976,True,7,-8.099415216692213,0.25319100677323725,1
3.0,15,RGB,5,16.95025177001953,15.383225324707032,True,5,14.396923909196166,0.9863014155108658,1
3.0,16,RGB,1,9.335225701332092,7.963143923377991,True,3,7.65001533382348,0.31312858955451084,3
3.0,16,RGB,2,1.4325526714324952,0.26277932304382334,True,1,-0.00011884197075549416,0.26289816501457886,1
3.0,16,RGB,3,-15.317709016799927,-16.05867566596985,True,6,-15.74975450021323,0.30892116575662065,1
3.0,16,RGB,4,-6.8846118450164795,-7.841465781784057,True,7,-8.099415216692213,0.2579494349081557,1
3.0,16,RGB,5,16.94628381729126,15.379358951568603,True,5,14.396923909196166,0.9824350423724368,1
3.0,17,RGB,1,9.35825035572052,7.985579146614074,True,3,7.65001533382348,0.33556381279059444,3
3.0,17,RGB,2,-15.403379452228545,-16.142152938251495,True,6,-15.74975450021323,0.39239843803826524,1
3.0,17,RGB,3,1.446394443511963,0.27626674575805676,True,1,-0.00011884197075549416,0.2763855877288123,1
3.0,17,RGB,4,-6.879104089736939,-7.836099025039673,True,7,-8.099415216692213,0.2633161916525397,1
3.0,17,RGB,5,16.938446617126463,15.371722383728025,True,5,14.396923909196166,0.974798474531859,1
3.0,18,RGB,1,9.362989854812621,7.990197314529419,True,3,7.65001533382348,0.34018198070593897,3
3.0,18,RGB,2,1.446524405479431,0.27639338069915764,True,1,-0.00011884197075549416,0.27651222266991315,1
3.0,18,RGB,3,-15.307364702224731,-16.04859616584778,True,6,-15.74975450021323,0.2988416656345496,1
3.0,18,RGB,4,-6.894191193580627,-7.850799899024963,True,7,-8.099415216692213,0.24861531766724987,1
3.0,18,RGB,5,16.914589548110964,15.348476055679322,True,5,14.396923909196166,0.9515521464831558,1
3.0,19,RGB,1,9.351410079002381,7.978913980979921,True,3,7.65001533382348,0.328898647156441,3
3.0,19,RGB,2,1.4414114713668824,0.27141133769989034,True,1,-0.00011884197075549416,0.27153017967064585,1
3.0,19,RGB,3,-15.255936777591705,-15.998484796085359,True,6,-15.74975450021323,0.2487302958721287,1
3.0,19,RGB,4,-6.867330193519592,-7.8246265405654905,True,7,-8.099415216692213,0.27478867612672264,1
3.0,19,RGB,5,16.91935865879059,15.35312307712555,True,5,14.396923909196166,0.956199167929384,1
3.0,20,RGB,1,9.336530256271363,7.9644150817108175,True,3,7.65001533382348,0.3143997478873377,3
3.0,20,RGB,2,1.4455718994140625,0.2754652587890625,True,1,-0.00011884197075549416,0.275584100759818,1
3.0,20,RGB,3,-15.284304678440094,-16.02612647867203,True,6,-15.74975450021323,0.27637197845879946,1
3.0,20,RGB,4,-6.874328398704529,-7.831445591697693,True,7,-8.099415216692213,0.26796962499452004,1
3.0,20,RGB,5,16.932420659065247,15.365850690193176,True,5,14.396923909196166,0.968926780997009,1
3.0,21,RGB,1,9.360523867607117,7.987794456596375,True,3,7.65001533382348,0.33777912277289524,3
3.0,21,RGB,2,1.447664451599121,0.27750424163818366,True,1,-0.00011884197075549416,0.27762308360893917,1
3.0,21,RGB,3,-15.405833101272583,-16.144543773880006,True,6,-15.74975450021323,0.39478927366677574,1
3.0,21,RGB,4,-6.88663694858551,-7.843439042701721,True,7,-8.099415216692213,0.2559761739904918,1
3.0,21,RGB,5,16.955989837646484,15.388816497802734,True,5,14.396923909196166,0.9918925886065679,1
3.0,22,RGB,1,9.358013463020324,7.985348318367005,True,3,7.65001533382348,0.3353329845435251,3
3.0,22,RGB,2,-15.411731564998627,-16.150291236934663,True,6,-15.74975450021323,0.400536736721433,1
3.0,22,RGB,3,1.4450964689254762,0.275001999320984,True,1,-0.00011884197075549416,0.2751208412917395,1
3.0,22,RGB,4,-6.881386649608612,-7.838323151378632,True,7,-8.099415216692213,0.26109206531358087,1
3.0,22,RGB,5,16.948488235473633,15.38150693664551,True,5,14.396923909196166,0.984583027449343,1
3.0,23,RGB,1,9.348210382461549,7.975796196670534,True,3,7.65001533382348,0.3257808628470542,3
3.0,23,RGB,2,-15.444092094898224,-16.18182333726883,True,6,-15.74975450021323,0.43206883705560095,1
3.0,23,RGB,3,1.4409031391143798,0.2709160187530517,True,1,-0.00011884197075549416,0.2710348607238072,1
3.0,23,RGB,4,-6.8982043862342834,-7.854710353946686,True,7,-8.099415216692213,0.24470486274552705,1
3.0,23,RGB,5,16.946171951293945,15.379249949340819,True,5,14.396923909196166,0.9823260401446525,1
3.0,24,RGB,1,9.370641160011292,7.997652746315004,True,3,7.65001533382348,0.34763741249152424,3
3.0,24,RGB,2,1.445609736442566,0.2755021271896363,True,1,-0.00011884197075549416,0.2756209691603918,1
3.0,24,RGB,3,-15.314487934112549,-16.05553704299927,True,6,-15.74975450021323,0.305782542786039,1
3.0,24,RGB,4,-6.888719630241394,-7.845468407707215,True,7,-8.099415216692213,0.2539468089849981,1
3.0,24,RGB,5,16.938097858428957,15.371382553253175,True,5,14.396923909196166,0.9744586440570089,1
3.0,25,RGB,1,9.350745463371277,7.978266379508972,True,3,7.65001533382348,0.32825104568549257,3
3.0,25,RGB,2,1.438267707824707,0.2683480545043946,True,1,-0.00011884197075549416,0.2684668964751501,1
3.0,25,RGB,3,-15.256059336662293,-15.99860421764374,True,6,-15.74975450021323,0.24884971743050954,1
3.0,25,RGB,4,-6.879421591758728,-7.836408399009705,True,7,-8.099415216692213,0.2630068176825082,1
3.0,25,RGB,5,16.947221517562866,15.380272646713257,True,5,14.396923909196166,0.9833487375170904,1
3.0,26,RGB,1,9.356690812110902,7.984059527320864,True,3,7.65001533382348,0.3340441934973839,3
3.0,26,RGB,2,1.4573161840438842,0.28690888973236084,True,1,-0.00011884197075549416,0.28702773170311635,1
3.0,26,RGB,3,-15.179133367538451,-15.923647553329468,True,6,-15.74975450021323,0.17389305311623815,1
3.0,26,RGB,4,-6.872761452198029,-7.829918759021759,True,7,-8.099415216692213,0.2694964576704537,1
3.0,26,RGB,5,16.92423963546753,15.35787910079956,True,5,14.396923909196166,0.9609551916033929,1
3.0,27,RGB,1,9.350171327590942,7.977706941604615,True,3,7.65001533382348,0.3276916077811354,3
3.0,27,RGB,2,1.4334624052047729,0.2636657676315308,True,1,-0.00011884197075549416,0.26378460960228634,1
3.0,27,RGB,3,-15.146012806892395,-15.89137487903595,True,6,-15.74975450021323,0.14162037882272038,1
3.0,27,RGB,4,-6.858855521678924,-7.816368820323944,True,7,-8.099415216692213,0.28304639636826945,1
3.0,27,RGB,5,16.923367738723755,15.357029524612427,True,5,14.396923909196166,0.9601056154162606,1
3.0,28,RGB,1,9.367158508300781,7.994259250488281,True,3,7.65001533382348,0.3442439166648015,3
3.0,28,RGB,2,1.426500391960144,0.25688198192596445,True,1,-0.00011884197075549416,0.25700082389671997,1
3.0,28,RGB,3,-15.059282112121583,-15.806864490051272,True,6,-15.74975450021323,0.057109989838041386,1
3.0,28,RGB,4,-6.830365061759949,-7.788607716178894,True,7,-8.099415216692213,0.3108075005133193,1
3.0,28,RGB,5,16.94064774513245,15.373867162857058,True,5,14.396923909196166,0.9769432536608917,1
3.0,29,RGB,1,9.375390529632568,8.002280532073975,True,3,7.65001533382348,0.3522651982504952,3
3.0,29,RGB,2,1.436484432220459,0.2666104307556154,True,1,-0.00011884197075549416,0.2667292727263709,1
3.0,29,RGB,3,-15.223740756511688,-15.96711299314499,True,6,-15.74975450021323,0.21735849293176024,1
3.0,29,RGB,4,-6.865802729129792,-7.823138179264069,True,7,-8.099415216692213,0.27627703742814447,1
3.0,29,RGB,5,16.956902861595154,15.389706148338318,True,5,14.396923909196166,0.9927822391421515,1
3.0,30,RGB,1,9.367665195465088,7.994752966461182,True,3,7.65001533382348,0.3447376326377025,3
3.0,30,RGB,2,1.4610571146011353,0.2905540524673462,True,1,-0.00011884197075549416,0.29067289443810174,1
3.0,30,RGB,3,-15.20233404636383,-15.946254294776917,True,6,-15.74975450021323,0.19649979456368705,1
3.0,30,RGB,4,-6.863395142555237,-7.820792226905823,True,7,-8.099415216692213,0.2786229897863901,1
3.0,30,RGB,5,16.94770188331604,15.38074071510315,True,5,14.396923909196166,0.983816805906983,1
3.0,31,RGB,1,9.37370924949646,8.000642292709351,True,3,7.65001533382348,0.35062695888587125,3
3.0,31,RGB,2,1.477226686477661,0.306309683303833,True,1,-0.00011884197075549416,0.3064285252745885,1
3.0,31,RGB,3,-15.215804028511048,-15.959379445381167,True,6,-15.74975450021323,0.20962494516793662,1
3.0,31,RGB,4,-6.856833708286286,-7.814398765354157,True,7,-8.099415216692213,0.2850164513380564,1
3.0,31,RGB,5,16.93277599811554,15.366196932563783,True,5,14.396923909196166,0.9692730233676166,1
3.0,32,RGB,1,9.375706386566161,8.002588303070068,True,3,7.65001533382348,0.3525729692465882,3
3.0,32,RGB,2,1.4769174098968505,0.3060083242034912,True,1,-0.00011884197075549416,0.30612716617424673,1
3.0,32,RGB,3,-15.237253510951996,-15.980279821071626,True,6,-15.74975450021323,0.23052532085839594,1
3.0,32,RGB,4,-6.8536027550697325,-7.811250524539948,True,7,-8.099415216692213,0.28816469215226537,1
3.0,32,RGB,5,16.936186265945434,15.369519897537232,True,5,14.396923909196166,0.972595988341066,1
3.0,33,RGB,1,9.367604327201843,7.9946936564254765,True,3,7.65001533382348,0.3446783226019967,3
3.0,33,RGB,2,1.454065489768982,0.2837414132308962,True,1,-0.00011884197075549416,0.2838602552016517,1
3.0,33,RGB,3,-15.319952917098998,-16.060862122421263,True,6,-15.74975450021323,0.31110762220803245,1
3.0,33,RGB,4,-6.877786374092102,-7.834815042915344,True,7,-8.099415216692213,0.26460017377686906,1
3.0,33,RGB,5,16.924206733703613,15.3578470413208,True,5,14.396923909196166,0.9609231321246341,1
3.0,34,RGB,1,9.391446590423584,8.01792555770874,True,3,7.65001533382348,0.36791022388525985,3
3.0,34,RGB,2,1.4428640842437743,0.27282676368713377,True,1,-0.00011884197075549416,0.2729456056578893,1
3.0,34,RGB,3,-15.252253425121307,-15.994895737438203,True,6,-15.74975450021323,0.24514123722497239,1
3.0,34,RGB,4,-6.875549876689911,-7.832635799846649,True,7,-8.099415216692213,0.26677941684556394,1
3.0,34,RGB,5,16.912844109535218,15.346775300331116,True,5,14.396923909196166,0.9498513911349491,1
3.0,35,RGB,1,9.390007138252258,8.016522955513,True,3,7.65001533382348,0.36650762168952067,3
3.0,35,RGB,2,1.4703058004379272,0.2995659719467163,True,1,-0.00011884197075549416,0.2996848139174718,1
3.0,35,RGB,3,-15.293971216678619,-16.035545553531648,True,6,-15.74975450021323,0.2857910533184178,1
3.0,35,RGB,4,-6.869444131851196,-7.826686362075805,True,7,-8.099415216692213,0.2727288546164077,1
3.0,35,RGB,5,16.914564871788027,15.348452011070252,True,5,14.396923909196166,0.9515281018740858,1
3.0,36,RGB,1,9.380857157707215,8.00760721446991,True,3,7.65001533382348,0.35759188064643066,3
3.0,36,RGB,2,1.447689127922058,0.27752828624725345,True,1,-0.00011884197075549416,0.27764712821800897,1
3.0,36,RGB,3,-15.249016714096069,-15.99174188621521,True,6,-15.74975450021323,0.24198738600198055,1
3.0,36,RGB,4,-6.872253119945526,-7.829423440074921,True,7,-8.099415216692213,0.26999177661729235,1
3.0,36,RGB,5,16.91068739891052,15.344673801498411,True,5,14.396923909196166,0.9477498923022445,1
3.0,37,RGB,1,9.376838207244873,8.003691149139405,True,3,7.65001533382348,0.35367581531592496,3
3.0,37,RGB,2,1.4545442104339599,0.2842078786468505,True,1,-0.00011884197075549416,0.284326720617606,1
3.0,37,RGB,3,-15.165651869773864,-15.910511181907655,True,6,-15.74975450021323,0.16075668169442459,1
3.0,37,RGB,4,-6.8604964971542355,-7.817967786827087,True,7,-8.099415216692213,0.2814474298651257,1
3.0,37,RGB,5,16.919439268112182,15.35320162284851,True,5,14.396923909196166,0.9562777136523444,1
3.0,38,RGB,1,9.380106997489928,8.006876258354186,True,3,7.65001533382348,0.3568609245307064,3
3.0,38,RGB,2,1.4804954767227172,0.3094947925186158,True,1,-0.00011884197075549416,0.3096136344893713,1
3.0,38,RGB,3,-15.113601279258727,-15.859793086509706,True,6,-15.74975450021323,0.11003858629647567,1
3.0,38,RGB,4,-6.865911304950714,-7.823243975543976,True,7,-8.099415216692213,0.2761712411482371,1
3.0,38,RGB,5,16.92262580394745,15.356306583366395,True,5,14.396923909196166,0.9593826741702287,1
3.0,39,RGB,1,9.379944133758546,8.006717563934327,True,3,7.65001533382348,0.3567022301108471,3
3.0,39,RGB,2,1.4616197347640991,0.2911022695541383,True,1,-0.00011884197075549416,0.2912211115248938,1
3.0,39,RGB,3,-15.258972787857056,-16.001443084487917,True,6,-15.74975450021323,0.251688584274687,1
3.0,39,RGB,4,-6.8766751170158384,-7.833732234020233,True,7,-8.099415216692213,0.2656829826719802,1
3.0,39,RGB,5,16.893377780914307,15.327807309722902,True,5,14.396923909196166,0.930883400526735,1
3.0,40,RGB,1,9.38199062347412,8.008711663513182,True,3,7.65001533382348,0.35869632968970233,3
3.0,40,RGB,2,1.4638356685638427,0.2932614754486085,True,1,-0.00011884197075549416,0.293380317419364,1
3.0,40,RGB,3,-15.207752966880799,-15.951534490928651,True,6,-15.74975450021323,0.20177999071542096,1
3.0,40,RGB,4,-6.876048338413239,-7.83312150094986,True,7,-8.099415216692213,0.2662937157423535,1
3.0,40,RGB,5,16.903583908081057,15.337752160034183,True,5,14.396923909196166,0.9408282508380168,1
3.0,41,RGB,1,9.367295050621033,7.994392297325136,True,3,7.65001533382348,0.3443769635016558,3
3.0,41,RGB,2,1.455750060081482,0.28538285854339596,True,1,-0.00011884197075549416,0.28550170051415147,1
3.0,41,RGB,3,-15.274981141090393,-16.01704162387848,True,6,-15.74975450021323,0.2672871236652501,1
3.0,41,RGB,4,-6.876957249641419,-7.834007144050599,True,7,-8.099415216692213,0.26540807264161437,1
3.0,41,RGB,5,16.891416835784913,15.325896564788819,True,5,14.396923909196166,0.9289726555926521,1
3.0,42,RGB,1,9.404722452163696,8.030861557388306,True,3,7.65001533382348,0.3808462235648262,3
3.0,42,RGB,2,1.4748380184173584,0.30398216514587406,True,1,-0.00011884197075549416,0.3041010071166296,1
3.0,42,RGB,3,-15.324219453334809,-16.06501943532944,True,6,-15.74975450021323,0.31526493511620934,1
3.0,42,RGB,4,-6.891531085968017,-7.848207890167236,True,7,-8.099415216692213,0.2512073265249768,1
3.0,42,RGB,5,16.90979905128479,15.343808195571897,True,5,14.396923909196166,0.946884286375731,1
3.0,43,RGB,1,9.375857734680176,8.002735776672363,True,3,7.65001533382348,0.3527204428488835,3
3.0,43,RGB,2,1.4413259267807006,0.27132798305511474,True,1,-0.00011884197075549416,0.27144682502587025,1
3.0,43,RGB,3,-15.260143268108369,-16.002583600444794,True,6,-15.74975450021323,0.2528291002315637,1
3.0,43,RGB,4,-6.899226808547974,-7.855706602249146,True,7,-8.099415216692213,0.2437086144430669,1
3.0,43,RGB,5,16.90390634536743,15.338066342926025,True,5,14.396923909196166,0.9411424337298584,1
3.0,44,RGB,1,9.37233395576477,7.999302206497192,True,3,7.65001533382348,0.34928687267371217,3
3.0,44,RGB,2,1.4433493852615356,0.2732996409988404,True,1,-0.00011884197075549416,0.2734184829695959,1
3.0,44,RGB,3,-15.113426899909973,-15.859623171272279,True,6,-15.74975450021323,0.10986867105904885,1
3.0,44,RGB,4,-6.872166752815247,-7.829339283943177,True,7,-8.099415216692213,0.2700759327490365,1
3.0,44,RGB,5,16.9085800409317,15.342620391883846,True,5,14.396923909196166,0.9456964826876799,1
3.0,45,RGB,1,9.390091037750244,8.016604707183838,True,3,7.65001533382348,0.366589373360358,3
3.0,45,RGB,2,1.4736371040344238,0.3028119941711427,True,1,-0.00011884197075549416,0.3029308361418982,1
3.0,45,RGB,3,-15.056014144420624,-15.803680182323458,True,6,-15.74975450021323,0.05392568211022741,1
3.0,45,RGB,4,-6.853916966915131,-7.811556692562104,True,7,-8.099415216692213,0.28785852413010904,1
3.0,45,RGB,5,16.88409948348999,15.318766536712646,True,5,14.396923909196166,0.9218426275164795,1
3.0,46,RGB,1,9.397903561592102,8.024217230415344,True,3,7.65001533382348,0.3742018965918641,3
3.0,46,RGB,2,1.4846904516220092,0.3135823760604859,True,1,-0.00011884197075549416,0.3137012180312414,1
3.0,46,RGB,3,-15.040903186798095,-15.788956065216066,True,6,-15.74975450021323,0.03920156500283589,1
3.0,46,RGB,4,-6.853869259357452,-7.811510206317902,True,7,-8.099415216692213,0.2879050103743115,1
3.0,46,RGB,5,16.901478195190432,15.335700353393557,True,5,14.396923909196166,0.9387764441973907,1
3.0,47,RGB,1,9.383089542388916,8.00978245010376,True,3,7.65001533382348,0.35976711628028024,3
3.0,47,RGB,2,1.4725381851196289,0.30174120758056633,True,1,-0.00011884197075549416,0.30186004955132184,1
3.0,47,RGB,3,-15.054763877391816,-15.802461922130586,True,6,-15.74975450021323,0.052707421917356,1
3.0,47,RGB,4,-6.867015159130096,-7.824319571056366,True,7,-8.099415216692213,0.2750956456358473,1
3.0,47,RGB,5,16.903927731513978,15.338087181587222,True,5,14.396923909196166,0.941163272391055,1
3.0,48,RGB,1,9.385789132118225,8.012412930335998,True,3,7.65001533382348,0.3623975965125181,3
3.0,48,RGB,2,1.458176565170288,0.28774724510192873,True,1,-0.00011884197075549416,0.28786608707268424,1
3.0,48,RGB,3,-15.034009444713593,-15.782238802928926,True,6,-15.74975450021323,0.032484302715696245,1
3.0,48,RGB,4,-6.839652407169342,-7.7976573055458065,True,7,-8.099415216692213,0.3017579111464066,1
3.0,48,RGB,5,16.906137084960935,15.340239975585936,True,5,14.396923909196166,0.9433160663897695,1
3.0,49,RGB,1,9.387490153312683,8.014070405387878,True,3,7.65001533382348,0.3640550715643984,3
3.0,49,RGB,2,1.4778567552566528,0.3069236223220826,True,1,-0.00011884197075549416,0.3070424642928381,1
3.0,49,RGB,3,-15.03251734972,-15.78078490556717,True,6,-15.74975450021323,0.031030405353940083,1
3.0,49,RGB,4,-6.841457891464233,-7.799416569442749,True,7,-8.099415216692213,0.29999864724946423,1
3.0,49,RGB,5,16.914045023918153,15.347945471305847,True,5,14.396923909196166,0.9510215621096805,1
3.0,50,RGB,1,9.390655303001404,8.017154527244568,True,3,7.65001533382348,0.3671391934210879,3
3.0,50,RGB,2,1.4683448553085328,0.29765522701263447,True,1,-0.00011884197075549416,0.29777406898339,1
3.0,50,RGB,3,-15.069964492321015,-15.817273401317598,True,6,-15.74975450021323,0.06751890110436776,1
3.0,50,RGB,4,-6.857851195335388,-7.815390204734802,True,7,-8.099415216692213,0.2840250119574108,1
3.0,50,RGB,5,16.902621531486513,15.33681442028046,True,5,14.396923909196166,0.9398905110842932,1
3.0,51,RGB,1,9.373625349998473,8.000560541038512,True,3,7.65001533382348,0.35054520721503213,3
3.0,51,RGB,2,1.4714491367340088,0.30068003883361816,True,1,-0.00011884197075549416,0.30079888080437367,1
3.0,51,RGB,3,-15.039445638656616,-15.787535830307009,True,6,-15.74975450021323,0.03778133009377882,1
3.0,51,RGB,4,-6.871780157089233,-7.828962585067749,True,7,-8.099415216692213,0.2704526316244644,1
3.0,51,RGB,5,16.90600547790527,15.340111737670897,True,5,14.396923909196166,0.9431878284747306,1
3.0,52,RGB,1,9.386134600639343,8.012749554862976,True,3,7.65001533382348,0.3627342210394966,3
3.0,52,RGB,2,1.4748314380645753,0.30397575325012216,True,1,-0.00011884197075549416,0.3040945952208777,1
3.0,52,RGB,3,-15.026683866977692,-15.775100759983063,True,6,-15.74975450021323,0.02534625976983307,1
3.0,52,RGB,4,-6.8400513410568236,-7.7980460267257685,True,7,-8.099415216692213,0.3013691899664446,1
3.0,52,RGB,5,16.90336511135101,15.337538964500427,True,5,14.396923909196166,0.94061505530426,1
3.0,53,RGB,1,9.384790563583374,8.01143992515564,True,3,7.65001533382348,0.36142459133216054,3
3.0,53,RGB,2,1.4639376640319823,0.2933608598327637,True,1,-0.00011884197075549416,0.29347970180351923,1
3.0,53,RGB,3,-15.050865018367768,-15.798662873897554,True,6,-15.74975450021323,0.048908373684323436,1
3.0,53,RGB,4,-6.8425691485404965,-7.80049937833786,True,7,-8.099415216692213,0.2989158383543531,1
3.0,53,RGB,5,16.897648429870603,15.331968630065917,True,5,14.396923909196166,0.935044720869751,1
3.0,54,RGB,1,9.378364849090577,8.005178708953858,True,3,7.65001533382348,0.35516337513037843,3
3.0,54,RGB,2,1.4973971128463746,0.3259637467575074,True,1,-0.00011884197075549416,0.3260825887282629,1
3.0,54,RGB,3,-15.059920406341552,-15.80748644393921,True,6,-15.74975450021323,0.05773194372597956,1
3.0,54,RGB,4,-6.855937957763672,-7.813525946044922,True,7,-8.099415216692213,0.2858892706472913,1
3.0,54,RGB,5,16.898095893859864,15.332404638977051,True,5,14.396923909196166,0.9354807297808847,1
3.0,55,RGB,1,9.379238390922547,8.006029888114929,True,3,7.65001533382348,0.35601455429144924,3
3.0,55,RGB,2,1.4826982498168946,0.31164117462158214,True,1,-0.00011884197075549416,0.31176001659233765,1
3.0,55,RGB,3,-15.096823024749757,-15.843444355316164,True,6,-15.74975450021323,0.0936898551029337,1
3.0,55,RGB,4,-6.862420427799225,-7.819842464847564,True,7,-8.099415216692213,0.2795727518446487,1
3.0,55,RGB,5,16.908056902885438,15.342110646171571,True,5,14.396923909196166,0.9451867369754048,1
3.0,56,RGB,1,9.372881770133972,7.999835996818542,True,3,7.65001533382348,0.34982066299506265,3
3.0,56,RGB,2,1.4641235589981079,0.2935419958877563,True,1,-0.00011884197075549416,0.2936608378585118,1
3.0,56,RGB,3,-15.19343740940094,-15.937585411720276,True,6,-15.74975450021323,0.18783091150704578,1
3.0,56,RGB,4,-6.87628687620163,-7.833353932170868,True,7,-8.099415216692213,0.2660612845213448,1
3.0,56,RGB,5,16.91122040748596,15.34519316505432,True,5,14.396923909196166,0.948269255858154,1
3.0,57,RGB,1,9.39750051498413,8.023824501800537,True,3,7.65001533382348,0.37380916797705677,3
3.0,57,RGB,2,1.498821759223938,0.3273519221878052,True,1,-0.00011884197075549416,0.3274707641585607,1
3.0,57,RGB,3,-15.11903418302536,-15.865086907939911,True,6,-15.74975450021323,0.1153324077266813,1
3.0,57,RGB,4,-6.869197368621826,-7.826445915985108,True,7,-8.099415216692213,0.27296930070710523,1
3.0,57,RGB,5,16.907775592803954,15.341836537628174,True,5,14.396923909196166,0.9449126284320073,1
3.0,58,RGB,1,9.395501732826233,8.021876888465881,True,3,7.65001533382348,0.37186155464240134,3
3.0,58,RGB,2,1.502381730079651,0.33082075778961184,True,1,-0.00011884197075549416,0.33093959976036735,1
3.0,58,RGB,3,-15.116493344306946,-15.862611114692688,True,6,-15.74975450021323,0.11285661447945827,1
3.0,58,RGB,4,-6.873389053344726,-7.830530293579102,True,7,-8.099415216692213,0.2688849231131112,1
3.0,58,RGB,5,16.894489860534666,15.32889092010498,True,5,14.396923909196166,0.9319670109088136,1
3.0,59,RGB,1,9.395723819732666,8.02209328994751,True,3,7.65001533382348,0.3720779561240297,3
3.0,59,RGB,2,1.5362820625305176,0.36385324172973643,True,1,-0.00011884197075549416,0.36397208370049194,1
3.0,59,RGB,3,-15.020110094547272,-15.768695276126863,True,6,-15.74975450021323,0.018940775913632635,1
3.0,59,RGB,4,-6.826434123516083,-7.784777409954071,True,7,-8.099415216692213,0.31463780673814234,1
3.0,59,RGB,5,16.90403137207031,15.33818816894531,True,5,14.396923909196166,0.9412642597491434,1
3.0,60,RGB,1,9.405505514144897,8.031624572982787,True,3,7.65001533382348,0.38160923915930756,3
3.0,60,RGB,2,1.519077730178833,0.34708934028625493,True,1,-0.00011884197075549416,0.34720818225701044,1
3.0,60,RGB,3,-15.078709781169891,-15.825794810771944,True,6,-15.74975450021323,0.07604031055871374,1
3.0,60,RGB,4,-6.8682136058807375,-7.82548733757019,True,7,-8.099415216692213,0.27392787912202277,1
3.0,60,RGB,5,16.90516154766083,15.339289412040712,True,5,14.396923909196166,0.9423655028445452,1
3.0,61,RGB,1,9.400103044509887,8.026360406570433,True,3,7.65001533382348,0.37634507274695306,3
3.0,61,RGB,2,1.486542820930481,0.3153873247146608,True,1,-0.00011884197075549416,0.3155061666854163,1
3.0,61,RGB,3,-15.18623274564743,-15.930565187358857,True,6,-15.74975450021323,0.18081068714562676,1
3.0,61,RGB,4,-6.892608618736267,-7.8492578380966185,True,7,-8.099415216692213,0.2501573785955946,1
3.0,61,RGB,5,16.92709221839905,15.360658657608033,True,5,14.396923909196166,0.9637347484118663,1
3.0,62,RGB,1,9.370957016944885,7.997960517311097,True,3,7.65001533382348,0.34794518348761727,3
3.0,62,RGB,2,1.4746422529220582,0.3037914112472535,True,1,-0.00011884197075549416,0.303910253218009,1
3.0,62,RGB,3,-15.077960443496703,-15.825064656143189,True,6,-15.74975450021323,0.07531015592995871,1
3.0,62,RGB,4,-6.849092745780945,-7.806855971488953,True,7,-8.099415216692213,0.29255924520326015,1
3.0,62,RGB,5,16.904904913902282,15.339039348106384,True,5,14.396923909196166,0.9421154389102178,1
3.0,63,RGB,1,9.384900784492492,8.011547324409484,True,3,7.65001533382348,0.3615319905860046,3
3.0,63,RGB,2,1.4949706077575684,0.3235993601989746,True,1,-0.00011884197075549416,0.32371820216973013,1
3.0,63,RGB,3,-15.078824937343597,-15.825907018947603,True,6,-15.74975450021323,0.07615251873437323,1
3.0,63,RGB,4,-6.828325152397156,-7.786620028495789,True,7,-8.099415216692213,0.31279518819642416,1
3.0,63,RGB,5,16.91779582500458,15.351600251884461,True,5,14.396923909196166,0.9546763426882947,1
3.0,64,RGB,1,9.380630135536194,8.007386004066467,True,3,7.65001533382348,0.35737067024298685,3
3.0,64,RGB,2,1.4655284643173219,0.2949109356307984,True,1,-0.00011884197075549416,0.2950297776015539,1
3.0,64,RGB,3,-15.126437902450562,-15.87230109214783,True,6,-15.74975450021323,0.12254659193459894,1
3.0,64,RGB,4,-6.868540155887604,-7.825805527896881,True,7,-8.099415216692213,0.2736096887953323,1
3.0,64,RGB,5,16.912531542778016,15.346470735282898,True,5,14.396923909196166,0.9495468260867312,1
3.0,65,RGB,1,9.378256273269653,8.005072912673949,True,3,7.65001533382348,0.3550575788504693,3
3.0,65,RGB,2,1.4712040185928346,0.300441195716858,True,1,-0.00011884197075549416,0.3005600376876135,1
3.0,65,RGB,3,-15.101031982898713,-15.847545564136507,True,6,-15.74975450021323,0.09779106392327641,1
3.0,65,RGB,4,-6.872659456729889,-7.829819374637604,True,7,-8.099415216692213,0.26959584205460896,1
3.0,65,RGB,5,16.918652915954592,15.352435401306154,True,5,14.396923909196166,0.9555114921099879,1
3.0,66,RGB,1,9.386896276474,8.013491731796265,True,3,7.65001533382348,0.36347639797278486,3
3.0,66,RGB,2,1.5051652193069458,0.33353298969268796,True,1,-0.00011884197075549416,0.3336518316634435,1
3.0,66,RGB,3,-15.203753757476807,-15.947637661285402,True,6,-15.74975450021323,0.19788316107217163,1
3.0,66,RGB,4,-6.884692454338074,-7.84154432750702,True,7,-8.099415216692213,0.2578708891851935,1
3.0,66,RGB,5,16.916170477867126,15.350016513633728,True,5,14.396923909196166,0.9530926044375612,1
3.0,67,RGB,1,9.38504226207733,8.01168518016815,True,3,7.65001533382348,0.3616698463446708,3
3.0,67,RGB,2,1.4850342750549317,0.31391739761352544,True,1,-0.00011884197075549416,0.31403623958428095,1
3.0,67,RGB,3,-15.157829475402831,-15.90288904083252,True,6,-15.74975450021323,0.15313454061928944,1
3.0,67,RGB,4,-6.877528095245362,-7.834563376007081,True,7,-8.099415216692213,0.26485184068513234,1
3.0,67,RGB,5,16.916652488708497,15.350486184997559,True,5,14.396923909196166,0.9535622758013922,1
3.0,68,RGB,1,9.372560977935791,7.999523416900636,True,3,7.65001533382348,0.349508083077156,3
3.0,68,RGB,2,1.4634819746017456,0.29291683605194097,True,1,-0.00011884197075549416,0.2930356780226965,1
3.0,68,RGB,3,-15.30696988105774,-16.048211452102663,True,6,-15.74975450021323,0.2984569518894329,1
3.0,68,RGB,4,-6.911919486522675,-7.868074347667695,True,7,-8.099415216692213,0.23134086902451845,1
3.0,68,RGB,5,16.901312041282655,15.335538453025817,True,5,14.396923909196166,0.9386145438296509,1
3.0,69,RGB,1,9.37599756717682,8.002872029457093,True,3,7.65001533382348,0.352856695633613,3
3.0,69,RGB,2,1.4507062196731568,0.2804681404495242,True,1,-0.00011884197075549416,0.2805869824202797,1
3.0,69,RGB,3,-15.202981388568878,-15.946885065021515,True,6,-15.74975450021323,0.19713056480828506,1
3.0,69,RGB,4,-6.887431526184082,-7.84421327911377,True,7,-8.099415216692213,0.2552019375784429,1
3.0,69,RGB,5,16.915681886672974,15.349540430374146,True,5,14.396923909196166,0.9526165211779798,1
3.0,70,RGB,1,9.381367135047913,8.008104136390687,True,3,7.65001533382348,0.3580888025672069,3
3.0,70,RGB,2,1.4458038568496705,0.27569127811431904,True,1,-0.00011884197075549416,0.27581012008507455,1
3.0,70,RGB,3,-15.30286374092102,-16.044210429153445,True,6,-15.74975450021323,0.29445592894021466,1
3.0,70,RGB,4,-6.898453617095948,-7.854953204498291,True,7,-8.099415216692213,0.24446201219392183,1
3.0,70,RGB,5,16.921260380744936,15.354976114997866,True,5,14.396923909196166,0.9580522058016996,1
3.0,71,RGB,1,9.39793152809143,8.024244480972289,True,3,7.65001533382348,0.3742291471488093,3
3.0,71,RGB,2,1.445897626876831,0.27578264762878435,True,1,-0.00011884197075549416,0.27590148959953986,1
3.0,71,RGB,3,-15.283147358894348,-16.024998786506654,True,6,-15.74975450021323,0.27524428629342346,1
3.0,71,RGB,4,-6.897549641132355,-7.854072370319367,True,7,-8.099415216692213,0.24534284637284642,1
3.0,71,RGB,5,16.90271530151367,15.33690578979492,True,5,14.396923909196166,0.9399818805987543,1
3.0,72,RGB,1,9.387263131141662,8.013849194984434,True,3,7.65001533382348,0.3638338611609546,3
3.0,72,RGB,2,1.44886372089386,0.2786728096389772,True,1,-0.00011884197075549416,0.27879165160973274,1
3.0,72,RGB,3,-15.318075048923493,-16.05903232767105,True,6,-15.74975450021323,0.3092778274578212,1
3.0,72,RGB,4,-6.88805912733078,-7.844824813671112,True,7,-8.099415216692213,0.25459040302110125,1
3.0,72,RGB,5,16.920962619781495,15.354685976715087,True,5,14.396923909196166,0.9577620675189209,1
3.0,73,RGB,1,9.39993360042572,8.026195300254821,True,3,7.65001533382348,0.37617996643134166,3
3.0,73,RGB,2,1.4450520515441894,0.2749587190246583,True,1,-0.00011884197075549416,0.2750775609954138,1
3.0,73,RGB,3,-15.251313257217408,-15.993979637832643,True,6,-15.74975450021323,0.2442251376194129,1
3.0,73,RGB,4,-6.908874428272247,-7.865107242908477,True,7,-8.099415216692213,0.2343079737837357,1
3.0,73,RGB,5,16.90228099822998,15.336482604675291,True,5,14.396923909196166,0.9395586954791249,1
3.0,74,RGB,1,9.409233283996581,8.035256911926268,True,3,7.65001533382348,0.3852415781027885,3
3.0,74,RGB,2,1.4651319980621338,0.2945246189117432,True,1,-0.00011884197075549416,0.2946434608824987,1
3.0,74,RGB,3,-15.243725287914277,-15.986585920543673,True,6,-15.74975450021323,0.2368314203304429,1
3.0,74,RGB,4,-6.9009607315063475,-7.857396136779785,True,7,-8.099415216692213,0.24201907991242777,1
3.0,74,RGB,5,16.90462853908539,15.338770048484806,True,5,14.396923909196166,0.9418461392886393,1
3.0,75,RGB,1,9.391568326950074,8.018044177780151,True,3,7.65001533382348,0.36802884395667146,3
3.0,75,RGB,2,1.4426765441894531,0.27264402465820314,True,1,-0.00011884197075549416,0.27276286662895866,1
3.0,75,RGB,3,-15.208776211738586,-15.952531540718079,True,6,-15.74975450021323,0.20277704050484857,1
3.0,75,RGB,4,-6.889218091964722,-7.8459541088104245,True,7,-8.099415216692213,0.25346110788178855,1
3.0,75,RGB,5,16.900257539749145,15.334510946731568,True,5,14.396923909196166,0.9375870375354012,1
3.0,76,RGB,1,9.391390657424926,8.017871056594847,True,3,7.65001533382348,0.3678557227713677,3
3.0,76,RGB,2,1.469662570953369,0.2989392091369629,True,1,-0.00011884197075549416,0.29905805110771844,1
3.0,76,RGB,3,-15.255031156539918,-15.997602358932497,True,6,-15.74975450021323,0.2478478587192665,1
3.0,76,RGB,4,-6.900228667259216,-7.85668281337738,True,7,-8.099415216692213,0.24273240331483326,1
3.0,76,RGB,5,16.90142061710358,15.335644249305728,True,5,14.396923909196166,0.9387203401095618,1
3.0,77,RGB,1,9.389386940002442,8.01591863433838,True,3,7.65001533382348,0.3659033005149004,3
3.0,77,RGB,2,1.4784210205078125,0.3074734423828127,True,1,-0.00011884197075549416,0.3075922843535682,1
3.0,77,RGB,3,-15.385767960548401,-16.12499230075836,True,6,-15.74975450021323,0.3752378005451309,1
3.0,77,RGB,4,-6.886549758911133,-7.843354085083008,True,7,-8.099415216692213,0.2560611316092052,1
3.0,77,RGB,5,16.910101747512815,15.344103142776488,True,5,14.396923909196166,0.9471792335803215,1
5.0,1,CSI,1,-22.382705316310975,-16.27020459103468,True,6,-15.74975450021323,0.5204500908214502,1
5.0,1,CSI,2,21.304422518102136,15.293745269328795,True,5,14.396923909196166,0.8968213601326287,1
5.0,1,CSI,3,-11.469518149771341,-8.385426863209794,True,7,-8.099415216692213,0.28601164651758104,1
5.0,1,CSI,4,10.84025759813262,7.733386114650818,True,3,7.65001533382348,0.08337078082733829,3
5.0,2,CSI,1,-22.410477801067074,-16.29027021127096,True,6,-15.74975450021323,0.540515711057731,1
5.0,2,CSI,2,-11.376786394817074,-8.318428170255336,True,7,-8.099415216692213,0.2190129535631229,1
5.0,2,CSI,3,21.29749130621189,15.288737468738091,True,5,14.396923909196166,0.8918135595419248,1
5.0,2,CSI,4,10.886703863376523,7.766943541289538,True,3,7.65001533382348,0.11692820746605825,3
5.0,3,CSI,1,-22.396037776295728,-16.279837293373664,True,6,-15.74975450021323,0.5300827931604335,1
5.0,3,CSI,2,-11.443740472560975,-8.366802491425304,True,7,-8.099415216692213,0.26738727473309076,1
5.0,3,CSI,3,21.29366842130335,15.285975434391673,True,5,14.396923909196166,0.8890515251955069,1
5.0,3,CSI,4,10.809236852134145,7.71097362566692,True,3,7.65001533382348,0.06095829184344037,3
5.0,3,CSI,5,-0.22686618711890244,-0.26261082019340704,True,1,-0.00011884197075549416,0.2624919782226515,1
5.0,4,CSI,1,-22.391714700838413,-16.276713871355756,True,6,-15.74975450021323,0.5269593711425262,1
5.0,4,CSI,2,-11.487277891577744,-8.398258276664919,True,7,-8.099415216692213,0.29884305997270566,1
5.0,4,CSI,3,21.305515196265247,15.294534729301644,True,5,14.396923909196166,0.8976108201054771,1
5.0,4,CSI,4,10.824305092416157,7.721860429270674,True,3,7.65001533382348,0.07184509544719386,3
5.0,5,CSI,1,-22.399711794969512,-16.282491771865473,True,6,-15.74975450021323,0.5327372716522429,1
5.0,5,CSI,2,-11.447170350609756,-8.369280578315548,True,7,-8.099415216692213,0.2698653616233351,1
5.0,5,CSI,3,21.292647198932926,15.28523760122904,True,5,14.396923909196166,0.8883136920328738,1
5.0,5,CSI,4,10.783962342797256,7.692712792671018,True,3,7.65001533382348,0.04269745884753817,3
5.0,6,CSI,1,-11.233984970464938,-8.215254141160917,True,7,-8.099415216692213,0.11583892446870436,1
5.0,6,CSI,2,-22.371340867949698,-16.261993777093657,True,6,-15.74975450021323,0.5122392768804271,1
5.0,6,CSI,3,21.295698956745426,15.287442496248572,True,5,14.396923909196166,0.890518587052405,1
5.0,6,CSI,4,10.726586318597562,7.651258615186738,True,3,7.65001533382348,0.0012432813632585749,3
5.0,7,CSI,1,-22.388144888528963,-16.274134681962177,True,6,-15.74975450021323,0.5243801817489473,1
5.0,7,CSI,2,-11.407187857278965,-8.340393226884052,True,7,-8.099415216692213,0.24097801019183862,1
5.0,7,CSI,3,21.285001429115855,15.279713532536206,True,5,14.396923909196166,0.8827896233400399,1
5.0,7,CSI,4,10.733922446646343,7.656558967701983,True,3,7.65001533382348,0.006543633878503208,3
5.0,8,CSI,1,-22.352542039824694,-16.248411623773343,True,6,-15.74975450021323,0.49865712356011294,1
5.0,8,CSI,2,21.25210794588415,15.2559479909013,True,5,14.396923909196166,0.8590240817051331,1
5.0,8,CSI,3,-11.229801829268293,-8.212231821646341,True,7,-8.099415216692213,0.11281660495412815,1
5.0,8,CSI,4,10.691043016387196,7.6255785793397495,True,3,7.65001533382348,0.024436754483730283,3
5.0,8,CSI,5,-0.2955828410823171,-0.3122586026819741,True,1,-0.00011884197075549416,0.3121397607112186,1
5.0,9,CSI,1,21.296026462461892,15.287679119128718,True,5,14.396923909196166,0.8907552099325518,1
5.0,9,CSI,2,-22.369101919778963,-16.260376137040303,True,6,-15.74975450021323,0.5106216368270733,1
5.0,9,CSI,3,-11.335550447789636,-8.288635198528011,True,7,-8.099415216692213,0.18921998183579802,1
5.0,9,CSI,4,10.76870653105945,7.681690468690453,True,3,7.65001533382348,0.03167513486697349,3
5.0,10,CSI,1,-22.404737519054876,-16.28612285751715,True,6,-15.74975450021323,0.5363683573039193,1
5.0,10,CSI,2,-11.56590010480183,-8.455062825719322,True,7,-8.099415216692213,0.355647609027109,1
5.0,10,CSI,3,21.294698575647864,15.286719720905584,True,5,14.396923909196166,0.8897958117094174,1
5.0,10,CSI,4,10.752253834794207,7.669803395638815,True,3,7.65001533382348,0.01978806181533521,3
5.0,11,CSI,1,-22.411368021150913,-16.290913395281535,True,6,-15.74975450021323,0.5411588950683051,1
5.0,11,CSI,2,21.3397842035061,15.319294087033159,True,5,14.396923909196166,0.9223701778369922,1
5.0,11,CSI,3,-11.456801995998475,-8.376239442108897,True,7,-8.099415216692213,0.27682422541668394,1
5.0,11,CSI,4,10.793037228467988,7.699269397568122,True,3,7.65001533382348,0.04925406374464192,3
5.0,12,CSI,1,21.323268983422253,15.30736184052258,True,5,14.396923909196166,0.9104379313264133,1
5.0,12,CSI,2,-22.38050507336128,-16.268614915503527,True,6,-15.74975450021323,0.5188604152902965,1
5.0,12,CSI,3,-11.571765434451219,-8.459300526391004,True,7,-8.099415216692213,0.3598853096987913,1
5.0,12,CSI,4,10.747195360137196,7.666148647699124,True,3,7.65001533382348,0.01613331387564454,3
5.0,13,CSI,1,-11.29297470464939,-8.257874224109184,True,7,-8.099415216692213,0.15845900741697072,1
5.0,13,CSI,2,21.30839724657012,15.296617010646914,True,5,14.396923909196166,0.8996931014507474,1
5.0,13,CSI,3,-22.338596250952744,-16.238335791313357,True,6,-15.74975450021323,0.48858129110012705,1
5.0,13,CSI,4,10.79812547637195,7.702945656678734,True,3,7.65001533382348,0.05293032285525445,3
5.0,13,CSI,5,-0.18285537347560973,-0.23081300733612803,True,1,-0.00011884197075549416,0.23069416536537254,1
5.0,14,CSI,1,-11.66538740948933,-8.52694240335604,True,7,-8.099415216692213,0.42752718666382705,1
5.0,14,CSI,2,-22.3607177734375,-16.254318591308596,True,6,-15.74975450021323,0.5045640910953662,1
5.0,14,CSI,3,21.326746498666157,15.3098743452863,True,5,14.396923909196166,0.9129504360901333,1
5.0,14,CSI,4,10.819764672256099,7.7185799757050315,True,3,7.65001533382348,0.06856464188155176,3
5.0,15,CSI,1,-11.543299233041157,-8.438733695872235,True,7,-8.099415216692213,0.33931847918002234,1
5.0,15,CSI,2,21.335639767530488,15.316299732040779,True,5,14.396923909196166,0.9193758228446125,1
5.0,15,CSI,3,-22.354355230564025,-16.24972165408251,True,6,-15.74975450021323,0.4999671538692798,1
5.0,15,CSI,4,10.837387457126525,7.731312437773915,True,3,7.65001533382348,0.0812971039504351,3
5.0,16,CSI,1,-22.4158935546875,-16.29418309326172,True,6,-15.74975450021323,0.5444285930484885,1
5.0,16,CSI,2,-11.661802710556401,-8.524352458376999,True,7,-8.099415216692213,0.42493724168478586,1
5.0,16,CSI,3,21.30856397675305,15.29673747320408,True,5,14.396923909196166,0.8998135640079141,1
5.0,16,CSI,4,10.818963771913111,7.718001325207223,True,3,7.65001533382348,0.06798599138374328,3
5.0,16,CSI,5,-0.23240103372713414,-0.26660974686785444,True,1,-0.00011884197075549416,0.2664909048970989,1
5.0,17,CSI,1,-22.425876524390244,-16.301395788871954,True,6,-15.74975450021323,0.5516412886587236,1
5.0,17,CSI,2,21.319371665396343,15.30454602824886,True,5,14.396923909196166,0.907622119052693,1
5.0,17,CSI,3,-11.629784560785062,-8.501219345167206,True,7,-8.099415216692213,0.4018041284749927,1
5.0,17,CSI,4,10.806384575076219,7.708912855492569,True,3,7.65001533382348,0.05889752166908924,3
5.0,18,CSI,1,-22.430934999047256,-16.305050536811645,True,6,-15.74975450021323,0.5552960365984152,1
5.0,18,CSI,2,-11.733047113185975,-8.575826539276866,True,7,-8.099415216692213,0.4764113225846529,1
5.0,18,CSI,3,21.33124225895579,15.31312253209556,True,5,14.396923909196166,0.9161986228993939,1
5.0,18,CSI,4,10.831114233993901,7.726780034060594,True,3,7.65001533382348,0.07676470023711435,3
5.0,18,CSI,5,-0.20818347465701217,-0.24911256043969132,True,1,-0.00011884197075549416,0.24899371846893584,1
5.0,19,CSI,1,-11.593717249428355,-8.475160712711986,True,7,-8.099415216692213,0.37574549601977303,1
5.0,19,CSI,2,-22.405937380907012,-16.286989757705317,True,6,-15.74975450021323,0.5372352574920871,1
5.0,19,CSI,3,21.287046851181405,15.281191349978567,True,5,14.396923909196166,0.8842674407824003,1
5.0,19,CSI,4,10.84645936547256,7.737866891553925,True,3,7.65001533382348,0.0878515577304455,3
5.0,19,CSI,5,-0.22100681211890244,-0.258377421755907,True,1,-0.00011884197075549416,0.2582585797851515,1
5.0,20,CSI,1,-11.624749904725608,-8.49758180616425,True,7,-8.099415216692213,0.3981665894720372,1
5.0,20,CSI,2,-22.415652391387194,-16.29400885277725,True,6,-15.74975450021323,0.5442543525640193,1
5.0,20,CSI,3,21.309909727515244,15.297709778129764,True,5,14.396923909196166,0.9007858689335979,1
5.0,20,CSI,4,10.83049197313262,7.726330450588319,True,3,7.65001533382348,0.07631511676483882,3
5.0,21,CSI,1,-11.555568788109756,-8.447598449409298,True,7,-8.099415216692213,0.3481832327170853,1
5.0,21,CSI,2,21.32136945026677,15.305989427817742,True,5,14.396923909196166,0.9090655186215759,1
5.0,21,CSI,3,-22.37137064119665,-16.26201528826458,True,6,-15.74975450021323,0.5122607880513481,1
5.0,21,CSI,4,10.855808165015244,7.744621399223514,True,3,7.65001533382348,0.09460606540003447,3
5.0,21,CSI,5,-0.2137064119664634,-0.2531028826457698,True,1,-0.00011884197075549416,0.2529840406750143,1
5.0,22,CSI,1,-22.368545160060975,-16.259973878144056,True,6,-15.74975450021323,0.5102193779308255,1
5.0,22,CSI,2,-11.543352824885671,-8.438772415979898,True,7,-8.099415216692213,0.3393571992876847,1
5.0,22,CSI,3,21.28750833650915,15.281524773127861,True,5,14.396923909196166,0.8846008639316949,1
5.0,22,CSI,4,10.819097751524392,7.718098125476374,True,3,7.65001533382348,0.06808279165289388,3
5.0,23,CSI,1,-11.635536752096037,-8.505375303389386,True,7,-8.099415216692213,0.40596008669717243,1
5.0,23,CSI,2,21.32126524390244,15.305914138719515,True,5,14.396923909196166,0.908990229523349,1
5.0,23,CSI,3,-22.381990758384145,-16.269688322932545,True,6,-15.74975450021323,0.5199338227193149,1
5.0,23,CSI,4,10.823706650152438,7.721428054735137,True,3,7.65001533382348,0.07141272091165707,3
5.0,24,CSI,1,-22.402811189977136,-16.284731084758484,True,6,-15.74975450021323,0.5349765845452534,1
5.0,24,CSI,2,21.355593797637194,15.330716518792874,True,5,14.396923909196166,0.9337926095967077,1
5.0,24,CSI,3,-11.313277081745428,-8.272542691561071,True,7,-8.099415216692213,0.17312747486885804,1
5.0,24,CSI,4,10.822084008193597,7.7202556959198745,True,3,7.65001533382348,0.07024036209639473,3
5.0,25,CSI,1,-11.516893340320122,-8.419655438381287,True,7,-8.099415216692213,0.3202402216890743,1
5.0,25,CSI,2,-22.399548042111277,-16.2823734604254,True,6,-15.74975450021323,0.5326189602121705,1
5.0,25,CSI,3,21.36210818407012,15.335423162990663,True,5,14.396923909196166,0.9384992537944967,1
5.0,25,CSI,4,10.830051329077744,7.72601208525867,True,3,7.65001533382348,0.07599675143519047,3
5.0,26,CSI,1,-22.388463462271343,-16.274364851491047,True,6,-15.74975450021323,0.5246103512778166,1
5.0,26,CSI,2,-11.524027010289634,-8.42480951493426,True,7,-8.099415216692213,0.32539429824204724,1
5.0,26,CSI,3,21.322438309832318,15.306761678853851,True,5,14.396923909196166,0.9098377696576847,1
5.0,26,CSI,4,10.815274866615853,7.715336091129954,True,3,7.65001533382348,0.06532075730647424,3
5.0,27,CSI,1,-11.473683427019816,-8.388436276021817,True,7,-8.099415216692213,0.2890210593296043,1
5.0,27,CSI,2,21.36062547637195,15.334351906678735,True,5,14.396923909196166,0.937427997482569,1
5.0,27,CSI,3,-22.361244759908537,-16.25469933903392,True,6,-15.74975450021323,0.5049448388206894,1
5.0,27,CSI,4,10.816745665015244,7.716398742973514,True,3,7.65001533382348,0.06638340915003393,3
5.0,28,CSI,1,-11.538136552019818,-8.435003658834319,True,7,-8.099415216692213,0.3355884421421056,1
5.0,28,CSI,2,21.352738543254574,15.32865359750143,True,5,14.396923909196166,0.9317296883052641,1
5.0,28,CSI,3,-22.391604539824694,-16.276634280023345,True,6,-15.74975450021323,0.5268797798101144,1
5.0,28,CSI,4,10.844387147484756,7.736369714057736,True,3,7.65001533382348,0.08635438023425657,3
5.0,29,CSI,1,21.352589677019814,15.328546041646817,True,5,14.396923909196166,0.9316221324506504,1
5.0,29,CSI,2,-11.539836604420731,-8.436231946693978,True,7,-8.099415216692213,0.3368167300017646,1
5.0,29,CSI,3,-22.384450028582318,-16.271465145650726,True,6,-15.74975450021323,0.521710645437496,1
5.0,29,CSI,4,10.81444121570122,7.714733778344132,True,3,7.65001533382348,0.06471844452065234,3
5.0,30,CSI,1,21.301885837461892,15.29191251756622,True,5,14.396923909196166,0.8949886083700527,1
5.0,30,CSI,2,-22.38654011051829,-16.272975229849465,True,6,-15.74975450021323,0.5232207296362343,1
5.0,30,CSI,3,-11.309900795541159,-8.270103324778487,True,7,-8.099415216692213,0.17068810808627433,1
5.0,30,CSI,4,10.812098061166157,7.713040849192549,True,3,7.65001533382348,0.06302551536906886,3
5.0,31,CSI,1,-22.415780416349087,-16.294101350812216,True,6,-15.74975450021323,0.5443468505989859,1
5.0,31,CSI,2,21.313789181592988,15.300512683700935,True,5,14.396923909196166,0.9035887745047688,1
5.0,31,CSI,3,-11.703023770960366,-8.554134674518863,True,7,-8.099415216692213,0.45471945782665024,1
5.0,31,CSI,4,10.861599061547256,7.748805321967893,True,3,7.65001533382348,0.09878998814441342,3
5.0,32,CSI,1,-22.410921422446645,-16.290590727717703,True,6,-15.74975450021323,0.5408362275044727,1
5.0,32,CSI,2,-11.401495212461889,-8.336280291003714,True,7,-8.099415216692213,0.23686507431150083,1
5.0,32,CSI,3,21.32051495807927,15.305372057212272,True,5,14.396923909196166,0.908448148016106,1
5.0,32,CSI,4,10.892691263338413,7.771269437762004,True,3,7.65001533382348,0.12125410393852398,3
5.0,33,CSI,1,-11.430932021722562,-8.35754838569455,True,7,-8.099415216692213,0.2581331690023365,1
5.0,33,CSI,2,-22.4095458984375,-16.289596911621096,True,6,-15.74975450021323,0.5398424114078662,1
5.0,33,CSI,3,21.31428341749238,15.300869769138245,True,5,14.396923909196166,0.9039458599420787,1
5.0,33,CSI,4,10.807521913109756,7.709734582221799,True,3,7.65001533382348,0.0597192483983191,3
5.0,33,CSI,5,-0.22314453125,-0.259921923828125,True,1,-0.00011884197075549416,0.2598030818573695,1
5.0,34,CSI,1,21.357722584794207,15.332254567513816,True,5,14.396923909196166,0.9353306583176497,1
5.0,34,CSI,2,-11.54982255144817,-8.443446793421302,True,7,-8.099415216692213,0.3440315767290887,1
5.0,34,CSI,3,-22.399637361852136,-16.28243799393817,True,6,-15.74975450021323,0.5326834937249405,1
5.0,34,CSI,4,10.789467416158535,7.696690208174542,True,3,7.65001533382348,0.0466748743510621,3
5.0,34,CSI,5,-0.25141720655487804,-0.28034893173589936,True,1,-0.00011884197075549416,0.28023008976514385,1
5.0,35,CSI,1,-11.44265672637195,-8.366019484803735,True,7,-8.099415216692213,0.2666042681115215,1
5.0,35,CSI,2,21.330494950457318,15.312582601705413,True,5,14.396923909196166,0.9156586925092469,1
5.0,35,CSI,3,-22.386114353086892,-16.27266762010528,True,6,-15.74975450021323,0.5229131198920509,1
5.0,35,CSI,4,10.81751083746189,7.716951580066216,True,3,7.65001533382348,0.06693624624273653,3
5.0,36,CSI,1,-11.377932664824694,-8.319256350335841,True,7,-8.099415216692213,0.21984113364362834,1
5.0,36,CSI,2,21.33071229516006,15.312739633253143,True,5,14.396923909196166,0.9158157240569764,1
5.0,36,CSI,3,10.850544254954269,7.740818224204459,True,3,7.65001533382348,0.09080289038097966,3
5.0,36,CSI,4,-22.333749166349083,-16.234833772687214,True,6,-15.74975450021323,0.48507927247398364,1
5.0,36,CSI,5,-0.2028659727515244,-0.24527066531297637,True,1,-0.00011884197075549416,0.24515182334222088,1
5.0,37,CSI,1,21.353896722560975,15.329490382050306,True,5,14.396923909196166,0.9325664728541394,1
5.0,37,CSI,2,-11.51231123761433,-8.416344869176353,True,7,-8.099415216692213,0.3169296524841396,1
5.0,37,CSI,3,-22.368720822217988,-16.260100794052498,True,6,-15.74975450021323,0.5103462938392678,1
5.0,37,CSI,4,10.822810475419207,7.720780568490377,True,3,7.65001533382348,0.07076523466689721,3
5.0,38,CSI,1,21.355552115091463,15.330686403153583,True,5,14.396923909196166,0.933762493957417,1
5.0,38,CSI,2,-11.481168421303353,-8.393844184391673,True,7,-8.099415216692213,0.29442896769946003,1
5.0,38,CSI,3,-22.377709365472562,-16.26659501655393,True,6,-15.74975450021323,0.5168405163406984,1
5.0,38,CSI,4,10.763651033727136,7.678037871867856,True,3,7.65001533382348,0.028022538044376155,3
5.0,38,CSI,5,-0.22870915110518292,-0.26394236167349466,True,1,-0.00011884197075549416,0.26382351970273915,1
5.0,39,CSI,1,21.309135623094512,15.297150487685787,True,5,14.396923909196166,0.9002265784896206,1
5.0,39,CSI,2,-11.2996826171875,-8.262720690917968,True,7,-8.099415216692213,0.16330547422575492,1
5.0,39,CSI,3,-22.38773997237043,-16.273842130037636,True,6,-15.74975450021323,0.5240876298244057,1
5.0,39,CSI,4,10.803651391006097,7.706938130001905,True,3,7.65001533382348,0.05692279617842555,3
5.0,39,CSI,5,-0.2169725371570122,-0.2554626580959413,True,1,-0.00011884197075549416,0.2553438161251858,1
5.0,40,CSI,1,-11.594839700838415,-8.475971683855754,True,7,-8.099415216692213,0.37655646716354063,1
5.0,40,CSI,2,21.346882145579265,15.32442235018102,True,5,14.396923909196166,0.9274984409848539,1
5.0,40,CSI,3,-22.381204744664632,-16.269120428020198,True,6,-15.74975450021323,0.5193659278069678,1
5.0,40,CSI,4,10.866097799161585,7.752055659894245,True,3,7.65001533382348,0.10204032607076563,3
5.0,40,CSI,5,-0.24090725038109756,-0.27275548840034297,True,1,-0.00011884197075549416,0.27263664642958746,1
5.0,41,CSI,1,-11.705140648818597,-8.555664118771436,True,7,-8.099415216692213,0.4562489020792224,1
5.0,41,CSI,2,21.350291182355182,15.326885379251621,True,5,14.396923909196166,0.9299614700554546,1
5.0,41,CSI,3,-22.396204506478657,-16.27995775593083,True,6,-15.74975450021323,0.5302032557176002,1
5.0,41,CSI,4,10.81863328887195,7.717762551209985,True,3,7.65001533382348,0.06774721738650502,3
5.0,41,CSI,5,-0.2612513100228659,-0.28745407149152064,True,1,-0.00011884197075549416,0.2873352295207651,1
5.0,42,CSI,1,-11.474010932736281,-8.388672898901962,True,7,-8.099415216692213,0.28925768220974923,1
5.0,42,CSI,2,21.349695717416157,15.326455155833175,True,5,14.396923909196166,0.9295312466370085,1
5.0,42,CSI,3,-22.353494783727132,-16.249099981242853,True,6,-15.74975450021323,0.4993454810296232,1
5.0,42,CSI,4,10.852771293826219,7.7424272597894435,True,3,7.65001533382348,0.0924119259659637,3
5.0,42,CSI,5,-0.2523193359375,-0.28100072021484374,True,1,-0.00011884197075549416,0.2808818782440882,1
5.0,43,CSI,1,-11.580459222560975,-8.465581788300304,True,7,-8.099415216692213,0.3661665716080904,1
5.0,43,CSI,2,21.34681366711128,15.324372874487903,True,5,14.396923909196166,0.9274489652917364,1
5.0,43,CSI,3,-22.353852062690546,-16.24935811529392,True,6,-15.74975450021323,0.49960361508068907,1
5.0,43,CSI,4,10.813417016006097,7.713993794064406,True,3,7.65001533382348,0.0639784602409259,3
5.0,43,CSI,5,-0.27826076600609756,-0.2997434034394055,True,1,-0.00011884197075549416,0.29962456146864996,1
5.0,44,CSI,1,-11.307911942644818,-8.26866637856088,True,7,-8.099415216692213,0.16925116186866696,1
5.0,44,CSI,2,21.32391804020579,15.307830784048685,True,5,14.396923909196166,0.9109068748525182,1
5.0,44,CSI,3,10.817049352134147,7.716618156916922,True,3,7.65001533382348,0.0666028230934419,3
5.0,44,CSI,4,-22.327615877477136,-16.230402471477234,True,6,-15.74975450021323,0.4806479712640037,1
5.0,44,CSI,5,-0.2581221417682927,-0.28519324742759145,True,1,-0.00011884197075549416,0.28507440545683593,1
5.0,45,CSI,1,-11.373246355754574,-8.31587049203268,True,7,-8.099415216692213,0.2164552753404667,1
5.0,45,CSI,2,21.35653463224085,15.331396271794016,True,5,14.396923909196166,0.9344723625978499,1
5.0,45,CSI,3,-22.361643721417682,-16.254987588724276,True,6,-15.74975450021323,0.5052330885110461,1
5.0,45,CSI,4,10.785579030106707,7.693880849252096,True,3,7.65001533382348,0.0438655154286165,3
5.0,45,CSI,5,-0.24795457793445122,-0.277847182557641,True,1,-0.00011884197075549416,0.2777283405868855,1
5.0,46,CSI,1,21.35781488185976,15.332321252143679,True,5,14.396923909196166,0.9353973429475122,1
5.0,46,CSI,2,-11.192007669588415,-8.184925541277629,True,7,-8.099415216692213,0.08551032458541563,1
5.0,46,CSI,3,-22.35061868807165,-16.247022002131768,True,6,-15.74975450021323,0.49726750191853775,1
5.0,46,CSI,4,10.803964010099085,7.707163997296589,True,3,7.65001533382348,0.057148663473109096,3
5.0,46,CSI,5,-0.25528772865853655,-0.28314538395579264,True,1,-0.00011884197075549416,0.28302654198503713,1
5.0,47,CSI,1,-11.323343416539636,-8.279815618449886,True,7,-8.099415216692213,0.18040040175767302,1
5.0,47,CSI,2,-22.35489114900915,-16.250108855159112,True,6,-15.74975450021323,0.5003543549458822,1
5.0,47,CSI,3,21.34397627667683,15.322322859899012,True,5,14.396923909196166,0.9253989507028457,1
5.0,47,CSI,4,10.838682593368903,7.732248173709032,True,3,7.65001533382348,0.08223283988555252,3
5.0,47,CSI,5,-0.25220322027439024,-0.28091682664824696,True,1,-0.00011884197075549416,0.28079798467749145,1
5.0,48,CSI,1,-11.598406535823171,-8.47854872213224,True,7,-8.099415216692213,0.3791335054400271,1
5.0,48,CSI,2,-22.36691358612805,-16.258795065977516,True,6,-15.74975450021323,0.5090405657642858,1
5.0,48,CSI,3,21.361277510480182,15.334823001321933,True,5,14.396923909196166,0.9378990921257664,1
5.0,48,CSI,4,10.872906940739329,7.756975264684165,True,3,7.65001533382348,0.10695993086068523,3
5.0,48,CSI,5,-0.2735774342606707,-0.2963596962533346,True,1,-0.00011884197075549416,0.29624085428257907,1
5.0,49,CSI,1,-11.415959055830793,-8.346730417837747,True,7,-8.099415216692213,0.2473152011455344,1
5.0,49,CSI,2,-22.364856254763723,-16.257308644066793,True,6,-15.74975450021323,0.5075541438535627,1
5.0,49,CSI,3,21.31824921398628,15.30373505710509,True,5,14.396923909196166,0.9068111479089236,1
5.0,49,CSI,4,10.816543206935975,7.716252467011242,True,3,7.65001533382348,0.06623713318776225,3
5.0,49,CSI,5,-0.24794564596036586,-0.2778407292063643,True,1,-0.00011884197075549416,0.2777218872356088,1
5.0,50,CSI,1,-11.481972298971037,-8.394424986006573,True,7,-8.099415216692213,0.29500976931436007,1
5.0,50,CSI,2,21.320610232469512,15.305440892959224,True,5,14.396923909196166,0.9085169837630573,1
5.0,50,CSI,3,-22.350514481707314,-16.246946713033537,True,6,-15.74975450021323,0.49719221282030723,1
5.0,50,CSI,4,10.895641792111281,7.7734011948004005,True,3,7.65001533382348,0.12338586097692072,3
5.0,50,CSI,5,-0.23685511147103658,-0.2698278180378239,True,1,-0.00011884197075549416,0.2697089760670684,1
5.0,51,CSI,1,-11.453041634908537,-8.373522581221417,True,7,-8.099415216692213,0.27410736452920403,1
5.0,51,CSI,2,21.330277605754574,15.312425570157682,True,5,14.396923909196166,0.9155016609615156,1
5.0,51,CSI,3,-22.381832960175302,-16.269574313726658,True,6,-15.74975450021323,0.5198198135134273,1
5.0,51,CSI,4,10.795058831935975,7.7007300060737425,True,3,7.65001533382348,0.050714672250262716,3
5.0,51,CSI,5,-0.25885158631859756,-0.2857202711151867,True,1,-0.00011884197075549416,0.2856014291444312,1
5.0,52,CSI,1,-11.505972513338413,-8.411765140887002,True,7,-8.099415216692213,0.31234992419478935,1
5.0,52,CSI,2,21.336830697408537,15.31716017887767,True,5,14.396923909196166,0.920236269681503,1
5.0,52,CSI,3,-22.3692031488186,-16.26044927502144,True,6,-15.74975450021323,0.5106947748082096,1
5.0,52,CSI,4,10.812383884336892,7.7132473564334045,True,3,7.65001533382348,0.06323202260992478,3
5.0,52,CSI,5,-0.23405940358231708,-0.2678079190882241,True,1,-0.00011884197075549416,0.2676890771174686,1
5.0,53,CSI,1,-11.410349776105182,-8.342677713235993,True,7,-8.099415216692213,0.24326249654377996,1
5.0,53,CSI,2,21.328559689405488,15.311184375595467,True,5,14.396923909196166,0.9142604663993001,1
5.0,53,CSI,3,-22.373940072408537,-16.26387170231517,True,6,-15.74975450021323,0.5141172021019411,1
5.0,53,CSI,4,10.809823385099085,7.711397395734089,True,3,7.65001533382348,0.06138206191060913,3
5.0,53,CSI,5,-0.2612453553734756,-0.2874497692573361,True,1,-0.00011884197075549416,0.2873309272865806,1
5.0,54,CSI,1,-11.25953339367378,-8.233712876929305,True,7,-8.099415216692213,0.13429766023709178,1
5.0,54,CSI,2,21.33375214367378,15.314935923804308,True,5,14.396923909196166,0.9180120146081414,1
5.0,54,CSI,3,-22.341287752477132,-16.24028040116473,True,6,-15.74975450021323,0.4905259009514982,1
5.0,54,CSI,4,10.824209818025913,7.721791593523723,True,3,7.65001533382348,0.07177625970024337,3
5.0,54,CSI,5,-0.23949004382621952,-0.2717315566644436,True,1,-0.00011884197075549416,0.2716127146936881,1
5.0,55,CSI,1,-11.613057950647864,-8.48913436934308,True,7,-8.099415216692213,0.38971915265086743,1
5.0,55,CSI,2,21.342038038300302,15.32092248267197,True,5,14.396923909196166,0.9239985734758029,1
5.0,55,CSI,3,-22.385093130716463,-16.271929786942646,True,6,-15.74975450021323,0.522175286729416,1
5.0,55,CSI,4,10.811240591653963,7.712421327469989,True,3,7.65001533382348,0.06240599364650912,3
5.0,55,CSI,5,-0.2537722703887195,-0.2820504653558499,True,1,-0.00011884197075549416,0.28193162338509437,1
5.0,56,CSI,1,-11.531247022675304,-8.430025973882907,True,7,-8.099415216692213,0.3306107571906942,1
5.0,56,CSI,2,21.316191882621954,15.302248635194363,True,5,14.396923909196166,0.9053247259981969,1
5.0,56,CSI,3,-22.356975276295728,-16.251614637123666,True,6,-15.74975450021323,0.5018601369104356,1
5.0,56,CSI,4,10.807408774771341,7.7096528397722945,True,3,7.65001533382348,0.059637505948814784,3
5.0,56,CSI,5,-0.24995534012957316,-0.2792927332436166,True,1,-0.00011884197075549416,0.2791738912728611,1
5.0,57,CSI,1,-11.4952392578125,-8.404010363769531,True,7,-8.099415216692213,0.3045951470773183,1
5.0,57,CSI,2,21.28585592130335,15.280330903141673,True,5,14.396923909196166,0.8834069939455063,1
5.0,57,CSI,3,-22.390955483041157,-16.276165336497236,True,6,-15.74975450021323,0.5264108362840059,1
5.0,57,CSI,4,10.81701064691311,7.7165901923947215,True,3,7.65001533382348,0.06657485857124179,3
5.0,57,CSI,5,-0.2189256621570122,-0.2568737909084413,True,1,-0.00011884197075549416,0.2567549489376858,1
5.0,58,CSI,1,-11.440399914253048,-8.364388938047826,True,7,-8.099415216692213,0.2649737213556129,1
5.0,58,CSI,2,21.323346393864327,15.307417769566978,True,5,14.396923909196166,0.9104938603708117,1
5.0,58,CSI,3,-22.388377119855182,-16.27430246909537,True,6,-15.74975450021323,0.5245479688821408,1
5.0,58,CSI,4,10.797265029535062,7.702323983839083,True,3,7.65001533382348,0.05230865001560314,3
5.0,58,CSI,5,-0.2750244140625,-0.29740513916015626,True,1,-0.00011884197075549416,0.29728629718940075,1
5.0,59,CSI,1,-11.467690072408537,-8.384106077315167,True,7,-8.099415216692213,0.2846908606229537,1
5.0,59,CSI,2,21.321664205411587,15.306202388409872,True,5,14.396923909196166,0.9092784792137056,1
5.0,59,CSI,3,-22.362066501524392,-16.255293047351376,True,6,-15.74975450021323,0.5055385471381459,1
5.0,59,CSI,4,10.805530082888719,7.7082954848871,True,3,7.65001533382348,0.05828015106362017,3
5.0,59,CSI,5,-0.24604909012957316,-0.2764704676186166,True,1,-0.00011884197075549416,0.2763516256478611,1
5.0,60,CSI,1,-11.424161585365853,-8.35265674542683,True,7,-8.099415216692213,0.25324152873461614,1
5.0,60,CSI,2,21.333350204839938,15.314645522996857,True,5,14.396923909196166,0.9177216138006905,1
5.0,60,CSI,3,-22.38468821455793,-16.271637235018105,True,6,-15.74975450021323,0.5218827348048745,1
5.0,60,CSI,4,10.850246522484756,7.740603112495236,True,3,7.65001533382348,0.0905877786717566,3
5.0,60,CSI,5,-0.2470703125,-0.27720830078125,True,1,-0.00011884197075549416,0.2770894588104945,1
5.0,61,CSI,1,-11.399434903772864,-8.334791717975893,True,7,-8.099415216692213,0.23537650128367993,1
5.0,61,CSI,2,21.361024437881095,15.334640156369092,True,5,14.396923909196166,0.9377162471729257,1
5.0,61,CSI,3,-22.356177353277438,-16.25103813774295,True,6,-15.74975450021323,0.5012836375297187,1
5.0,61,CSI,4,10.84255907012195,7.73504892816311,True,3,7.65001533382348,0.08503359433963009,3
5.0,61,CSI,5,-0.24265493997713414,-0.27401819413347944,True,1,-0.00011884197075549416,0.27389935216272393,1
5.0,62,CSI,1,-11.547521079458843,-8.441783979909014,True,7,-8.099415216692213,0.34236876321680043,1
5.0,62,CSI,2,21.325752072217988,15.309155872177497,True,5,14.396923909196166,0.9122319629813305,1
5.0,62,CSI,3,-22.346804735137194,-16.244266421136626,True,6,-15.74975450021323,0.49451192092339546,1
5.0,62,CSI,4,10.799441453887194,7.703896450433498,True,3,7.65001533382348,0.053881116610018154,3
5.0,62,CSI,5,-0.26401724466463417,-0.2894524592701982,True,1,-0.00011884197075549416,0.2893336172994427,1
5.0,63,CSI,1,-11.767074957126525,-8.600411656523914,True,7,-8.099415216692213,0.5009964398317006,1
5.0,63,CSI,2,21.32638624237805,15.309614060118141,True,5,14.396923909196166,0.9126901509219749,1
5.0,63,CSI,3,-22.386203672827744,-16.272732153618048,True,6,-15.74975450021323,0.5229776534048174,1
5.0,63,CSI,4,10.826418992949696,7.723387722406156,True,3,7.65001533382348,0.07337238858267625,3
5.0,63,CSI,5,-0.23224919016768292,-0.2665000398961509,True,1,-0.00011884197075549416,0.2663811979253954,1
5.0,64,CSI,1,-11.710961318597562,-8.559869552686738,True,7,-8.099415216692213,0.460454335994525,1
5.0,64,CSI,2,-22.382077100800302,-16.26975070532822,True,6,-15.74975450021323,0.5199962051149907,1
5.0,64,CSI,3,21.300400152439025,15.290839110137197,True,5,14.396923909196166,0.8939152009410307,1
5.0,64,CSI,4,10.784462533346037,7.693074180342512,True,3,7.65001533382348,0.043058846519032024,3
5.0,64,CSI,5,-0.23049256859756095,-0.2652308808117378,True,1,-0.00011884197075549416,0.2651120388409823,1
5.0,65,CSI,1,-11.745665015243903,-8.58494297351372,True,7,-8.099415216692213,0.4855277568215062,1
5.0,65,CSI,2,21.306292278010673,15.295096170862713,True,5,14.396923909196166,0.8981722616665468,1
5.0,65,CSI,3,-22.360583793826223,-16.25422179103945,True,6,-15.74975450021323,0.5044672908262182,1
5.0,65,CSI,4,10.822069121570122,7.720244940334413,True,3,7.65001533382348,0.07022960651093335,3
5.0,65,CSI,5,-0.23495260099085366,-0.2684532542158918,True,1,-0.00011884197075549416,0.26833441224513627,1
5.0,66,CSI,1,-11.707900628810977,-8.557658204315931,True,7,-8.099415216692213,0.4582429876237182,1
5.0,66,CSI,2,-22.364877096036583,-16.25732370188643,True,6,-15.74975450021323,0.507569201673201,1
5.0,66,CSI,3,21.271657059832314,15.270072225728848,True,5,14.396923909196166,0.8731483165326814,1
5.0,66,CSI,4,10.742976491044207,7.6631005147794395,True,3,7.65001533382348,0.013085180955959785,3
5.0,66,CSI,5,-0.24552805830792682,-0.27609402212747713,True,1,-0.00011884197075549416,0.2759751801567216,1
5.0,67,CSI,1,-11.775441239519818,-8.606456295553068,True,7,-8.099415216692213,0.5070410788608548,1
5.0,67,CSI,2,21.285513528963413,15.280083524676067,True,5,14.396923909196166,0.8831596154799009,1
5.0,67,CSI,3,-22.386885480182926,-16.273224759432164,True,6,-15.74975450021323,0.523470259218934,1
5.0,67,CSI,4,10.781690644054878,7.69107149032965,True,3,7.65001533382348,0.041056156506170005,3
5.0,67,CSI,5,-0.24975883669969512,-0.2791507595155297,True,1,-0.00011884197075549416,0.2790319175447742,1
5.0,68,CSI,1,-11.447447241806403,-8.369480632205125,True,7,-8.099415216692213,0.27006541551291185,1
5.0,68,CSI,2,21.347930163871954,15.32517954339749,True,5,14.396923909196166,0.9282556342013226,1
5.0,68,CSI,3,-22.368178949123475,-16.259709290741714,True,6,-15.74975450021323,0.509954790528484,1
5.0,68,CSI,4,10.824165158155488,7.72175932676734,True,3,7.65001533382348,0.07174399294386014,3
5.0,68,CSI,5,-0.23175495426829268,-0.26614295445884145,True,1,-0.00011884197075549416,0.26602411248808594,1
5.0,69,CSI,1,-11.620182688643293,-8.49428199254478,True,7,-8.099415216692213,0.3948667758525666,1
5.0,69,CSI,2,21.310764219702744,15.298327148735234,True,5,14.396923909196166,0.9014032395390679,1
5.0,69,CSI,3,-22.374190167682926,-16.264052396150916,True,6,-15.74975450021323,0.5142978959376858,1
5.0,69,CSI,4,10.860527224657012,7.748030919814692,True,3,7.65001533382348,0.09801558599121218,3
5.0,69,CSI,5,-0.24500107183689027,-0.2757132744021532,True,1,-0.00011884197075549416,0.2755944324313977,1
5.0,70,CSI,1,-11.529243283155488,-8.42857827207984,True,7,-8.099415216692213,0.32916305538762636,1
5.0,70,CSI,2,21.290396341463413,15.283611356707318,True,5,14.396923909196166,0.8866874475111519,1
5.0,70,CSI,3,-22.361444240663108,-16.254843463879098,True,6,-15.74975450021323,0.5050889636658678,1
5.0,70,CSI,4,10.787892411394818,7.695552267232756,True,3,7.65001533382348,0.04553693340927634,3
5.0,70,CSI,5,-0.23972822980182926,-0.27190364603182166,True,1,-0.00011884197075549416,0.27178480406106614,1
5.0,71,CSI,1,-11.583731302400915,-8.46794586598466,True,7,-8.099415216692213,0.36853064929244717,1
5.0,71,CSI,2,21.311050042873475,15.298533655976087,True,5,14.396923909196166,0.9016097467799202,1
5.0,71,CSI,3,-22.409614376905488,-16.289646387314217,True,6,-15.74975450021323,0.5398918871009872,1
5.0,71,CSI,4,10.822497856326219,7.720554701195693,True,3,7.65001533382348,0.07053936737221367,3
5.0,71,CSI,5,-0.2638773104039634,-0.2893513567668636,True,1,-0.00011884197075549416,0.28923251479610806,1
5.0,72,CSI,1,-11.654427877286587,-8.519024141339559,True,7,-8.099415216692213,0.41960892464734556,1
5.0,72,CSI,2,21.32754442168445,15.310450844667017,True,5,14.396923909196166,0.9135269354708502,1
5.0,72,CSI,3,-22.4046035394436,-16.286026057248,True,6,-15.74975450021323,0.5362715570347714,1
5.0,72,CSI,4,10.817320288681403,7.7168139085723135,True,3,7.65001533382348,0.06679857474883377,3
5.0,72,CSI,5,-0.2439917587652439,-0.2749840457078887,True,1,-0.00011884197075549416,0.2748652037371332,1
5.0,73,CSI,1,-11.638362233231707,-8.507416713509908,True,7,-8.099415216692213,0.40800149681769504,1
5.0,73,CSI,2,21.323751310022864,15.307710321491522,True,5,14.396923909196166,0.9107864122953551,1
5.0,73,CSI,3,-22.401370164824694,-16.283689944085843,True,6,-15.74975450021323,0.5339354438726129,1
5.0,73,CSI,4,10.815798875762194,7.715714687738186,True,3,7.65001533382348,0.06569935391470594,3
5.0,73,CSI,5,-0.23246355754573172,-0.26665492032679117,True,1,-0.00011884197075549416,0.26653607835603566,1
5.0,74,CSI,1,-11.680738495617378,-8.538033563083555,True,7,-8.099415216692213,0.43861834639134223,1
5.0,74,CSI,2,21.279517197027438,15.275751174852326,True,5,14.396923909196166,0.8788272656561595,1
5.0,74,CSI,3,-22.392834174923777,-16.27752269138243,True,6,-15.74975450021323,0.5277681911691996,1
5.0,74,CSI,4,10.772654463605182,7.684542849954744,True,3,7.65001533382348,0.03452751613126459,3
5.0,74,CSI,5,-0.25832162252286583,-0.28533737227277056,True,1,-0.00011884197075549416,0.28521853030201505,1
5.0,75,CSI,1,-11.572700314405488,-8.459975977157963,True,7,-8.099415216692213,0.36056076046575036,1
5.0,75,CSI,2,21.30322265625,15.292878369140627,True,5,14.396923909196166,0.8959544599444609,1
5.0,75,CSI,3,-22.403987233231707,-16.28558077600991,True,6,-15.74975450021323,0.5358262757966781,1
5.0,75,CSI,4,10.798080816501525,7.702913389922352,True,3,7.65001533382348,0.052898056098872104,3
5.0,75,CSI,5,-0.22934927591463414,-0.2644048518483232,True,1,-0.00011884197075549416,0.2642860098775677,1
5.0,76,CSI,1,-11.654159918064025,-8.518830540801257,True,7,-8.099415216692213,0.41941532410904436,1
5.0,76,CSI,2,21.280458031631095,15.276430927853468,True,5,14.396923909196166,0.8795070186573017,1
5.0,76,CSI,3,-22.41644733708079,-16.294583201040872,True,6,-15.74975450021323,0.544828700827642,1
5.0,76,CSI,4,10.81199980945122,7.7129698623285075,True,3,7.65001533382348,0.0629545285050277,3
5.0,76,CSI,5,-0.24276807831554878,-0.274099936582984,True,1,-0.00011884197075549416,0.27398109461222847,1
5.0,77,CSI,1,-11.510795779344512,-8.41524995057641,True,7,-8.099415216692213,0.3158347338841967,1
5.0,77,CSI,2,21.307295636432926,15.29582109732279,True,5,14.396923909196166,0.8988971881266234,1
5.0,77,CSI,3,-22.38289884241616,-16.270344413645677,True,6,-15.74975450021323,0.5205899134324472,1
5.0,77,CSI,4,10.827493807164634,7.724164275676449,True,3,7.65001533382348,0.07414894185296905,3
5.0,1,RGB,1,9.311031389236451,7.939568985671998,True,3,7.65001533382348,0.289553651848518,3
5.0,1,RGB,2,1.4132870435714722,0.24400689525604258,True,1,-0.00011884197075549416,0.24412573722679806,1
5.0,1,RGB,3,-15.43920042514801,-16.177056894264222,True,6,-15.74975450021323,0.4273023940509919,1
5.0,1,RGB,4,-6.872610926628113,-7.829772086906433,True,7,-8.099415216692213,0.26964312978577976,1
5.0,1,RGB,5,16.8950261592865,15.329413489608763,True,5,14.396923909196166,0.9324895804125966,1
5.0,2,RGB,1,9.305482506752014,7.934162154579163,True,3,7.65001533382348,0.28414682075568365,3
5.0,2,RGB,2,1.4214285850524901,0.25194001327514637,True,1,-0.00011884197075549416,0.2520588552459019,1
5.0,2,RGB,3,-15.354972732067107,-16.09498543012619,True,6,-15.74975450021323,0.3452309299129599,1
5.0,2,RGB,4,-6.875417447090149,-7.832506760444641,True,7,-8.099415216692213,0.2669084562475721,1
5.0,2,RGB,5,16.924989795684812,15.35861005691528,True,5,14.396923909196166,0.9616861477191136,1
5.0,3,RGB,1,9.311519980430603,7.940045068931581,True,3,7.65001533382348,0.29002973510810115,3
5.0,3,RGB,2,1.4333850860595703,0.2635904278564454,True,1,-0.00011884197075549416,0.2637092698272009,1
5.0,3,RGB,3,-15.228963088989257,-15.972201633911133,True,6,-15.74975450021323,0.22244713369790325,1
5.0,3,RGB,4,-6.851341581344604,-7.809047236862182,True,7,-8.099415216692213,0.29036797983003115,1
5.0,3,RGB,5,16.92392871379852,15.35757613872528,True,5,14.396923909196166,0.9606522295291136,1
5.0,4,RGB,1,9.314272212982178,7.942726844329836,True,3,7.65001533382348,0.292711510506356,3
5.0,4,RGB,2,-15.35009833574295,-16.09023581834793,True,6,-15.74975450021323,0.3404813181347013,1
5.0,4,RGB,3,1.4388105869293213,0.26887703590393075,True,1,-0.00011884197075549416,0.26899587787468626,1
5.0,4,RGB,4,-6.866721510887146,-7.824033440208435,True,7,-8.099415216692213,0.27538177648377804,1
5.0,4,RGB,5,16.94206416606903,15.375247323417662,True,5,14.396923909196166,0.9783234142214958,1
5.0,5,RGB,1,9.3140287399292,7.9424896041870126,True,3,7.65001533382348,0.2924742703635328,3
5.0,5,RGB,2,1.466319751739502,0.29568196609497077,True,1,-0.00011884197075549416,0.2958008080657263,1
5.0,5,RGB,3,-15.282873451709747,-16.02473189134598,True,6,-15.74975450021323,0.2749773911327491,1
5.0,5,RGB,4,-6.889746165275573,-7.846468663444519,True,7,-8.099415216692213,0.25294655324769444,1
5.0,5,RGB,5,16.919758415222166,15.353512599792479,True,5,14.396923909196166,0.9565886905963126,1
5.0,6,RGB,1,9.33495261669159,7.9628778297042855,True,3,7.65001533382348,0.3128624958808057,3
5.0,6,RGB,2,1.469522738456726,0.29880295635223386,True,1,-0.00011884197075549416,0.2989217983229894,1
5.0,6,RGB,3,-15.205138099193572,-15.948986563854218,True,6,-15.74975450021323,0.1992320636409879,1
5.0,6,RGB,4,-6.875159990787506,-7.832255895023346,True,7,-8.099415216692213,0.267159321668867,1
5.0,6,RGB,5,16.93255226612091,15.365978928108214,True,5,14.396923909196166,0.9690550189120479,1
5.0,7,RGB,1,9.320544934272766,7.948838983955384,True,3,7.65001533382348,0.2988236501319044,3
5.0,7,RGB,2,1.467408800125122,0.29674313484191894,True,1,-0.00011884197075549416,0.29686197681267446,1
5.0,7,RGB,3,-15.38648110628128,-16.12568718996048,True,6,-15.74975450021323,0.37593268974725014,1
5.0,7,RGB,4,-6.870482182502746,-7.827697838630676,True,7,-8.099415216692213,0.2717173780615374,1
5.0,7,RGB,5,16.92672700881958,15.360302797393798,True,5,14.396923909196166,0.9633788881976315,1
5.0,8,RGB,1,9.34241967201233,7.970153728408815,True,3,7.65001533382348,0.3201383945853351,3
5.0,8,RGB,2,-15.38330773115158,-16.1225950532341,True,6,-15.74975450021323,0.37284055302087005,1
5.0,8,RGB,3,1.4587210893630982,0.2882778294754029,True,1,-0.00011884197075549416,0.28839667144615844,1
5.0,8,RGB,4,-6.8751262664794925,-7.832223034057618,True,7,-8.099415216692213,0.2671921826345951,1
5.0,8,RGB,5,16.919009900093076,15.352783246650693,True,5,14.396923909196166,0.9558593374545268,1
5.0,9,RGB,1,9.342633533477784,7.970362115020753,True,3,7.65001533382348,0.3203467811972729,3
5.0,9,RGB,2,1.4817589044570922,0.31072587650299077,True,1,-0.00011884197075549416,0.3108447184737463,1
5.0,9,RGB,3,-15.418081605434418,-16.156478716335297,True,6,-15.74975450021323,0.40672421612206655,1
5.0,9,RGB,4,-6.890752136707306,-7.847448882007599,True,7,-8.099415216692213,0.2519663346846137,1
5.0,9,RGB,5,16.90898308753967,15.343013120498656,True,5,14.396923909196166,0.946089211302489,1
5.0,10,RGB,1,9.36015043258667,7.987430581512451,True,3,7.65001533382348,0.3374152476889716,3
5.0,10,RGB,2,1.5096678256988525,0.33792032936096184,True,1,-0.00011884197075549416,0.33803917133171735,1
5.0,10,RGB,3,-15.417202305793761,-16.15562192676544,True,6,-15.74975450021323,0.4058674265522111,1
5.0,10,RGB,4,-6.890397620201111,-7.847103441123963,True,7,-8.099415216692213,0.25231177556825024,1
5.0,10,RGB,5,16.911409592628477,15.345377507057188,True,5,14.396923909196166,0.9484535978610218,1
5.0,11,RGB,1,9.355177330970765,7.982584791297914,True,3,7.65001533382348,0.33256945747443467,3
5.0,11,RGB,2,1.477119755744934,0.3062054899978639,True,1,-0.00011884197075549416,0.3063243319686194,1
5.0,11,RGB,3,-15.331994140148163,-16.07259509016037,True,6,-15.74975450021323,0.3228405899471394,1
5.0,11,RGB,4,-6.87732081413269,-7.834361401290893,True,7,-8.099415216692213,0.2650538154013198,1
5.0,11,RGB,5,16.908820223808288,15.342854426078796,True,5,14.396923909196166,0.9459305168826297,1
5.0,12,RGB,1,9.363317227363586,7.990516306343079,True,3,7.65001533382348,0.34050097251959954,3
5.0,12,RGB,2,-15.445798873901367,-16.183486422729494,True,6,-15.74975450021323,0.43373192251626413,1
5.0,12,RGB,3,1.4573490858078002,0.28694094921112057,True,1,-0.00011884197075549416,0.2870597911818761,1
5.0,12,RGB,4,-6.8847985625267025,-7.841647719326019,True,7,-8.099415216692213,0.25776749736619387,1
5.0,12,RGB,5,16.914941596984864,15.348819092102053,True,5,14.396923909196166,0.9518951829058864,1
5.0,13,RGB,1,9.334682822227478,7.9626149419784555,True,3,7.65001533382348,0.3125996081549758,3
5.0,13,RGB,2,-15.427250504493713,-16.165412891578676,True,6,-15.74975450021323,0.41565839136544547,1
5.0,13,RGB,3,1.4278263330459595,0.25817397891998306,True,1,-0.00011884197075549416,0.2582928208907386,1
5.0,13,RGB,4,-6.876561605930329,-7.833621628818513,True,7,-8.099415216692213,0.26579358787370033,1
5.0,13,RGB,5,16.936855816841128,15.370172307929996,True,5,14.396923909196166,0.9732483987338298,1
5.0,14,RGB,1,9.333942532539368,7.96189360370636,True,3,7.65001533382348,0.3118782698828806,3
5.0,14,RGB,2,1.4405741214752197,0.2705954239654542,True,1,-0.00011884197075549416,0.27071426593620973,1
5.0,14,RGB,3,-15.371051001548768,-16.11065209590912,True,6,-15.74975450021323,0.3608975956958904,1
5.0,14,RGB,4,-6.894694590568543,-7.851290409049988,True,7,-8.099415216692213,0.2481248076422249,1
5.0,14,RGB,5,16.956583714485166,15.389395171394346,True,5,14.396923909196166,0.9924712621981797,1
5.0,15,RGB,1,9.349955821037293,7.977496952018739,True,3,7.65001533382348,0.3274816181952591,3
5.0,15,RGB,2,1.4636629343032836,0.2930931631851197,True,1,-0.00011884197075549416,0.2932120051558752,1
5.0,15,RGB,3,-15.386183345317841,-16.125397051677705,True,6,-15.74975450021323,0.375642551464475,1
5.0,15,RGB,4,-6.889495289325714,-7.846224209918976,True,7,-8.099415216692213,0.25319100677323725,1
5.0,15,RGB,5,16.95025177001953,15.383225324707032,True,5,14.396923909196166,0.9863014155108658,1
5.0,16,RGB,1,9.335225701332092,7.963143923377991,True,3,7.65001533382348,0.31312858955451084,3
5.0,16,RGB,2,1.4325526714324952,0.26277932304382334,True,1,-0.00011884197075549416,0.26289816501457886,1
5.0,16,RGB,3,-15.317709016799927,-16.05867566596985,True,6,-15.74975450021323,0.30892116575662065,1
5.0,16,RGB,4,-6.8846118450164795,-7.841465781784057,True,7,-8.099415216692213,0.2579494349081557,1
5.0,16,RGB,5,16.94628381729126,15.379358951568603,True,5,14.396923909196166,0.9824350423724368,1
5.0,17,RGB,1,9.35825035572052,7.985579146614074,True,3,7.65001533382348,0.33556381279059444,3
5.0,17,RGB,2,-15.403379452228545,-16.142152938251495,True,6,-15.74975450021323,0.39239843803826524,1
5.0,17,RGB,3,1.446394443511963,0.27626674575805676,True,1,-0.00011884197075549416,0.2763855877288123,1
5.0,17,RGB,4,-6.879104089736939,-7.836099025039673,True,7,-8.099415216692213,0.2633161916525397,1
5.0,17,RGB,5,16.938446617126463,15.371722383728025,True,5,14.396923909196166,0.974798474531859,1
5.0,18,RGB,1,9.362989854812621,7.990197314529419,True,3,7.65001533382348,0.34018198070593897,3
5.0,18,RGB,2,1.446524405479431,0.27639338069915764,True,1,-0.00011884197075549416,0.27651222266991315,1
5.0,18,RGB,3,-15.307364702224731,-16.04859616584778,True,6,-15.74975450021323,0.2988416656345496,1
5.0,18,RGB,4,-6.894191193580627,-7.850799899024963,True,7,-8.099415216692213,0.24861531766724987,1
5.0,18,RGB,5,16.914589548110964,15.348476055679322,True,5,14.396923909196166,0.9515521464831558,1
5.0,19,RGB,1,9.351410079002381,7.978913980979921,True,3,7.65001533382348,0.328898647156441,3
5.0,19,RGB,2,1.4414114713668824,0.27141133769989034,True,1,-0.00011884197075549416,0.27153017967064585,1
5.0,19,RGB,3,-15.255936777591705,-15.998484796085359,True,6,-15.74975450021323,0.2487302958721287,1
5.0,19,RGB,4,-6.867330193519592,-7.8246265405654905,True,7,-8.099415216692213,0.27478867612672264,1
5.0,19,RGB,5,16.91935865879059,15.35312307712555,True,5,14.396923909196166,0.956199167929384,1
5.0,20,RGB,1,9.336530256271363,7.9644150817108175,True,3,7.65001533382348,0.3143997478873377,3
5.0,20,RGB,2,1.4455718994140625,0.2754652587890625,True,1,-0.00011884197075549416,0.275584100759818,1
5.0,20,RGB,3,-15.284304678440094,-16.02612647867203,True,6,-15.74975450021323,0.27637197845879946,1
5.0,20,RGB,4,-6.874328398704529,-7.831445591697693,True,7,-8.099415216692213,0.26796962499452004,1
5.0,20,RGB,5,16.932420659065247,15.365850690193176,True,5,14.396923909196166,0.968926780997009,1
5.0,21,RGB,1,9.360523867607117,7.987794456596375,True,3,7.65001533382348,0.33777912277289524,3
5.0,21,RGB,2,1.447664451599121,0.27750424163818366,True,1,-0.00011884197075549416,0.27762308360893917,1
5.0,21,RGB,3,-15.405833101272583,-16.144543773880006,True,6,-15.74975450021323,0.39478927366677574,1
5.0,21,RGB,4,-6.88663694858551,-7.843439042701721,True,7,-8.099415216692213,0.2559761739904918,1
5.0,21,RGB,5,16.955989837646484,15.388816497802734,True,5,14.396923909196166,0.9918925886065679,1
5.0,22,RGB,1,9.358013463020324,7.985348318367005,True,3,7.65001533382348,0.3353329845435251,3
5.0,22,RGB,2,-15.411731564998627,-16.150291236934663,True,6,-15.74975450021323,0.400536736721433,1
5.0,22,RGB,3,1.4450964689254762,0.275001999320984,True,1,-0.00011884197075549416,0.2751208412917395,1
5.0,22,RGB,4,-6.881386649608612,-7.838323151378632,True,7,-8.099415216692213,0.26109206531358087,1
5.0,22,RGB,5,16.948488235473633,15.38150693664551,True,5,14.396923909196166,0.984583027449343,1
5.0,23,RGB,1,9.348210382461549,7.975796196670534,True,3,7.65001533382348,0.3257808628470542,3
5.0,23,RGB,2,-15.444092094898224,-16.18182333726883,True,6,-15.74975450021323,0.43206883705560095,1
5.0,23,RGB,3,1.4409031391143798,0.2709160187530517,True,1,-0.00011884197075549416,0.2710348607238072,1
5.0,23,RGB,4,-6.8982043862342834,-7.854710353946686,True,7,-8.099415216692213,0.24470486274552705,1
5.0,23,RGB,5,16.946171951293945,15.379249949340819,True,5,14.396923909196166,0.9823260401446525,1
5.0,24,RGB,1,9.370641160011292,7.997652746315004,True,3,7.65001533382348,0.34763741249152424,3
5.0,24,RGB,2,1.445609736442566,0.2755021271896363,True,1,-0.00011884197075549416,0.2756209691603918,1
5.0,24,RGB,3,-15.314487934112549,-16.05553704299927,True,6,-15.74975450021323,0.305782542786039,1
5.0,24,RGB,4,-6.888719630241394,-7.845468407707215,True,7,-8.099415216692213,0.2539468089849981,1
5.0,24,RGB,5,16.938097858428957,15.371382553253175,True,5,14.396923909196166,0.9744586440570089,1
5.0,25,RGB,1,9.350745463371277,7.978266379508972,True,3,7.65001533382348,0.32825104568549257,3
5.0,25,RGB,2,1.438267707824707,0.2683480545043946,True,1,-0.00011884197075549416,0.2684668964751501,1
5.0,25,RGB,3,-15.256059336662293,-15.99860421764374,True,6,-15.74975450021323,0.24884971743050954,1
5.0,25,RGB,4,-6.879421591758728,-7.836408399009705,True,7,-8.099415216692213,0.2630068176825082,1
5.0,25,RGB,5,16.947221517562866,15.380272646713257,True,5,14.396923909196166,0.9833487375170904,1
5.0,26,RGB,1,9.356690812110902,7.984059527320864,True,3,7.65001533382348,0.3340441934973839,3
5.0,26,RGB,2,1.4573161840438842,0.28690888973236084,True,1,-0.00011884197075549416,0.28702773170311635,1
5.0,26,RGB,3,-15.179133367538451,-15.923647553329468,True,6,-15.74975450021323,0.17389305311623815,1
5.0,26,RGB,4,-6.872761452198029,-7.829918759021759,True,7,-8.099415216692213,0.2694964576704537,1
5.0,26,RGB,5,16.92423963546753,15.35787910079956,True,5,14.396923909196166,0.9609551916033929,1
5.0,27,RGB,1,9.350171327590942,7.977706941604615,True,3,7.65001533382348,0.3276916077811354,3
5.0,27,RGB,2,1.4334624052047729,0.2636657676315308,True,1,-0.00011884197075549416,0.26378460960228634,1
5.0,27,RGB,3,-15.146012806892395,-15.89137487903595,True,6,-15.74975450021323,0.14162037882272038,1
5.0,27,RGB,4,-6.858855521678924,-7.816368820323944,True,7,-8.099415216692213,0.28304639636826945,1
5.0,27,RGB,5,16.923367738723755,15.357029524612427,True,5,14.396923909196166,0.9601056154162606,1
5.0,28,RGB,1,9.367158508300781,7.994259250488281,True,3,7.65001533382348,0.3442439166648015,3
5.0,28,RGB,2,1.426500391960144,0.25688198192596445,True,1,-0.00011884197075549416,0.25700082389671997,1
5.0,28,RGB,3,-15.059282112121583,-15.806864490051272,True,6,-15.74975450021323,0.057109989838041386,1
5.0,28,RGB,4,-6.830365061759949,-7.788607716178894,True,7,-8.099415216692213,0.3108075005133193,1
5.0,28,RGB,5,16.94064774513245,15.373867162857058,True,5,14.396923909196166,0.9769432536608917,1
5.0,29,RGB,1,9.375390529632568,8.002280532073975,True,3,7.65001533382348,0.3522651982504952,3
5.0,29,RGB,2,1.436484432220459,0.2666104307556154,True,1,-0.00011884197075549416,0.2667292727263709,1
5.0,29,RGB,3,-15.223740756511688,-15.96711299314499,True,6,-15.74975450021323,0.21735849293176024,1
5.0,29,RGB,4,-6.865802729129792,-7.823138179264069,True,7,-8.099415216692213,0.27627703742814447,1
5.0,29,RGB,5,16.956902861595154,15.389706148338318,True,5,14.396923909196166,0.9927822391421515,1
5.0,30,RGB,1,9.367665195465088,7.994752966461182,True,3,7.65001533382348,0.3447376326377025,3
5.0,30,RGB,2,1.4610571146011353,0.2905540524673462,True,1,-0.00011884197075549416,0.29067289443810174,1
5.0,30,RGB,3,-15.20233404636383,-15.946254294776917,True,6,-15.74975450021323,0.19649979456368705,1
5.0,30,RGB,4,-6.863395142555237,-7.820792226905823,True,7,-8.099415216692213,0.2786229897863901,1
5.0,30,RGB,5,16.94770188331604,15.38074071510315,True,5,14.396923909196166,0.983816805906983,1
5.0,31,RGB,1,9.37370924949646,8.000642292709351,True,3,7.65001533382348,0.35062695888587125,3
5.0,31,RGB,2,1.477226686477661,0.306309683303833,True,1,-0.00011884197075549416,0.3064285252745885,1
5.0,31,RGB,3,-15.215804028511048,-15.959379445381167,True,6,-15.74975450021323,0.20962494516793662,1
5.0,31,RGB,4,-6.856833708286286,-7.814398765354157,True,7,-8.099415216692213,0.2850164513380564,1
5.0,31,RGB,5,16.93277599811554,15.366196932563783,True,5,14.396923909196166,0.9692730233676166,1
5.0,32,RGB,1,9.375706386566161,8.002588303070068,True,3,7.65001533382348,0.3525729692465882,3
5.0,32,RGB,2,1.4769174098968505,0.3060083242034912,True,1,-0.00011884197075549416,0.30612716617424673,1
5.0,32,RGB,3,-15.237253510951996,-15.980279821071626,True,6,-15.74975450021323,0.23052532085839594,1
5.0,32,RGB,4,-6.8536027550697325,-7.811250524539948,True,7,-8.099415216692213,0.28816469215226537,1
5.0,32,RGB,5,16.936186265945434,15.369519897537232,True,5,14.396923909196166,0.972595988341066,1
5.0,33,RGB,1,9.367604327201843,7.9946936564254765,True,3,7.65001533382348,0.3446783226019967,3
5.0,33,RGB,2,1.454065489768982,0.2837414132308962,True,1,-0.00011884197075549416,0.2838602552016517,1
5.0,33,RGB,3,-15.319952917098998,-16.060862122421263,True,6,-15.74975450021323,0.31110762220803245,1
5.0,33,RGB,4,-6.877786374092102,-7.834815042915344,True,7,-8.099415216692213,0.26460017377686906,1
5.0,33,RGB,5,16.924206733703613,15.3578470413208,True,5,14.396923909196166,0.9609231321246341,1
5.0,34,RGB,1,9.391446590423584,8.01792555770874,True,3,7.65001533382348,0.36791022388525985,3
5.0,34,RGB,2,1.4428640842437743,0.27282676368713377,True,1,-0.00011884197075549416,0.2729456056578893,1
5.0,34,RGB,3,-15.252253425121307,-15.994895737438203,True,6,-15.74975450021323,0.24514123722497239,1
5.0,34,RGB,4,-6.875549876689911,-7.832635799846649,True,7,-8.099415216692213,0.26677941684556394,1
5.0,34,RGB,5,16.912844109535218,15.346775300331116,True,5,14.396923909196166,0.9498513911349491,1
5.0,35,RGB,1,9.390007138252258,8.016522955513,True,3,7.65001533382348,0.36650762168952067,3
5.0,35,RGB,2,1.4703058004379272,0.2995659719467163,True,1,-0.00011884197075549416,0.2996848139174718,1
5.0,35,RGB,3,-15.293971216678619,-16.035545553531648,True,6,-15.74975450021323,0.2857910533184178,1
5.0,35,RGB,4,-6.869444131851196,-7.826686362075805,True,7,-8.099415216692213,0.2727288546164077,1
5.0,35,RGB,5,16.914564871788027,15.348452011070252,True,5,14.396923909196166,0.9515281018740858,1
5.0,36,RGB,1,9.380857157707215,8.00760721446991,True,3,7.65001533382348,0.35759188064643066,3
5.0,36,RGB,2,1.447689127922058,0.27752828624725345,True,1,-0.00011884197075549416,0.27764712821800897,1
5.0,36,RGB,3,-15.249016714096069,-15.99174188621521,True,6,-15.74975450021323,0.24198738600198055,1
5.0,36,RGB,4,-6.872253119945526,-7.829423440074921,True,7,-8.099415216692213,0.26999177661729235,1
5.0,36,RGB,5,16.91068739891052,15.344673801498411,True,5,14.396923909196166,0.9477498923022445,1
5.0,37,RGB,1,9.376838207244873,8.003691149139405,True,3,7.65001533382348,0.35367581531592496,3
5.0,37,RGB,2,1.4545442104339599,0.2842078786468505,True,1,-0.00011884197075549416,0.284326720617606,1
5.0,37,RGB,3,-15.165651869773864,-15.910511181907655,True,6,-15.74975450021323,0.16075668169442459,1
5.0,37,RGB,4,-6.8604964971542355,-7.817967786827087,True,7,-8.099415216692213,0.2814474298651257,1
5.0,37,RGB,5,16.919439268112182,15.35320162284851,True,5,14.396923909196166,0.9562777136523444,1
5.0,38,RGB,1,9.380106997489928,8.006876258354186,True,3,7.65001533382348,0.3568609245307064,3
5.0,38,RGB,2,1.4804954767227172,0.3094947925186158,True,1,-0.00011884197075549416,0.3096136344893713,1
5.0,38,RGB,3,-15.113601279258727,-15.859793086509706,True,6,-15.74975450021323,0.11003858629647567,1
5.0,38,RGB,4,-6.865911304950714,-7.823243975543976,True,7,-8.099415216692213,0.2761712411482371,1
5.0,38,RGB,5,16.92262580394745,15.356306583366395,True,5,14.396923909196166,0.9593826741702287,1
5.0,39,RGB,1,9.379944133758546,8.006717563934327,True,3,7.65001533382348,0.3567022301108471,3
5.0,39,RGB,2,1.4616197347640991,0.2911022695541383,True,1,-0.00011884197075549416,0.2912211115248938,1
5.0,39,RGB,3,-15.258972787857056,-16.001443084487917,True,6,-15.74975450021323,0.251688584274687,1
5.0,39,RGB,4,-6.8766751170158384,-7.833732234020233,True,7,-8.099415216692213,0.2656829826719802,1
5.0,39,RGB,5,16.893377780914307,15.327807309722902,True,5,14.396923909196166,0.930883400526735,1
5.0,40,RGB,1,9.38199062347412,8.008711663513182,True,3,7.65001533382348,0.35869632968970233,3
5.0,40,RGB,2,1.4638356685638427,0.2932614754486085,True,1,-0.00011884197075549416,0.293380317419364,1
5.0,40,RGB,3,-15.207752966880799,-15.951534490928651,True,6,-15.74975450021323,0.20177999071542096,1
5.0,40,RGB,4,-6.876048338413239,-7.83312150094986,True,7,-8.099415216692213,0.2662937157423535,1
5.0,40,RGB,5,16.903583908081057,15.337752160034183,True,5,14.396923909196166,0.9408282508380168,1
5.0,41,RGB,1,9.367295050621033,7.994392297325136,True,3,7.65001533382348,0.3443769635016558,3
5.0,41,RGB,2,1.455750060081482,0.28538285854339596,True,1,-0.00011884197075549416,0.28550170051415147,1
5.0,41,RGB,3,-15.274981141090393,-16.01704162387848,True,6,-15.74975450021323,0.2672871236652501,1
5.0,41,RGB,4,-6.876957249641419,-7.834007144050599,True,7,-8.099415216692213,0.26540807264161437,1
5.0,41,RGB,5,16.891416835784913,15.325896564788819,True,5,14.396923909196166,0.9289726555926521,1
5.0,42,RGB,1,9.404722452163696,8.030861557388306,True,3,7.65001533382348,0.3808462235648262,3
5.0,42,RGB,2,1.4748380184173584,0.30398216514587406,True,1,-0.00011884197075549416,0.3041010071166296,1
5.0,42,RGB,3,-15.324219453334809,-16.06501943532944,True,6,-15.74975450021323,0.31526493511620934,1
5.0,42,RGB,4,-6.891531085968017,-7.848207890167236,True,7,-8.099415216692213,0.2512073265249768,1
5.0,42,RGB,5,16.90979905128479,15.343808195571897,True,5,14.396923909196166,0.946884286375731,1
5.0,43,RGB,1,9.375857734680176,8.002735776672363,True,3,7.65001533382348,0.3527204428488835,3
5.0,43,RGB,2,1.4413259267807006,0.27132798305511474,True,1,-0.00011884197075549416,0.27144682502587025,1
5.0,43,RGB,3,-15.260143268108369,-16.002583600444794,True,6,-15.74975450021323,0.2528291002315637,1
5.0,43,RGB,4,-6.899226808547974,-7.855706602249146,True,7,-8.099415216692213,0.2437086144430669,1
5.0,43,RGB,5,16.90390634536743,15.338066342926025,True,5,14.396923909196166,0.9411424337298584,1
5.0,44,RGB,1,9.37233395576477,7.999302206497192,True,3,7.65001533382348,0.34928687267371217,3
5.0,44,RGB,2,1.4433493852615356,0.2732996409988404,True,1,-0.00011884197075549416,0.2734184829695959,1
5.0,44,RGB,3,-15.113426899909973,-15.859623171272279,True,6,-15.74975450021323,0.10986867105904885,1
5.0,44,RGB,4,-6.872166752815247,-7.829339283943177,True,7,-8.099415216692213,0.2700759327490365,1
5.0,44,RGB,5,16.9085800409317,15.342620391883846,True,5,14.396923909196166,0.9456964826876799,1
5.0,45,RGB,1,9.390091037750244,8.016604707183838,True,3,7.65001533382348,0.366589373360358,3
5.0,45,RGB,2,1.4736371040344238,0.3028119941711427,True,1,-0.00011884197075549416,0.3029308361418982,1
5.0,45,RGB,3,-15.056014144420624,-15.803680182323458,True,6,-15.74975450021323,0.05392568211022741,1
5.0,45,RGB,4,-6.853916966915131,-7.811556692562104,True,7,-8.099415216692213,0.28785852413010904,1
5.0,45,RGB,5,16.88409948348999,15.318766536712646,True,5,14.396923909196166,0.9218426275164795,1
5.0,46,RGB,1,9.397903561592102,8.024217230415344,True,3,7.65001533382348,0.3742018965918641,3
5.0,46,RGB,2,1.4846904516220092,0.3135823760604859,True,1,-0.00011884197075549416,0.3137012180312414,1
5.0,46,RGB,3,-15.040903186798095,-15.788956065216066,True,6,-15.74975450021323,0.03920156500283589,1
5.0,46,RGB,4,-6.853869259357452,-7.811510206317902,True,7,-8.099415216692213,0.2879050103743115,1
5.0,46,RGB,5,16.901478195190432,15.335700353393557,True,5,14.396923909196166,0.9387764441973907,1
5.0,47,RGB,1,9.383089542388916,8.00978245010376,True,3,7.65001533382348,0.35976711628028024,3
5.0,47,RGB,2,1.4725381851196289,0.30174120758056633,True,1,-0.00011884197075549416,0.30186004955132184,1
5.0,47,RGB,3,-15.054763877391816,-15.802461922130586,True,6,-15.74975450021323,0.052707421917356,1
5.0,47,RGB,4,-6.867015159130096,-7.824319571056366,True,7,-8.099415216692213,0.2750956456358473,1
5.0,47,RGB,5,16.903927731513978,15.338087181587222,True,5,14.396923909196166,0.941163272391055,1
5.0,48,RGB,1,9.385789132118225,8.012412930335998,True,3,7.65001533382348,0.3623975965125181,3
5.0,48,RGB,2,1.458176565170288,0.28774724510192873,True,1,-0.00011884197075549416,0.28786608707268424,1
5.0,48,RGB,3,-15.034009444713593,-15.782238802928926,True,6,-15.74975450021323,0.032484302715696245,1
5.0,48,RGB,4,-6.839652407169342,-7.7976573055458065,True,7,-8.099415216692213,0.3017579111464066,1
5.0,48,RGB,5,16.906137084960935,15.340239975585936,True,5,14.396923909196166,0.9433160663897695,1
5.0,49,RGB,1,9.387490153312683,8.014070405387878,True,3,7.65001533382348,0.3640550715643984,3
5.0,49,RGB,2,1.4778567552566528,0.3069236223220826,True,1,-0.00011884197075549416,0.3070424642928381,1
5.0,49,RGB,3,-15.03251734972,-15.78078490556717,True,6,-15.74975450021323,0.031030405353940083,1
5.0,49,RGB,4,-6.841457891464233,-7.799416569442749,True,7,-8.099415216692213,0.29999864724946423,1
5.0,49,RGB,5,16.914045023918153,15.347945471305847,True,5,14.396923909196166,0.9510215621096805,1
5.0,50,RGB,1,9.390655303001404,8.017154527244568,True,3,7.65001533382348,0.3671391934210879,3
5.0,50,RGB,2,1.4683448553085328,0.29765522701263447,True,1,-0.00011884197075549416,0.29777406898339,1
5.0,50,RGB,3,-15.069964492321015,-15.817273401317598,True,6,-15.74975450021323,0.06751890110436776,1
5.0,50,RGB,4,-6.857851195335388,-7.815390204734802,True,7,-8.099415216692213,0.2840250119574108,1
5.0,50,RGB,5,16.902621531486513,15.33681442028046,True,5,14.396923909196166,0.9398905110842932,1
5.0,51,RGB,1,9.373625349998473,8.000560541038512,True,3,7.65001533382348,0.35054520721503213,3
5.0,51,RGB,2,1.4714491367340088,0.30068003883361816,True,1,-0.00011884197075549416,0.30079888080437367,1
5.0,51,RGB,3,-15.039445638656616,-15.787535830307009,True,6,-15.74975450021323,0.03778133009377882,1
5.0,51,RGB,4,-6.871780157089233,-7.828962585067749,True,7,-8.099415216692213,0.2704526316244644,1
5.0,51,RGB,5,16.90600547790527,15.340111737670897,True,5,14.396923909196166,0.9431878284747306,1
5.0,52,RGB,1,9.386134600639343,8.012749554862976,True,3,7.65001533382348,0.3627342210394966,3
5.0,52,RGB,2,1.4748314380645753,0.30397575325012216,True,1,-0.00011884197075549416,0.3040945952208777,1
5.0,52,RGB,3,-15.026683866977692,-15.775100759983063,True,6,-15.74975450021323,0.02534625976983307,1
5.0,52,RGB,4,-6.8400513410568236,-7.7980460267257685,True,7,-8.099415216692213,0.3013691899664446,1
5.0,52,RGB,5,16.90336511135101,15.337538964500427,True,5,14.396923909196166,0.94061505530426,1
5.0,53,RGB,1,9.384790563583374,8.01143992515564,True,3,7.65001533382348,0.36142459133216054,3
5.0,53,RGB,2,1.4639376640319823,0.2933608598327637,True,1,-0.00011884197075549416,0.29347970180351923,1
5.0,53,RGB,3,-15.050865018367768,-15.798662873897554,True,6,-15.74975450021323,0.048908373684323436,1
5.0,53,RGB,4,-6.8425691485404965,-7.80049937833786,True,7,-8.099415216692213,0.2989158383543531,1
5.0,53,RGB,5,16.897648429870603,15.331968630065917,True,5,14.396923909196166,0.935044720869751,1
5.0,54,RGB,1,9.378364849090577,8.005178708953858,True,3,7.65001533382348,0.35516337513037843,3
5.0,54,RGB,2,1.4973971128463746,0.3259637467575074,True,1,-0.00011884197075549416,0.3260825887282629,1
5.0,54,RGB,3,-15.059920406341552,-15.80748644393921,True,6,-15.74975450021323,0.05773194372597956,1
5.0,54,RGB,4,-6.855937957763672,-7.813525946044922,True,7,-8.099415216692213,0.2858892706472913,1
5.0,54,RGB,5,16.898095893859864,15.332404638977051,True,5,14.396923909196166,0.9354807297808847,1
5.0,55,RGB,1,9.379238390922547,8.006029888114929,True,3,7.65001533382348,0.35601455429144924,3
5.0,55,RGB,2,1.4826982498168946,0.31164117462158214,True,1,-0.00011884197075549416,0.31176001659233765,1
5.0,55,RGB,3,-15.096823024749757,-15.843444355316164,True,6,-15.74975450021323,0.0936898551029337,1
5.0,55,RGB,4,-6.862420427799225,-7.819842464847564,True,7,-8.099415216692213,0.2795727518446487,1
5.0,55,RGB,5,16.908056902885438,15.342110646171571,True,5,14.396923909196166,0.9451867369754048,1
5.0,56,RGB,1,9.372881770133972,7.999835996818542,True,3,7.65001533382348,0.34982066299506265,3
5.0,56,RGB,2,1.4641235589981079,0.2935419958877563,True,1,-0.00011884197075549416,0.2936608378585118,1
5.0,56,RGB,3,-15.19343740940094,-15.937585411720276,True,6,-15.74975450021323,0.18783091150704578,1
5.0,56,RGB,4,-6.87628687620163,-7.833353932170868,True,7,-8.099415216692213,0.2660612845213448,1
5.0,56,RGB,5,16.91122040748596,15.34519316505432,True,5,14.396923909196166,0.948269255858154,1
5.0,57,RGB,1,9.39750051498413,8.023824501800537,True,3,7.65001533382348,0.37380916797705677,3
5.0,57,RGB,2,1.498821759223938,0.3273519221878052,True,1,-0.00011884197075549416,0.3274707641585607,1
5.0,57,RGB,3,-15.11903418302536,-15.865086907939911,True,6,-15.74975450021323,0.1153324077266813,1
5.0,57,RGB,4,-6.869197368621826,-7.826445915985108,True,7,-8.099415216692213,0.27296930070710523,1
5.0,57,RGB,5,16.907775592803954,15.341836537628174,True,5,14.396923909196166,0.9449126284320073,1
5.0,58,RGB,1,9.395501732826233,8.021876888465881,True,3,7.65001533382348,0.37186155464240134,3
5.0,58,RGB,2,1.502381730079651,0.33082075778961184,True,1,-0.00011884197075549416,0.33093959976036735,1
5.0,58,RGB,3,-15.116493344306946,-15.862611114692688,True,6,-15.74975450021323,0.11285661447945827,1
5.0,58,RGB,4,-6.873389053344726,-7.830530293579102,True,7,-8.099415216692213,0.2688849231131112,1
5.0,58,RGB,5,16.894489860534666,15.32889092010498,True,5,14.396923909196166,0.9319670109088136,1
5.0,59,RGB,1,9.395723819732666,8.02209328994751,True,3,7.65001533382348,0.3720779561240297,3
5.0,59,RGB,2,1.5362820625305176,0.36385324172973643,True,1,-0.00011884197075549416,0.36397208370049194,1
5.0,59,RGB,3,-15.020110094547272,-15.768695276126863,True,6,-15.74975450021323,0.018940775913632635,1
5.0,59,RGB,4,-6.826434123516083,-7.784777409954071,True,7,-8.099415216692213,0.31463780673814234,1
5.0,59,RGB,5,16.90403137207031,15.33818816894531,True,5,14.396923909196166,0.9412642597491434,1
5.0,60,RGB,1,9.405505514144897,8.031624572982787,True,3,7.65001533382348,0.38160923915930756,3
5.0,60,RGB,2,1.519077730178833,0.34708934028625493,True,1,-0.00011884197075549416,0.34720818225701044,1
5.0,60,RGB,3,-15.078709781169891,-15.825794810771944,True,6,-15.74975450021323,0.07604031055871374,1
5.0,60,RGB,4,-6.8682136058807375,-7.82548733757019,True,7,-8.099415216692213,0.27392787912202277,1
5.0,60,RGB,5,16.90516154766083,15.339289412040712,True,5,14.396923909196166,0.9423655028445452,1
5.0,61,RGB,1,9.400103044509887,8.026360406570433,True,3,7.65001533382348,0.37634507274695306,3
5.0,61,RGB,2,1.486542820930481,0.3153873247146608,True,1,-0.00011884197075549416,0.3155061666854163,1
5.0,61,RGB,3,-15.18623274564743,-15.930565187358857,True,6,-15.74975450021323,0.18081068714562676,1
5.0,61,RGB,4,-6.892608618736267,-7.8492578380966185,True,7,-8.099415216692213,0.2501573785955946,1
5.0,61,RGB,5,16.92709221839905,15.360658657608033,True,5,14.396923909196166,0.9637347484118663,1
5.0,62,RGB,1,9.370957016944885,7.997960517311097,True,3,7.65001533382348,0.34794518348761727,3
5.0,62,RGB,2,1.4746422529220582,0.3037914112472535,True,1,-0.00011884197075549416,0.303910253218009,1
5.0,62,RGB,3,-15.077960443496703,-15.825064656143189,True,6,-15.74975450021323,0.07531015592995871,1
5.0,62,RGB,4,-6.849092745780945,-7.806855971488953,True,7,-8.099415216692213,0.29255924520326015,1
5.0,62,RGB,5,16.904904913902282,15.339039348106384,True,5,14.396923909196166,0.9421154389102178,1
5.0,63,RGB,1,9.384900784492492,8.011547324409484,True,3,7.65001533382348,0.3615319905860046,3
5.0,63,RGB,2,1.4949706077575684,0.3235993601989746,True,1,-0.00011884197075549416,0.32371820216973013,1
5.0,63,RGB,3,-15.078824937343597,-15.825907018947603,True,6,-15.74975450021323,0.07615251873437323,1
5.0,63,RGB,4,-6.828325152397156,-7.786620028495789,True,7,-8.099415216692213,0.31279518819642416,1
5.0,63,RGB,5,16.91779582500458,15.351600251884461,True,5,14.396923909196166,0.9546763426882947,1
5.0,64,RGB,1,9.380630135536194,8.007386004066467,True,3,7.65001533382348,0.35737067024298685,3
5.0,64,RGB,2,1.4655284643173219,0.2949109356307984,True,1,-0.00011884197075549416,0.2950297776015539,1
5.0,64,RGB,3,-15.126437902450562,-15.87230109214783,True,6,-15.74975450021323,0.12254659193459894,1
5.0,64,RGB,4,-6.868540155887604,-7.825805527896881,True,7,-8.099415216692213,0.2736096887953323,1
5.0,64,RGB,5,16.912531542778016,15.346470735282898,True,5,14.396923909196166,0.9495468260867312,1
5.0,65,RGB,1,9.378256273269653,8.005072912673949,True,3,7.65001533382348,0.3550575788504693,3
5.0,65,RGB,2,1.4712040185928346,0.300441195716858,True,1,-0.00011884197075549416,0.3005600376876135,1
5.0,65,RGB,3,-15.101031982898713,-15.847545564136507,True,6,-15.74975450021323,0.09779106392327641,1
5.0,65,RGB,4,-6.872659456729889,-7.829819374637604,True,7,-8.099415216692213,0.26959584205460896,1
5.0,65,RGB,5,16.918652915954592,15.352435401306154,True,5,14.396923909196166,0.9555114921099879,1
5.0,66,RGB,1,9.386896276474,8.013491731796265,True,3,7.65001533382348,0.36347639797278486,3
5.0,66,RGB,2,1.5051652193069458,0.33353298969268796,True,1,-0.00011884197075549416,0.3336518316634435,1
5.0,66,RGB,3,-15.203753757476807,-15.947637661285402,True,6,-15.74975450021323,0.19788316107217163,1
5.0,66,RGB,4,-6.884692454338074,-7.84154432750702,True,7,-8.099415216692213,0.2578708891851935,1
5.0,66,RGB,5,16.916170477867126,15.350016513633728,True,5,14.396923909196166,0.9530926044375612,1
5.0,67,RGB,1,9.38504226207733,8.01168518016815,True,3,7.65001533382348,0.3616698463446708,3
5.0,67,RGB,2,1.4850342750549317,0.31391739761352544,True,1,-0.00011884197075549416,0.31403623958428095,1
5.0,67,RGB,3,-15.157829475402831,-15.90288904083252,True,6,-15.74975450021323,0.15313454061928944,1
5.0,67,RGB,4,-6.877528095245362,-7.834563376007081,True,7,-8.099415216692213,0.26485184068513234,1
5.0,67,RGB,5,16.916652488708497,15.350486184997559,True,5,14.396923909196166,0.9535622758013922,1
5.0,68,RGB,1,9.372560977935791,7.999523416900636,True,3,7.65001533382348,0.349508083077156,3
5.0,68,RGB,2,1.4634819746017456,0.29291683605194097,True,1,-0.00011884197075549416,0.2930356780226965,1
5.0,68,RGB,3,-15.30696988105774,-16.048211452102663,True,6,-15.74975450021323,0.2984569518894329,1
5.0,68,RGB,4,-6.911919486522675,-7.868074347667695,True,7,-8.099415216692213,0.23134086902451845,1
5.0,68,RGB,5,16.901312041282655,15.335538453025817,True,5,14.396923909196166,0.9386145438296509,1
5.0,69,RGB,1,9.37599756717682,8.002872029457093,True,3,7.65001533382348,0.352856695633613,3
5.0,69,RGB,2,1.4507062196731568,0.2804681404495242,True,1,-0.00011884197075549416,0.2805869824202797,1
5.0,69,RGB,3,-15.202981388568878,-15.946885065021515,True,6,-15.74975450021323,0.19713056480828506,1
5.0,69,RGB,4,-6.887431526184082,-7.84421327911377,True,7,-8.099415216692213,0.2552019375784429,1
5.0,69,RGB,5,16.915681886672974,15.349540430374146,True,5,14.396923909196166,0.9526165211779798,1
5.0,70,RGB,1,9.381367135047913,8.008104136390687,True,3,7.65001533382348,0.3580888025672069,3
5.0,70,RGB,2,1.4458038568496705,0.27569127811431904,True,1,-0.00011884197075549416,0.27581012008507455,1
5.0,70,RGB,3,-15.30286374092102,-16.044210429153445,True,6,-15.74975450021323,0.29445592894021466,1
5.0,70,RGB,4,-6.898453617095948,-7.854953204498291,True,7,-8.099415216692213,0.24446201219392183,1
5.0,70,RGB,5,16.921260380744936,15.354976114997866,True,5,14.396923909196166,0.9580522058016996,1
5.0,71,RGB,1,9.39793152809143,8.024244480972289,True,3,7.65001533382348,0.3742291471488093,3
5.0,71,RGB,2,1.445897626876831,0.27578264762878435,True,1,-0.00011884197075549416,0.27590148959953986,1
5.0,71,RGB,3,-15.283147358894348,-16.024998786506654,True,6,-15.74975450021323,0.27524428629342346,1
5.0,71,RGB,4,-6.897549641132355,-7.854072370319367,True,7,-8.099415216692213,0.24534284637284642,1
5.0,71,RGB,5,16.90271530151367,15.33690578979492,True,5,14.396923909196166,0.9399818805987543,1
5.0,72,RGB,1,9.387263131141662,8.013849194984434,True,3,7.65001533382348,0.3638338611609546,3
5.0,72,RGB,2,1.44886372089386,0.2786728096389772,True,1,-0.00011884197075549416,0.27879165160973274,1
5.0,72,RGB,3,-15.318075048923493,-16.05903232767105,True,6,-15.74975450021323,0.3092778274578212,1
5.0,72,RGB,4,-6.88805912733078,-7.844824813671112,True,7,-8.099415216692213,0.25459040302110125,1
5.0,72,RGB,5,16.920962619781495,15.354685976715087,True,5,14.396923909196166,0.9577620675189209,1
5.0,73,RGB,1,9.39993360042572,8.026195300254821,True,3,7.65001533382348,0.37617996643134166,3
5.0,73,RGB,2,1.4450520515441894,0.2749587190246583,True,1,-0.00011884197075549416,0.2750775609954138,1
5.0,73,RGB,3,-15.251313257217408,-15.993979637832643,True,6,-15.74975450021323,0.2442251376194129,1
5.0,73,RGB,4,-6.908874428272247,-7.865107242908477,True,7,-8.099415216692213,0.2343079737837357,1
5.0,73,RGB,5,16.90228099822998,15.336482604675291,True,5,14.396923909196166,0.9395586954791249,1
5.0,74,RGB,1,9.409233283996581,8.035256911926268,True,3,7.65001533382348,0.3852415781027885,3
5.0,74,RGB,2,1.4651319980621338,0.2945246189117432,True,1,-0.00011884197075549416,0.2946434608824987,1
5.0,74,RGB,3,-15.243725287914277,-15.986585920543673,True,6,-15.74975450021323,0.2368314203304429,1
5.0,74,RGB,4,-6.9009607315063475,-7.857396136779785,True,7,-8.099415216692213,0.24201907991242777,1
5.0,74,RGB,5,16.90462853908539,15.338770048484806,True,5,14.396923909196166,0.9418461392886393,1
5.0,75,RGB,1,9.391568326950074,8.018044177780151,True,3,7.65001533382348,0.36802884395667146,3
5.0,75,RGB,2,1.4426765441894531,0.27264402465820314,True,1,-0.00011884197075549416,0.27276286662895866,1
5.0,75,RGB,3,-15.208776211738586,-15.952531540718079,True,6,-15.74975450021323,0.20277704050484857,1
5.0,75,RGB,4,-6.889218091964722,-7.8459541088104245,True,7,-8.099415216692213,0.25346110788178855,1
5.0,75,RGB,5,16.900257539749145,15.334510946731568,True,5,14.396923909196166,0.9375870375354012,1
5.0,76,RGB,1,9.391390657424926,8.017871056594847,True,3,7.65001533382348,0.3678557227713677,3
5.0,76,RGB,2,1.469662570953369,0.2989392091369629,True,1,-0.00011884197075549416,0.29905805110771844,1
5.0,76,RGB,3,-15.255031156539918,-15.997602358932497,True,6,-15.74975450021323,0.2478478587192665,1
5.0,76,RGB,4,-6.900228667259216,-7.85668281337738,True,7,-8.099415216692213,0.24273240331483326,1
5.0,76,RGB,5,16.90142061710358,15.335644249305728,True,5,14.396923909196166,0.9387203401095618,1
5.0,77,RGB,1,9.389386940002442,8.01591863433838,True,3,7.65001533382348,0.3659033005149004,3
5.0,77,RGB,2,1.4784210205078125,0.3074734423828127,True,1,-0.00011884197075549416,0.3075922843535682,1
5.0,77,RGB,3,-15.385767960548401,-16.12499230075836,True,6,-15.74975450021323,0.3752378005451309,1
5.0,77,RGB,4,-6.886549758911133,-7.843354085083008,True,7,-8.099415216692213,0.2560611316092052,1
5.0,77,RGB,5,16.910101747512815,15.344103142776488,True,5,14.396923909196166,0.9471792335803215,1
